Timing Analyzer report for DivSec
Sun Nov 24 21:45:21 2024
Quartus Prime Version 23.1std.1 Build 993 05/14/2024 SC Lite Edition


---------------------
; Table of Contents ;
---------------------
  1. Legal Notice
  2. Timing Analyzer Summary
  3. Parallel Compilation
  4. Clocks
  5. Slow 1200mV 85C Model Fmax Summary
  6. Timing Closure Recommendations
  7. Slow 1200mV 85C Model Setup Summary
  8. Slow 1200mV 85C Model Hold Summary
  9. Slow 1200mV 85C Model Recovery Summary
 10. Slow 1200mV 85C Model Removal Summary
 11. Slow 1200mV 85C Model Minimum Pulse Width Summary
 12. Slow 1200mV 85C Model Setup: 'CLK'
 13. Slow 1200mV 85C Model Hold: 'CLK'
 14. Slow 1200mV 85C Model Recovery: 'CLK'
 15. Slow 1200mV 85C Model Removal: 'CLK'
 16. Slow 1200mV 85C Model Metastability Summary
 17. Slow 1200mV 0C Model Fmax Summary
 18. Slow 1200mV 0C Model Setup Summary
 19. Slow 1200mV 0C Model Hold Summary
 20. Slow 1200mV 0C Model Recovery Summary
 21. Slow 1200mV 0C Model Removal Summary
 22. Slow 1200mV 0C Model Minimum Pulse Width Summary
 23. Slow 1200mV 0C Model Setup: 'CLK'
 24. Slow 1200mV 0C Model Hold: 'CLK'
 25. Slow 1200mV 0C Model Recovery: 'CLK'
 26. Slow 1200mV 0C Model Removal: 'CLK'
 27. Slow 1200mV 0C Model Metastability Summary
 28. Fast 1200mV 0C Model Setup Summary
 29. Fast 1200mV 0C Model Hold Summary
 30. Fast 1200mV 0C Model Recovery Summary
 31. Fast 1200mV 0C Model Removal Summary
 32. Fast 1200mV 0C Model Minimum Pulse Width Summary
 33. Fast 1200mV 0C Model Setup: 'CLK'
 34. Fast 1200mV 0C Model Hold: 'CLK'
 35. Fast 1200mV 0C Model Recovery: 'CLK'
 36. Fast 1200mV 0C Model Removal: 'CLK'
 37. Fast 1200mV 0C Model Metastability Summary
 38. Multicorner Timing Analysis Summary
 39. Board Trace Model Assignments
 40. Input Transition Times
 41. Signal Integrity Metrics (Slow 1200mv 0c Model)
 42. Signal Integrity Metrics (Slow 1200mv 85c Model)
 43. Signal Integrity Metrics (Fast 1200mv 0c Model)
 44. Setup Transfers
 45. Hold Transfers
 46. Recovery Transfers
 47. Removal Transfers
 48. Report TCCS
 49. Report RSKM
 50. Unconstrained Paths Summary
 51. Clock Status Summary
 52. Unconstrained Input Ports
 53. Unconstrained Output Ports
 54. Unconstrained Input Ports
 55. Unconstrained Output Ports
 56. Timing Analyzer Messages



----------------
; Legal Notice ;
----------------
Copyright (C) 2024  Intel Corporation. All rights reserved.
Your use of Intel Corporation's design tools, logic functions 
and other software and tools, and any partner logic 
functions, and any output files from any of the foregoing 
(including device programming or simulation files), and any 
associated documentation or information are expressly subject 
to the terms and conditions of the Intel Program License 
Subscription Agreement, the Intel Quartus Prime License Agreement,
the Intel FPGA IP License Agreement, or other applicable license
agreement, including, without limitation, that your use is for
the sole purpose of programming logic devices manufactured by
Intel and sold by Intel or its authorized distributors.  Please
refer to the applicable agreement for further details, at
https://fpgasoftware.intel.com/eula.



+--------------------------------------------------------------------------------+
; Timing Analyzer Summary                                                        ;
+-----------------------+--------------------------------------------------------+
; Quartus Prime Version ; Version 23.1std.1 Build 993 05/14/2024 SC Lite Edition ;
; Timing Analyzer       ; Legacy Timing Analyzer                                 ;
; Revision Name         ; DivSec                                                 ;
; Device Family         ; Cyclone IV E                                           ;
; Device Name           ; EP4CE115F29C7                                          ;
; Timing Models         ; Final                                                  ;
; Delay Model           ; Combined                                               ;
; Rise/Fall Delays      ; Enabled                                                ;
+-----------------------+--------------------------------------------------------+


+------------------------------------------+
; Parallel Compilation                     ;
+----------------------------+-------------+
; Processors                 ; Number      ;
+----------------------------+-------------+
; Number detected on machine ; 12          ;
; Maximum allowed            ; 6           ;
;                            ;             ;
; Average used               ; 1.47        ;
; Maximum used               ; 6           ;
;                            ;             ;
; Usage by Processor         ; % Time Used ;
;     Processor 1            ; 100.0%      ;
;     Processor 2            ;  21.5%      ;
;     Processor 3            ;   9.3%      ;
;     Processor 4            ;   6.7%      ;
;     Processors 5-6         ;   4.9%      ;
+----------------------------+-------------+


+---------------------------------------------------------------------------------------------------------------------------------------------------------------------------------+
; Clocks                                                                                                                                                                          ;
+------------+------+--------+------------+-------+-------+------------+-----------+-------------+-------+--------+-----------+------------+----------+--------+--------+---------+
; Clock Name ; Type ; Period ; Frequency  ; Rise  ; Fall  ; Duty Cycle ; Divide by ; Multiply by ; Phase ; Offset ; Edge List ; Edge Shift ; Inverted ; Master ; Source ; Targets ;
+------------+------+--------+------------+-------+-------+------------+-----------+-------------+-------+--------+-----------+------------+----------+--------+--------+---------+
; CLK        ; Base ; 1.000  ; 1000.0 MHz ; 0.000 ; 0.500 ;            ;           ;             ;       ;        ;           ;            ;          ;        ;        ; { CLK } ;
+------------+------+--------+------------+-------+-------+------------+-----------+-------------+-------+--------+-----------+------------+----------+--------+--------+---------+


+--------------------------------------------------+
; Slow 1200mV 85C Model Fmax Summary               ;
+------------+-----------------+------------+------+
; Fmax       ; Restricted Fmax ; Clock Name ; Note ;
+------------+-----------------+------------+------+
; 157.11 MHz ; 157.11 MHz      ; CLK        ;      ;
+------------+-----------------+------------+------+
This panel reports FMAX for every clock in the design, regardless of the user-specified clock periods.  FMAX is only computed for paths where the source and destination registers or ports are driven by the same clock.  Paths of different clocks, including generated clocks, are ignored.  For paths between a clock and its inversion, FMAX is computed as if the rising and falling edges are scaled along with FMAX, such that the duty cycle (in terms of a percentage) is maintained. Altera recommends that you always use clock constraints and other slack reports for sign-off analysis.


----------------------------------
; Timing Closure Recommendations ;
----------------------------------
HTML report is unavailable in plain text report export.


+-------------------------------------+
; Slow 1200mV 85C Model Setup Summary ;
+-------+--------+--------------------+
; Clock ; Slack  ; End Point TNS      ;
+-------+--------+--------------------+
; CLK   ; -5.365 ; -6149.546          ;
+-------+--------+--------------------+


+------------------------------------+
; Slow 1200mV 85C Model Hold Summary ;
+-------+-------+--------------------+
; Clock ; Slack ; End Point TNS      ;
+-------+-------+--------------------+
; CLK   ; 0.411 ; 0.000              ;
+-------+-------+--------------------+


+----------------------------------------+
; Slow 1200mV 85C Model Recovery Summary ;
+-------+--------+-----------------------+
; Clock ; Slack  ; End Point TNS         ;
+-------+--------+-----------------------+
; CLK   ; -0.975 ; -3.900                ;
+-------+--------+-----------------------+


+---------------------------------------+
; Slow 1200mV 85C Model Removal Summary ;
+-------+-------+-----------------------+
; Clock ; Slack ; End Point TNS         ;
+-------+-------+-----------------------+
; CLK   ; 1.406 ; 0.000                 ;
+-------+-------+-----------------------+


+---------------------------------------------------+
; Slow 1200mV 85C Model Minimum Pulse Width Summary ;
+-------+--------+----------------------------------+
; Clock ; Slack  ; End Point TNS                    ;
+-------+--------+----------------------------------+
; CLK   ; -3.000 ; -7775.541                        ;
+-------+--------+----------------------------------+


+--------------------------------------------------------------------------------------------------------------------------------------------------------------------------------------------------+
; Slow 1200mV 85C Model Setup: 'CLK'                                                                                                                                                               ;
+--------+----------------------------------------------------------------------------------------------------+--------------+--------------+-------------+--------------+------------+------------+
; Slack  ; From Node                                                                                          ; To Node      ; Launch Clock ; Latch Clock ; Relationship ; Clock Skew ; Data Delay ;
+--------+----------------------------------------------------------------------------------------------------+--------------+--------------+-------------+--------------+------------+------------+
; -5.365 ; ACCU[43][6]                                                                                        ; ACCU[42][10] ; CLK          ; CLK         ; 1.000        ; -0.085     ; 6.278      ;
; -5.208 ; M[23][1]                                                                                           ; ACCU[22][0]  ; CLK          ; CLK         ; 1.000        ; -0.081     ; 6.125      ;
; -5.208 ; M[23][1]                                                                                           ; ACCU[22][1]  ; CLK          ; CLK         ; 1.000        ; -0.081     ; 6.125      ;
; -5.208 ; M[23][1]                                                                                           ; ACCU[22][2]  ; CLK          ; CLK         ; 1.000        ; -0.081     ; 6.125      ;
; -5.208 ; M[23][1]                                                                                           ; ACCU[22][5]  ; CLK          ; CLK         ; 1.000        ; -0.081     ; 6.125      ;
; -5.208 ; M[23][1]                                                                                           ; ACCU[22][8]  ; CLK          ; CLK         ; 1.000        ; -0.081     ; 6.125      ;
; -5.208 ; M[23][1]                                                                                           ; ACCU[22][9]  ; CLK          ; CLK         ; 1.000        ; -0.081     ; 6.125      ;
; -5.173 ; M[43][9]                                                                                           ; ACCU[42][10] ; CLK          ; CLK         ; 1.000        ; -0.085     ; 6.086      ;
; -5.172 ; ACCU[43][3]                                                                                        ; ACCU[42][10] ; CLK          ; CLK         ; 1.000        ; -0.085     ; 6.085      ;
; -5.124 ; ACCU[43][10]                                                                                       ; ACCU[42][10] ; CLK          ; CLK         ; 1.000        ; -0.085     ; 6.037      ;
; -5.105 ; ACCU[43][7]                                                                                        ; ACCU[42][10] ; CLK          ; CLK         ; 1.000        ; -0.085     ; 6.018      ;
; -5.092 ; ACCU[43][4]                                                                                        ; ACCU[42][10] ; CLK          ; CLK         ; 1.000        ; -0.085     ; 6.005      ;
; -5.070 ; M[31][3]                                                                                           ; ACCU[30][10] ; CLK          ; CLK         ; 1.000        ; -0.057     ; 6.011      ;
; -4.993 ; M[17][3]                                                                                           ; ACCU[16][1]  ; CLK          ; CLK         ; 1.000        ; -0.083     ; 5.908      ;
; -4.993 ; M[17][3]                                                                                           ; ACCU[16][2]  ; CLK          ; CLK         ; 1.000        ; -0.083     ; 5.908      ;
; -4.993 ; M[17][3]                                                                                           ; ACCU[16][5]  ; CLK          ; CLK         ; 1.000        ; -0.083     ; 5.908      ;
; -4.993 ; M[17][3]                                                                                           ; ACCU[16][6]  ; CLK          ; CLK         ; 1.000        ; -0.083     ; 5.908      ;
; -4.993 ; M[17][3]                                                                                           ; ACCU[16][14] ; CLK          ; CLK         ; 1.000        ; -0.083     ; 5.908      ;
; -4.992 ; M[25][9]                                                                                           ; ACCU[24][7]  ; CLK          ; CLK         ; 1.000        ; -0.081     ; 5.909      ;
; -4.985 ; M[43][10]                                                                                          ; ACCU[42][10] ; CLK          ; CLK         ; 1.000        ; -0.080     ; 5.903      ;
; -4.985 ; ACCU[43][6]                                                                                        ; ACCU[42][0]  ; CLK          ; CLK         ; 1.000        ; 0.295      ; 6.278      ;
; -4.985 ; ACCU[43][6]                                                                                        ; ACCU[42][1]  ; CLK          ; CLK         ; 1.000        ; 0.295      ; 6.278      ;
; -4.985 ; ACCU[43][6]                                                                                        ; ACCU[42][2]  ; CLK          ; CLK         ; 1.000        ; 0.295      ; 6.278      ;
; -4.985 ; ACCU[43][6]                                                                                        ; ACCU[42][3]  ; CLK          ; CLK         ; 1.000        ; 0.295      ; 6.278      ;
; -4.985 ; ACCU[43][6]                                                                                        ; ACCU[42][4]  ; CLK          ; CLK         ; 1.000        ; 0.295      ; 6.278      ;
; -4.985 ; ACCU[43][6]                                                                                        ; ACCU[42][5]  ; CLK          ; CLK         ; 1.000        ; 0.295      ; 6.278      ;
; -4.985 ; ACCU[43][6]                                                                                        ; ACCU[42][6]  ; CLK          ; CLK         ; 1.000        ; 0.295      ; 6.278      ;
; -4.985 ; ACCU[43][6]                                                                                        ; ACCU[42][7]  ; CLK          ; CLK         ; 1.000        ; 0.295      ; 6.278      ;
; -4.985 ; ACCU[43][6]                                                                                        ; ACCU[42][8]  ; CLK          ; CLK         ; 1.000        ; 0.295      ; 6.278      ;
; -4.985 ; ACCU[43][6]                                                                                        ; ACCU[42][9]  ; CLK          ; CLK         ; 1.000        ; 0.295      ; 6.278      ;
; -4.985 ; ACCU[43][6]                                                                                        ; ACCU[42][11] ; CLK          ; CLK         ; 1.000        ; 0.295      ; 6.278      ;
; -4.985 ; ACCU[43][6]                                                                                        ; ACCU[42][12] ; CLK          ; CLK         ; 1.000        ; 0.295      ; 6.278      ;
; -4.985 ; ACCU[43][6]                                                                                        ; ACCU[42][13] ; CLK          ; CLK         ; 1.000        ; 0.295      ; 6.278      ;
; -4.985 ; ACCU[43][6]                                                                                        ; ACCU[42][14] ; CLK          ; CLK         ; 1.000        ; 0.295      ; 6.278      ;
; -4.972 ; ACCU[25][5]                                                                                        ; ACCU[24][7]  ; CLK          ; CLK         ; 1.000        ; -0.081     ; 5.889      ;
; -4.968 ; M[43][13]                                                                                          ; ACCU[42][10] ; CLK          ; CLK         ; 1.000        ; -0.082     ; 5.884      ;
; -4.967 ; ACCU[17][7]                                                                                        ; ACCU[16][1]  ; CLK          ; CLK         ; 1.000        ; -0.083     ; 5.882      ;
; -4.967 ; ACCU[17][7]                                                                                        ; ACCU[16][2]  ; CLK          ; CLK         ; 1.000        ; -0.083     ; 5.882      ;
; -4.967 ; ACCU[17][7]                                                                                        ; ACCU[16][5]  ; CLK          ; CLK         ; 1.000        ; -0.083     ; 5.882      ;
; -4.967 ; ACCU[17][7]                                                                                        ; ACCU[16][6]  ; CLK          ; CLK         ; 1.000        ; -0.083     ; 5.882      ;
; -4.967 ; ACCU[17][7]                                                                                        ; ACCU[16][14] ; CLK          ; CLK         ; 1.000        ; -0.083     ; 5.882      ;
; -4.962 ; altshift_taps:SignNum_rtl_0|shift_taps_ikm:auto_generated|altsyncram_c2b1:altsyncram2|ram_block5a3 ; ACCU[0][1]   ; CLK          ; CLK         ; 1.000        ; -0.405     ; 5.555      ;
; -4.962 ; altshift_taps:SignNum_rtl_0|shift_taps_ikm:auto_generated|altsyncram_c2b1:altsyncram2|ram_block5a3 ; ACCU[0][2]   ; CLK          ; CLK         ; 1.000        ; -0.405     ; 5.555      ;
; -4.948 ; ACCU[9][0]                                                                                         ; ACCU[8][3]   ; CLK          ; CLK         ; 1.000        ; -0.077     ; 5.869      ;
; -4.922 ; M[19][0]                                                                                           ; ACCU[18][4]  ; CLK          ; CLK         ; 1.000        ; -0.072     ; 5.848      ;
; -4.922 ; ACCU[17][4]                                                                                        ; ACCU[16][1]  ; CLK          ; CLK         ; 1.000        ; -0.083     ; 5.837      ;
; -4.922 ; ACCU[17][4]                                                                                        ; ACCU[16][2]  ; CLK          ; CLK         ; 1.000        ; -0.083     ; 5.837      ;
; -4.922 ; ACCU[17][4]                                                                                        ; ACCU[16][5]  ; CLK          ; CLK         ; 1.000        ; -0.083     ; 5.837      ;
; -4.922 ; ACCU[17][4]                                                                                        ; ACCU[16][6]  ; CLK          ; CLK         ; 1.000        ; -0.083     ; 5.837      ;
; -4.922 ; ACCU[17][4]                                                                                        ; ACCU[16][14] ; CLK          ; CLK         ; 1.000        ; -0.083     ; 5.837      ;
; -4.906 ; M[25][0]                                                                                           ; ACCU[24][7]  ; CLK          ; CLK         ; 1.000        ; -0.081     ; 5.823      ;
; -4.900 ; M[23][1]                                                                                           ; ACCU[22][20] ; CLK          ; CLK         ; 1.000        ; -0.069     ; 5.829      ;
; -4.900 ; M[23][1]                                                                                           ; ACCU[22][26] ; CLK          ; CLK         ; 1.000        ; -0.069     ; 5.829      ;
; -4.900 ; M[23][1]                                                                                           ; ACCU[22][30] ; CLK          ; CLK         ; 1.000        ; -0.069     ; 5.829      ;
; -4.897 ; ACCU[31][2]                                                                                        ; ACCU[30][10] ; CLK          ; CLK         ; 1.000        ; -0.079     ; 5.816      ;
; -4.894 ; M[61][5]                                                                                           ; ACCU[60][4]  ; CLK          ; CLK         ; 1.000        ; -0.079     ; 5.813      ;
; -4.889 ; M[31][6]                                                                                           ; ACCU[30][10] ; CLK          ; CLK         ; 1.000        ; -0.075     ; 5.812      ;
; -4.880 ; M[19][4]                                                                                           ; ACCU[18][4]  ; CLK          ; CLK         ; 1.000        ; -0.080     ; 5.798      ;
; -4.872 ; M[23][3]                                                                                           ; ACCU[22][0]  ; CLK          ; CLK         ; 1.000        ; -0.082     ; 5.788      ;
; -4.872 ; M[23][3]                                                                                           ; ACCU[22][1]  ; CLK          ; CLK         ; 1.000        ; -0.082     ; 5.788      ;
; -4.872 ; M[23][3]                                                                                           ; ACCU[22][2]  ; CLK          ; CLK         ; 1.000        ; -0.082     ; 5.788      ;
; -4.872 ; M[23][3]                                                                                           ; ACCU[22][5]  ; CLK          ; CLK         ; 1.000        ; -0.082     ; 5.788      ;
; -4.872 ; M[23][3]                                                                                           ; ACCU[22][8]  ; CLK          ; CLK         ; 1.000        ; -0.082     ; 5.788      ;
; -4.872 ; M[23][3]                                                                                           ; ACCU[22][9]  ; CLK          ; CLK         ; 1.000        ; -0.082     ; 5.788      ;
; -4.863 ; M[19][0]                                                                                           ; ACCU[18][28] ; CLK          ; CLK         ; 1.000        ; 0.298      ; 6.159      ;
; -4.863 ; M[19][0]                                                                                           ; ACCU[18][29] ; CLK          ; CLK         ; 1.000        ; 0.298      ; 6.159      ;
; -4.863 ; M[19][0]                                                                                           ; ACCU[18][30] ; CLK          ; CLK         ; 1.000        ; 0.298      ; 6.159      ;
; -4.863 ; M[19][0]                                                                                           ; ACCU[18][15] ; CLK          ; CLK         ; 1.000        ; 0.298      ; 6.159      ;
; -4.863 ; M[19][0]                                                                                           ; ACCU[18][16] ; CLK          ; CLK         ; 1.000        ; 0.298      ; 6.159      ;
; -4.863 ; M[19][0]                                                                                           ; ACCU[18][17] ; CLK          ; CLK         ; 1.000        ; 0.298      ; 6.159      ;
; -4.863 ; M[19][0]                                                                                           ; ACCU[18][18] ; CLK          ; CLK         ; 1.000        ; 0.298      ; 6.159      ;
; -4.863 ; M[19][0]                                                                                           ; ACCU[18][19] ; CLK          ; CLK         ; 1.000        ; 0.298      ; 6.159      ;
; -4.863 ; M[19][0]                                                                                           ; ACCU[18][20] ; CLK          ; CLK         ; 1.000        ; 0.298      ; 6.159      ;
; -4.863 ; M[19][0]                                                                                           ; ACCU[18][21] ; CLK          ; CLK         ; 1.000        ; 0.298      ; 6.159      ;
; -4.863 ; M[19][0]                                                                                           ; ACCU[18][22] ; CLK          ; CLK         ; 1.000        ; 0.298      ; 6.159      ;
; -4.863 ; M[19][0]                                                                                           ; ACCU[18][23] ; CLK          ; CLK         ; 1.000        ; 0.298      ; 6.159      ;
; -4.863 ; M[19][0]                                                                                           ; ACCU[18][24] ; CLK          ; CLK         ; 1.000        ; 0.298      ; 6.159      ;
; -4.863 ; M[19][0]                                                                                           ; ACCU[18][25] ; CLK          ; CLK         ; 1.000        ; 0.298      ; 6.159      ;
; -4.863 ; M[19][0]                                                                                           ; ACCU[18][26] ; CLK          ; CLK         ; 1.000        ; 0.298      ; 6.159      ;
; -4.863 ; M[19][0]                                                                                           ; ACCU[18][27] ; CLK          ; CLK         ; 1.000        ; 0.298      ; 6.159      ;
; -4.857 ; M[25][12]                                                                                          ; ACCU[24][7]  ; CLK          ; CLK         ; 1.000        ; -0.078     ; 5.777      ;
; -4.853 ; M[61][8]                                                                                           ; ACCU[60][4]  ; CLK          ; CLK         ; 1.000        ; -0.063     ; 5.788      ;
; -4.850 ; M[29][10]                                                                                          ; ACCU[28][3]  ; CLK          ; CLK         ; 1.000        ; -0.084     ; 5.764      ;
; -4.850 ; M[29][10]                                                                                          ; ACCU[28][4]  ; CLK          ; CLK         ; 1.000        ; -0.084     ; 5.764      ;
; -4.850 ; M[29][10]                                                                                          ; ACCU[28][7]  ; CLK          ; CLK         ; 1.000        ; -0.084     ; 5.764      ;
; -4.850 ; M[29][10]                                                                                          ; ACCU[28][8]  ; CLK          ; CLK         ; 1.000        ; -0.084     ; 5.764      ;
; -4.850 ; M[29][10]                                                                                          ; ACCU[28][10] ; CLK          ; CLK         ; 1.000        ; -0.084     ; 5.764      ;
; -4.850 ; M[29][10]                                                                                          ; ACCU[28][12] ; CLK          ; CLK         ; 1.000        ; -0.084     ; 5.764      ;
; -4.847 ; ACCU[9][3]                                                                                         ; ACCU[8][3]   ; CLK          ; CLK         ; 1.000        ; -0.081     ; 5.764      ;
; -4.833 ; ACCU[43][8]                                                                                        ; ACCU[42][10] ; CLK          ; CLK         ; 1.000        ; -0.085     ; 5.746      ;
; -4.830 ; M[23][1]                                                                                           ; ACCU[22][3]  ; CLK          ; CLK         ; 1.000        ; 0.297      ; 6.125      ;
; -4.830 ; M[23][1]                                                                                           ; ACCU[22][4]  ; CLK          ; CLK         ; 1.000        ; 0.297      ; 6.125      ;
; -4.830 ; M[23][1]                                                                                           ; ACCU[22][6]  ; CLK          ; CLK         ; 1.000        ; 0.297      ; 6.125      ;
; -4.830 ; M[23][1]                                                                                           ; ACCU[22][7]  ; CLK          ; CLK         ; 1.000        ; 0.297      ; 6.125      ;
; -4.830 ; M[23][1]                                                                                           ; ACCU[22][10] ; CLK          ; CLK         ; 1.000        ; 0.297      ; 6.125      ;
; -4.830 ; M[23][1]                                                                                           ; ACCU[22][11] ; CLK          ; CLK         ; 1.000        ; 0.297      ; 6.125      ;
; -4.830 ; M[23][1]                                                                                           ; ACCU[22][12] ; CLK          ; CLK         ; 1.000        ; 0.297      ; 6.125      ;
; -4.830 ; M[23][1]                                                                                           ; ACCU[22][13] ; CLK          ; CLK         ; 1.000        ; 0.297      ; 6.125      ;
; -4.830 ; M[23][1]                                                                                           ; ACCU[22][14] ; CLK          ; CLK         ; 1.000        ; 0.297      ; 6.125      ;
; -4.829 ; M[55][3]                                                                                           ; ACCU[54][0]  ; CLK          ; CLK         ; 1.000        ; -0.082     ; 5.745      ;
+--------+----------------------------------------------------------------------------------------------------+--------------+--------------+-------------+--------------+------------+------------+


+--------------------------------------------------------------------------------------------------------+
; Slow 1200mV 85C Model Hold: 'CLK'                                                                      ;
+-------+------------+-------------+--------------+-------------+--------------+------------+------------+
; Slack ; From Node  ; To Node     ; Launch Clock ; Latch Clock ; Relationship ; Clock Skew ; Data Delay ;
+-------+------------+-------------+--------------+-------------+--------------+------------+------------+
; 0.411 ; Q[26][0]   ; Q[25][1]    ; CLK          ; CLK         ; 0.000        ; 0.098      ; 0.695      ;
; 0.412 ; Q[40][0]   ; Q[39][1]    ; CLK          ; CLK         ; 0.000        ; 0.098      ; 0.696      ;
; 0.412 ; Q[2][0]    ; Q[1][1]     ; CLK          ; CLK         ; 0.000        ; 0.099      ; 0.697      ;
; 0.412 ; M[4][15]   ; M[3][15]    ; CLK          ; CLK         ; 0.000        ; 0.097      ; 0.695      ;
; 0.413 ; Q[22][0]   ; Q[21][1]    ; CLK          ; CLK         ; 0.000        ; 0.098      ; 0.697      ;
; 0.415 ; Q[42][0]   ; Q[41][1]    ; CLK          ; CLK         ; 0.000        ; 0.096      ; 0.697      ;
; 0.415 ; Q[18][0]   ; Q[17][1]    ; CLK          ; CLK         ; 0.000        ; 0.097      ; 0.698      ;
; 0.418 ; ACCU[6][9] ; ACCU[5][10] ; CLK          ; CLK         ; 0.000        ; 0.552      ; 1.156      ;
; 0.427 ; Q[4][0]    ; Q[3][1]     ; CLK          ; CLK         ; 0.000        ; 0.082      ; 0.695      ;
; 0.427 ; M[20][26]  ; M[19][26]   ; CLK          ; CLK         ; 0.000        ; 0.082      ; 0.695      ;
; 0.427 ; M[20][21]  ; M[19][21]   ; CLK          ; CLK         ; 0.000        ; 0.081      ; 0.694      ;
; 0.427 ; M[20][18]  ; M[19][18]   ; CLK          ; CLK         ; 0.000        ; 0.082      ; 0.695      ;
; 0.427 ; M[26][26]  ; M[25][26]   ; CLK          ; CLK         ; 0.000        ; 0.082      ; 0.695      ;
; 0.427 ; M[26][20]  ; M[25][20]   ; CLK          ; CLK         ; 0.000        ; 0.081      ; 0.694      ;
; 0.427 ; M[48][28]  ; M[47][28]   ; CLK          ; CLK         ; 0.000        ; 0.081      ; 0.694      ;
; 0.428 ; Q[7][3]    ; Q[6][3]     ; CLK          ; CLK         ; 0.000        ; 0.081      ; 0.695      ;
; 0.428 ; Q[3][1]    ; Q[2][1]     ; CLK          ; CLK         ; 0.000        ; 0.082      ; 0.696      ;
; 0.428 ; M[4][31]   ; M[3][31]    ; CLK          ; CLK         ; 0.000        ; 0.081      ; 0.695      ;
; 0.428 ; M[6][21]   ; M[5][21]    ; CLK          ; CLK         ; 0.000        ; 0.082      ; 0.696      ;
; 0.428 ; M[16][25]  ; M[15][25]   ; CLK          ; CLK         ; 0.000        ; 0.081      ; 0.695      ;
; 0.428 ; M[20][19]  ; M[19][19]   ; CLK          ; CLK         ; 0.000        ; 0.082      ; 0.696      ;
; 0.428 ; M[22][26]  ; M[21][26]   ; CLK          ; CLK         ; 0.000        ; 0.082      ; 0.696      ;
; 0.428 ; M[24][21]  ; M[23][21]   ; CLK          ; CLK         ; 0.000        ; 0.082      ; 0.696      ;
; 0.428 ; Q[5][25]   ; Q[4][25]    ; CLK          ; CLK         ; 0.000        ; 0.081      ; 0.695      ;
; 0.428 ; Q[13][21]  ; Q[12][21]   ; CLK          ; CLK         ; 0.000        ; 0.081      ; 0.695      ;
; 0.428 ; Q[3][22]   ; Q[2][22]    ; CLK          ; CLK         ; 0.000        ; 0.080      ; 0.694      ;
; 0.428 ; Q[3][18]   ; Q[2][18]    ; CLK          ; CLK         ; 0.000        ; 0.080      ; 0.694      ;
; 0.428 ; Q[13][8]   ; Q[12][8]    ; CLK          ; CLK         ; 0.000        ; 0.080      ; 0.694      ;
; 0.428 ; Q[20][4]   ; Q[19][5]    ; CLK          ; CLK         ; 0.000        ; 0.081      ; 0.695      ;
; 0.428 ; Q[18][4]   ; Q[17][5]    ; CLK          ; CLK         ; 0.000        ; 0.080      ; 0.694      ;
; 0.428 ; Q[18][1]   ; Q[17][2]    ; CLK          ; CLK         ; 0.000        ; 0.080      ; 0.694      ;
; 0.428 ; M[2][30]   ; M[1][30]    ; CLK          ; CLK         ; 0.000        ; 0.082      ; 0.696      ;
; 0.428 ; M[4][3]    ; M[3][3]     ; CLK          ; CLK         ; 0.000        ; 0.082      ; 0.696      ;
; 0.428 ; M[26][30]  ; M[25][30]   ; CLK          ; CLK         ; 0.000        ; 0.080      ; 0.694      ;
; 0.428 ; M[28][20]  ; M[27][20]   ; CLK          ; CLK         ; 0.000        ; 0.081      ; 0.695      ;
; 0.428 ; M[38][30]  ; M[37][30]   ; CLK          ; CLK         ; 0.000        ; 0.081      ; 0.695      ;
; 0.428 ; Q[58][27]  ; Q[57][28]   ; CLK          ; CLK         ; 0.000        ; 0.081      ; 0.695      ;
; 0.428 ; Q[57][25]  ; Q[56][25]   ; CLK          ; CLK         ; 0.000        ; 0.081      ; 0.695      ;
; 0.428 ; Q[49][28]  ; Q[48][28]   ; CLK          ; CLK         ; 0.000        ; 0.081      ; 0.695      ;
; 0.428 ; Q[58][23]  ; Q[57][24]   ; CLK          ; CLK         ; 0.000        ; 0.081      ; 0.695      ;
; 0.428 ; Q[60][21]  ; Q[59][22]   ; CLK          ; CLK         ; 0.000        ; 0.080      ; 0.694      ;
; 0.428 ; Q[40][30]  ; Q[39][31]   ; CLK          ; CLK         ; 0.000        ; 0.081      ; 0.695      ;
; 0.428 ; Q[48][24]  ; Q[47][25]   ; CLK          ; CLK         ; 0.000        ; 0.080      ; 0.694      ;
; 0.428 ; Q[58][18]  ; Q[57][19]   ; CLK          ; CLK         ; 0.000        ; 0.081      ; 0.695      ;
; 0.428 ; Q[50][21]  ; Q[49][22]   ; CLK          ; CLK         ; 0.000        ; 0.080      ; 0.694      ;
; 0.428 ; Q[29][31]  ; Q[28][31]   ; CLK          ; CLK         ; 0.000        ; 0.081      ; 0.695      ;
; 0.428 ; Q[29][30]  ; Q[28][30]   ; CLK          ; CLK         ; 0.000        ; 0.081      ; 0.695      ;
; 0.428 ; Q[34][27]  ; Q[33][28]   ; CLK          ; CLK         ; 0.000        ; 0.081      ; 0.695      ;
; 0.428 ; Q[53][17]  ; Q[52][17]   ; CLK          ; CLK         ; 0.000        ; 0.081      ; 0.695      ;
; 0.428 ; Q[59][14]  ; Q[58][14]   ; CLK          ; CLK         ; 0.000        ; 0.081      ; 0.695      ;
; 0.428 ; Q[24][30]  ; Q[23][31]   ; CLK          ; CLK         ; 0.000        ; 0.081      ; 0.695      ;
; 0.428 ; Q[32][26]  ; Q[31][27]   ; CLK          ; CLK         ; 0.000        ; 0.081      ; 0.695      ;
; 0.428 ; Q[35][25]  ; Q[34][25]   ; CLK          ; CLK         ; 0.000        ; 0.081      ; 0.695      ;
; 0.428 ; Q[21][31]  ; Q[20][31]   ; CLK          ; CLK         ; 0.000        ; 0.080      ; 0.694      ;
; 0.428 ; Q[39][22]  ; Q[38][22]   ; CLK          ; CLK         ; 0.000        ; 0.080      ; 0.694      ;
; 0.428 ; Q[54][10]  ; Q[53][11]   ; CLK          ; CLK         ; 0.000        ; 0.081      ; 0.695      ;
; 0.428 ; Q[58][8]   ; Q[57][9]    ; CLK          ; CLK         ; 0.000        ; 0.081      ; 0.695      ;
; 0.428 ; Q[55][8]   ; Q[54][8]    ; CLK          ; CLK         ; 0.000        ; 0.080      ; 0.694      ;
; 0.429 ; Q[4][4]    ; Q[3][5]     ; CLK          ; CLK         ; 0.000        ; 0.081      ; 0.696      ;
; 0.429 ; Q[5][4]    ; Q[4][4]     ; CLK          ; CLK         ; 0.000        ; 0.081      ; 0.696      ;
; 0.429 ; Q[4][3]    ; Q[3][4]     ; CLK          ; CLK         ; 0.000        ; 0.081      ; 0.696      ;
; 0.429 ; Q[5][3]    ; Q[4][3]     ; CLK          ; CLK         ; 0.000        ; 0.081      ; 0.696      ;
; 0.429 ; Q[7][2]    ; Q[6][2]     ; CLK          ; CLK         ; 0.000        ; 0.081      ; 0.696      ;
; 0.429 ; Q[9][1]    ; Q[8][1]     ; CLK          ; CLK         ; 0.000        ; 0.081      ; 0.696      ;
; 0.429 ; Q[6][1]    ; Q[5][2]     ; CLK          ; CLK         ; 0.000        ; 0.081      ; 0.696      ;
; 0.429 ; M[4][25]   ; M[3][25]    ; CLK          ; CLK         ; 0.000        ; 0.081      ; 0.696      ;
; 0.429 ; M[6][31]   ; M[5][31]    ; CLK          ; CLK         ; 0.000        ; 0.081      ; 0.696      ;
; 0.429 ; M[8][23]   ; M[7][23]    ; CLK          ; CLK         ; 0.000        ; 0.081      ; 0.696      ;
; 0.429 ; M[8][16]   ; M[7][16]    ; CLK          ; CLK         ; 0.000        ; 0.081      ; 0.696      ;
; 0.429 ; M[14][30]  ; M[13][30]   ; CLK          ; CLK         ; 0.000        ; 0.081      ; 0.696      ;
; 0.429 ; M[16][22]  ; M[15][22]   ; CLK          ; CLK         ; 0.000        ; 0.081      ; 0.696      ;
; 0.429 ; M[18][30]  ; M[17][30]   ; CLK          ; CLK         ; 0.000        ; 0.081      ; 0.696      ;
; 0.429 ; M[18][29]  ; M[17][29]   ; CLK          ; CLK         ; 0.000        ; 0.081      ; 0.696      ;
; 0.429 ; M[22][21]  ; M[21][21]   ; CLK          ; CLK         ; 0.000        ; 0.081      ; 0.696      ;
; 0.429 ; Q[2][30]   ; Q[1][31]    ; CLK          ; CLK         ; 0.000        ; 0.080      ; 0.695      ;
; 0.429 ; Q[56][3]   ; Q[55][4]    ; CLK          ; CLK         ; 0.000        ; 0.080      ; 0.695      ;
; 0.429 ; Q[61][1]   ; Q[60][1]    ; CLK          ; CLK         ; 0.000        ; 0.080      ; 0.695      ;
; 0.429 ; Q[31][15]  ; Q[30][15]   ; CLK          ; CLK         ; 0.000        ; 0.080      ; 0.695      ;
; 0.429 ; Q[51][5]   ; Q[50][5]    ; CLK          ; CLK         ; 0.000        ; 0.080      ; 0.695      ;
; 0.429 ; Q[55][3]   ; Q[54][3]    ; CLK          ; CLK         ; 0.000        ; 0.080      ; 0.695      ;
; 0.429 ; Q[37][11]  ; Q[36][11]   ; CLK          ; CLK         ; 0.000        ; 0.080      ; 0.695      ;
; 0.429 ; Q[42][8]   ; Q[41][9]    ; CLK          ; CLK         ; 0.000        ; 0.080      ; 0.695      ;
; 0.429 ; Q[4][25]   ; Q[3][26]    ; CLK          ; CLK         ; 0.000        ; 0.081      ; 0.696      ;
; 0.429 ; Q[7][24]   ; Q[6][24]    ; CLK          ; CLK         ; 0.000        ; 0.081      ; 0.696      ;
; 0.429 ; Q[9][23]   ; Q[8][23]    ; CLK          ; CLK         ; 0.000        ; 0.081      ; 0.696      ;
; 0.429 ; Q[10][22]  ; Q[9][23]    ; CLK          ; CLK         ; 0.000        ; 0.081      ; 0.696      ;
; 0.429 ; Q[3][25]   ; Q[2][25]    ; CLK          ; CLK         ; 0.000        ; 0.080      ; 0.695      ;
; 0.429 ; Q[7][23]   ; Q[6][23]    ; CLK          ; CLK         ; 0.000        ; 0.080      ; 0.695      ;
; 0.429 ; Q[34][9]   ; Q[33][10]   ; CLK          ; CLK         ; 0.000        ; 0.079      ; 0.694      ;
; 0.429 ; Q[10][20]  ; Q[9][21]    ; CLK          ; CLK         ; 0.000        ; 0.080      ; 0.695      ;
; 0.429 ; Q[2][23]   ; Q[1][24]    ; CLK          ; CLK         ; 0.000        ; 0.080      ; 0.695      ;
; 0.429 ; Q[6][21]   ; Q[5][22]    ; CLK          ; CLK         ; 0.000        ; 0.080      ; 0.695      ;
; 0.429 ; Q[2][22]   ; Q[1][23]    ; CLK          ; CLK         ; 0.000        ; 0.080      ; 0.695      ;
; 0.429 ; Q[4][21]   ; Q[3][22]    ; CLK          ; CLK         ; 0.000        ; 0.080      ; 0.695      ;
; 0.429 ; Q[9][19]   ; Q[8][19]    ; CLK          ; CLK         ; 0.000        ; 0.080      ; 0.695      ;
; 0.429 ; Q[28][9]   ; Q[27][10]   ; CLK          ; CLK         ; 0.000        ; 0.080      ; 0.695      ;
; 0.429 ; Q[14][14]  ; Q[13][15]   ; CLK          ; CLK         ; 0.000        ; 0.080      ; 0.695      ;
; 0.429 ; Q[15][14]  ; Q[14][14]   ; CLK          ; CLK         ; 0.000        ; 0.080      ; 0.695      ;
; 0.429 ; Q[4][18]   ; Q[3][19]    ; CLK          ; CLK         ; 0.000        ; 0.080      ; 0.695      ;
; 0.429 ; Q[14][13]  ; Q[13][14]   ; CLK          ; CLK         ; 0.000        ; 0.080      ; 0.695      ;
+-------+------------+-------------+--------------+-------------+--------------+------------+------------+


+-----------------------------------------------------------------------------------------------------------------------------------------------------------------------------------------------------------------------------------------------------+
; Slow 1200mV 85C Model Recovery: 'CLK'                                                                                                                                                                                                               ;
+--------+-----------------------------------------------------------------+----------------------------------------------------------------------------------------------------+--------------+-------------+--------------+------------+------------+
; Slack  ; From Node                                                       ; To Node                                                                                            ; Launch Clock ; Latch Clock ; Relationship ; Clock Skew ; Data Delay ;
+--------+-----------------------------------------------------------------+----------------------------------------------------------------------------------------------------+--------------+-------------+--------------+------------+------------+
; -0.975 ; altshift_taps:SignNum_rtl_0|shift_taps_ikm:auto_generated|dffe4 ; altshift_taps:SignNum_rtl_0|shift_taps_ikm:auto_generated|altsyncram_c2b1:altsyncram2|ram_block5a0 ; CLK          ; CLK         ; 1.000        ; 0.247      ; 2.144      ;
; -0.975 ; altshift_taps:SignNum_rtl_0|shift_taps_ikm:auto_generated|dffe4 ; altshift_taps:SignNum_rtl_0|shift_taps_ikm:auto_generated|altsyncram_c2b1:altsyncram2|ram_block5a1 ; CLK          ; CLK         ; 1.000        ; 0.247      ; 2.144      ;
; -0.975 ; altshift_taps:SignNum_rtl_0|shift_taps_ikm:auto_generated|dffe4 ; altshift_taps:SignNum_rtl_0|shift_taps_ikm:auto_generated|altsyncram_c2b1:altsyncram2|ram_block5a2 ; CLK          ; CLK         ; 1.000        ; 0.247      ; 2.144      ;
; -0.975 ; altshift_taps:SignNum_rtl_0|shift_taps_ikm:auto_generated|dffe4 ; altshift_taps:SignNum_rtl_0|shift_taps_ikm:auto_generated|altsyncram_c2b1:altsyncram2|ram_block5a3 ; CLK          ; CLK         ; 1.000        ; 0.247      ; 2.144      ;
+--------+-----------------------------------------------------------------+----------------------------------------------------------------------------------------------------+--------------+-------------+--------------+------------+------------+


+----------------------------------------------------------------------------------------------------------------------------------------------------------------------------------------------------------------------------------------------------+
; Slow 1200mV 85C Model Removal: 'CLK'                                                                                                                                                                                                               ;
+-------+-----------------------------------------------------------------+----------------------------------------------------------------------------------------------------+--------------+-------------+--------------+------------+------------+
; Slack ; From Node                                                       ; To Node                                                                                            ; Launch Clock ; Latch Clock ; Relationship ; Clock Skew ; Data Delay ;
+-------+-----------------------------------------------------------------+----------------------------------------------------------------------------------------------------+--------------+-------------+--------------+------------+------------+
; 1.406 ; altshift_taps:SignNum_rtl_0|shift_taps_ikm:auto_generated|dffe4 ; altshift_taps:SignNum_rtl_0|shift_taps_ikm:auto_generated|altsyncram_c2b1:altsyncram2|ram_block5a0 ; CLK          ; CLK         ; 0.000        ; 0.403      ; 1.995      ;
; 1.406 ; altshift_taps:SignNum_rtl_0|shift_taps_ikm:auto_generated|dffe4 ; altshift_taps:SignNum_rtl_0|shift_taps_ikm:auto_generated|altsyncram_c2b1:altsyncram2|ram_block5a1 ; CLK          ; CLK         ; 0.000        ; 0.403      ; 1.995      ;
; 1.406 ; altshift_taps:SignNum_rtl_0|shift_taps_ikm:auto_generated|dffe4 ; altshift_taps:SignNum_rtl_0|shift_taps_ikm:auto_generated|altsyncram_c2b1:altsyncram2|ram_block5a2 ; CLK          ; CLK         ; 0.000        ; 0.403      ; 1.995      ;
; 1.406 ; altshift_taps:SignNum_rtl_0|shift_taps_ikm:auto_generated|dffe4 ; altshift_taps:SignNum_rtl_0|shift_taps_ikm:auto_generated|altsyncram_c2b1:altsyncram2|ram_block5a3 ; CLK          ; CLK         ; 0.000        ; 0.403      ; 1.995      ;
+-------+-----------------------------------------------------------------+----------------------------------------------------------------------------------------------------+--------------+-------------+--------------+------------+------------+


-----------------------------------------------
; Slow 1200mV 85C Model Metastability Summary ;
-----------------------------------------------
Design MTBF is not calculated because the design doesn't meet its timing requirements.



+--------------------------------------------------+
; Slow 1200mV 0C Model Fmax Summary                ;
+------------+-----------------+------------+------+
; Fmax       ; Restricted Fmax ; Clock Name ; Note ;
+------------+-----------------+------------+------+
; 174.52 MHz ; 174.52 MHz      ; CLK        ;      ;
+------------+-----------------+------------+------+
This panel reports FMAX for every clock in the design, regardless of the user-specified clock periods.  FMAX is only computed for paths where the source and destination registers or ports are driven by the same clock.  Paths of different clocks, including generated clocks, are ignored.  For paths between a clock and its inversion, FMAX is computed as if the rising and falling edges are scaled along with FMAX, such that the duty cycle (in terms of a percentage) is maintained. Altera recommends that you always use clock constraints and other slack reports for sign-off analysis.


+------------------------------------+
; Slow 1200mV 0C Model Setup Summary ;
+-------+--------+-------------------+
; Clock ; Slack  ; End Point TNS     ;
+-------+--------+-------------------+
; CLK   ; -4.730 ; -5221.977         ;
+-------+--------+-------------------+


+-----------------------------------+
; Slow 1200mV 0C Model Hold Summary ;
+-------+-------+-------------------+
; Clock ; Slack ; End Point TNS     ;
+-------+-------+-------------------+
; CLK   ; 0.357 ; 0.000             ;
+-------+-------+-------------------+


+---------------------------------------+
; Slow 1200mV 0C Model Recovery Summary ;
+-------+--------+----------------------+
; Clock ; Slack  ; End Point TNS        ;
+-------+--------+----------------------+
; CLK   ; -0.809 ; -3.236               ;
+-------+--------+----------------------+


+--------------------------------------+
; Slow 1200mV 0C Model Removal Summary ;
+-------+-------+----------------------+
; Clock ; Slack ; End Point TNS        ;
+-------+-------+----------------------+
; CLK   ; 1.270 ; 0.000                ;
+-------+-------+----------------------+


+--------------------------------------------------+
; Slow 1200mV 0C Model Minimum Pulse Width Summary ;
+-------+--------+---------------------------------+
; Clock ; Slack  ; End Point TNS                   ;
+-------+--------+---------------------------------+
; CLK   ; -3.000 ; -7775.233                       ;
+-------+--------+---------------------------------+


+--------------------------------------------------------------------------------------------------------------------------------------------------------------------------------------------------+
; Slow 1200mV 0C Model Setup: 'CLK'                                                                                                                                                                ;
+--------+----------------------------------------------------------------------------------------------------+--------------+--------------+-------------+--------------+------------+------------+
; Slack  ; From Node                                                                                          ; To Node      ; Launch Clock ; Latch Clock ; Relationship ; Clock Skew ; Data Delay ;
+--------+----------------------------------------------------------------------------------------------------+--------------+--------------+-------------+--------------+------------+------------+
; -4.730 ; ACCU[43][6]                                                                                        ; ACCU[42][10] ; CLK          ; CLK         ; 1.000        ; -0.074     ; 5.655      ;
; -4.637 ; M[43][9]                                                                                           ; ACCU[42][10] ; CLK          ; CLK         ; 1.000        ; -0.074     ; 5.562      ;
; -4.622 ; M[23][1]                                                                                           ; ACCU[22][0]  ; CLK          ; CLK         ; 1.000        ; -0.072     ; 5.549      ;
; -4.622 ; M[23][1]                                                                                           ; ACCU[22][1]  ; CLK          ; CLK         ; 1.000        ; -0.072     ; 5.549      ;
; -4.622 ; M[23][1]                                                                                           ; ACCU[22][2]  ; CLK          ; CLK         ; 1.000        ; -0.072     ; 5.549      ;
; -4.622 ; M[23][1]                                                                                           ; ACCU[22][5]  ; CLK          ; CLK         ; 1.000        ; -0.072     ; 5.549      ;
; -4.622 ; M[23][1]                                                                                           ; ACCU[22][8]  ; CLK          ; CLK         ; 1.000        ; -0.072     ; 5.549      ;
; -4.622 ; M[23][1]                                                                                           ; ACCU[22][9]  ; CLK          ; CLK         ; 1.000        ; -0.072     ; 5.549      ;
; -4.561 ; ACCU[43][3]                                                                                        ; ACCU[42][10] ; CLK          ; CLK         ; 1.000        ; -0.074     ; 5.486      ;
; -4.519 ; ACCU[43][10]                                                                                       ; ACCU[42][10] ; CLK          ; CLK         ; 1.000        ; -0.074     ; 5.444      ;
; -4.503 ; ACCU[43][7]                                                                                        ; ACCU[42][10] ; CLK          ; CLK         ; 1.000        ; -0.074     ; 5.428      ;
; -4.499 ; M[31][3]                                                                                           ; ACCU[30][10] ; CLK          ; CLK         ; 1.000        ; -0.050     ; 5.448      ;
; -4.480 ; M[25][9]                                                                                           ; ACCU[24][7]  ; CLK          ; CLK         ; 1.000        ; -0.073     ; 5.406      ;
; -4.473 ; M[17][3]                                                                                           ; ACCU[16][1]  ; CLK          ; CLK         ; 1.000        ; -0.075     ; 5.397      ;
; -4.473 ; M[17][3]                                                                                           ; ACCU[16][2]  ; CLK          ; CLK         ; 1.000        ; -0.075     ; 5.397      ;
; -4.473 ; M[17][3]                                                                                           ; ACCU[16][5]  ; CLK          ; CLK         ; 1.000        ; -0.075     ; 5.397      ;
; -4.473 ; M[17][3]                                                                                           ; ACCU[16][6]  ; CLK          ; CLK         ; 1.000        ; -0.075     ; 5.397      ;
; -4.473 ; M[17][3]                                                                                           ; ACCU[16][14] ; CLK          ; CLK         ; 1.000        ; -0.075     ; 5.397      ;
; -4.469 ; ACCU[43][4]                                                                                        ; ACCU[42][10] ; CLK          ; CLK         ; 1.000        ; -0.074     ; 5.394      ;
; -4.462 ; M[43][10]                                                                                          ; ACCU[42][10] ; CLK          ; CLK         ; 1.000        ; -0.071     ; 5.390      ;
; -4.460 ; M[43][13]                                                                                          ; ACCU[42][10] ; CLK          ; CLK         ; 1.000        ; -0.070     ; 5.389      ;
; -4.384 ; ACCU[43][6]                                                                                        ; ACCU[42][0]  ; CLK          ; CLK         ; 1.000        ; 0.272      ; 5.655      ;
; -4.384 ; ACCU[43][6]                                                                                        ; ACCU[42][1]  ; CLK          ; CLK         ; 1.000        ; 0.272      ; 5.655      ;
; -4.384 ; ACCU[43][6]                                                                                        ; ACCU[42][2]  ; CLK          ; CLK         ; 1.000        ; 0.272      ; 5.655      ;
; -4.384 ; ACCU[43][6]                                                                                        ; ACCU[42][3]  ; CLK          ; CLK         ; 1.000        ; 0.272      ; 5.655      ;
; -4.384 ; ACCU[43][6]                                                                                        ; ACCU[42][4]  ; CLK          ; CLK         ; 1.000        ; 0.272      ; 5.655      ;
; -4.384 ; ACCU[43][6]                                                                                        ; ACCU[42][5]  ; CLK          ; CLK         ; 1.000        ; 0.272      ; 5.655      ;
; -4.384 ; ACCU[43][6]                                                                                        ; ACCU[42][6]  ; CLK          ; CLK         ; 1.000        ; 0.272      ; 5.655      ;
; -4.384 ; ACCU[43][6]                                                                                        ; ACCU[42][7]  ; CLK          ; CLK         ; 1.000        ; 0.272      ; 5.655      ;
; -4.384 ; ACCU[43][6]                                                                                        ; ACCU[42][8]  ; CLK          ; CLK         ; 1.000        ; 0.272      ; 5.655      ;
; -4.384 ; ACCU[43][6]                                                                                        ; ACCU[42][9]  ; CLK          ; CLK         ; 1.000        ; 0.272      ; 5.655      ;
; -4.384 ; ACCU[43][6]                                                                                        ; ACCU[42][11] ; CLK          ; CLK         ; 1.000        ; 0.272      ; 5.655      ;
; -4.384 ; ACCU[43][6]                                                                                        ; ACCU[42][12] ; CLK          ; CLK         ; 1.000        ; 0.272      ; 5.655      ;
; -4.384 ; ACCU[43][6]                                                                                        ; ACCU[42][13] ; CLK          ; CLK         ; 1.000        ; 0.272      ; 5.655      ;
; -4.384 ; ACCU[43][6]                                                                                        ; ACCU[42][14] ; CLK          ; CLK         ; 1.000        ; 0.272      ; 5.655      ;
; -4.374 ; M[61][5]                                                                                           ; ACCU[60][4]  ; CLK          ; CLK         ; 1.000        ; -0.070     ; 5.303      ;
; -4.374 ; ACCU[25][5]                                                                                        ; ACCU[24][7]  ; CLK          ; CLK         ; 1.000        ; -0.073     ; 5.300      ;
; -4.371 ; ACCU[17][7]                                                                                        ; ACCU[16][1]  ; CLK          ; CLK         ; 1.000        ; -0.075     ; 5.295      ;
; -4.371 ; ACCU[17][7]                                                                                        ; ACCU[16][2]  ; CLK          ; CLK         ; 1.000        ; -0.075     ; 5.295      ;
; -4.371 ; ACCU[17][7]                                                                                        ; ACCU[16][5]  ; CLK          ; CLK         ; 1.000        ; -0.075     ; 5.295      ;
; -4.371 ; ACCU[17][7]                                                                                        ; ACCU[16][6]  ; CLK          ; CLK         ; 1.000        ; -0.075     ; 5.295      ;
; -4.371 ; ACCU[17][7]                                                                                        ; ACCU[16][14] ; CLK          ; CLK         ; 1.000        ; -0.075     ; 5.295      ;
; -4.370 ; M[19][0]                                                                                           ; ACCU[18][4]  ; CLK          ; CLK         ; 1.000        ; -0.064     ; 5.305      ;
; -4.363 ; M[31][6]                                                                                           ; ACCU[30][10] ; CLK          ; CLK         ; 1.000        ; -0.068     ; 5.294      ;
; -4.358 ; M[25][0]                                                                                           ; ACCU[24][7]  ; CLK          ; CLK         ; 1.000        ; -0.073     ; 5.284      ;
; -4.350 ; ACCU[9][0]                                                                                         ; ACCU[8][3]   ; CLK          ; CLK         ; 1.000        ; -0.069     ; 5.280      ;
; -4.348 ; M[25][12]                                                                                          ; ACCU[24][7]  ; CLK          ; CLK         ; 1.000        ; -0.069     ; 5.278      ;
; -4.340 ; altshift_taps:SignNum_rtl_0|shift_taps_ikm:auto_generated|altsyncram_c2b1:altsyncram2|ram_block5a3 ; ACCU[0][1]   ; CLK          ; CLK         ; 1.000        ; -0.363     ; 4.976      ;
; -4.340 ; altshift_taps:SignNum_rtl_0|shift_taps_ikm:auto_generated|altsyncram_c2b1:altsyncram2|ram_block5a3 ; ACCU[0][2]   ; CLK          ; CLK         ; 1.000        ; -0.363     ; 4.976      ;
; -4.336 ; M[29][10]                                                                                          ; ACCU[28][3]  ; CLK          ; CLK         ; 1.000        ; -0.074     ; 5.261      ;
; -4.336 ; M[29][10]                                                                                          ; ACCU[28][4]  ; CLK          ; CLK         ; 1.000        ; -0.074     ; 5.261      ;
; -4.336 ; M[29][10]                                                                                          ; ACCU[28][7]  ; CLK          ; CLK         ; 1.000        ; -0.074     ; 5.261      ;
; -4.336 ; M[29][10]                                                                                          ; ACCU[28][8]  ; CLK          ; CLK         ; 1.000        ; -0.074     ; 5.261      ;
; -4.336 ; M[29][10]                                                                                          ; ACCU[28][10] ; CLK          ; CLK         ; 1.000        ; -0.074     ; 5.261      ;
; -4.336 ; M[29][10]                                                                                          ; ACCU[28][12] ; CLK          ; CLK         ; 1.000        ; -0.074     ; 5.261      ;
; -4.336 ; M[19][4]                                                                                           ; ACCU[18][4]  ; CLK          ; CLK         ; 1.000        ; -0.072     ; 5.263      ;
; -4.330 ; M[19][0]                                                                                           ; ACCU[18][28] ; CLK          ; CLK         ; 1.000        ; 0.273      ; 5.602      ;
; -4.330 ; M[19][0]                                                                                           ; ACCU[18][29] ; CLK          ; CLK         ; 1.000        ; 0.273      ; 5.602      ;
; -4.330 ; M[19][0]                                                                                           ; ACCU[18][30] ; CLK          ; CLK         ; 1.000        ; 0.273      ; 5.602      ;
; -4.330 ; M[19][0]                                                                                           ; ACCU[18][15] ; CLK          ; CLK         ; 1.000        ; 0.273      ; 5.602      ;
; -4.330 ; M[19][0]                                                                                           ; ACCU[18][16] ; CLK          ; CLK         ; 1.000        ; 0.273      ; 5.602      ;
; -4.330 ; M[19][0]                                                                                           ; ACCU[18][17] ; CLK          ; CLK         ; 1.000        ; 0.273      ; 5.602      ;
; -4.330 ; M[19][0]                                                                                           ; ACCU[18][18] ; CLK          ; CLK         ; 1.000        ; 0.273      ; 5.602      ;
; -4.330 ; M[19][0]                                                                                           ; ACCU[18][19] ; CLK          ; CLK         ; 1.000        ; 0.273      ; 5.602      ;
; -4.330 ; M[19][0]                                                                                           ; ACCU[18][20] ; CLK          ; CLK         ; 1.000        ; 0.273      ; 5.602      ;
; -4.330 ; M[19][0]                                                                                           ; ACCU[18][21] ; CLK          ; CLK         ; 1.000        ; 0.273      ; 5.602      ;
; -4.330 ; M[19][0]                                                                                           ; ACCU[18][22] ; CLK          ; CLK         ; 1.000        ; 0.273      ; 5.602      ;
; -4.330 ; M[19][0]                                                                                           ; ACCU[18][23] ; CLK          ; CLK         ; 1.000        ; 0.273      ; 5.602      ;
; -4.330 ; M[19][0]                                                                                           ; ACCU[18][24] ; CLK          ; CLK         ; 1.000        ; 0.273      ; 5.602      ;
; -4.330 ; M[19][0]                                                                                           ; ACCU[18][25] ; CLK          ; CLK         ; 1.000        ; 0.273      ; 5.602      ;
; -4.330 ; M[19][0]                                                                                           ; ACCU[18][26] ; CLK          ; CLK         ; 1.000        ; 0.273      ; 5.602      ;
; -4.330 ; M[19][0]                                                                                           ; ACCU[18][27] ; CLK          ; CLK         ; 1.000        ; 0.273      ; 5.602      ;
; -4.327 ; M[23][1]                                                                                           ; ACCU[22][20] ; CLK          ; CLK         ; 1.000        ; -0.060     ; 5.266      ;
; -4.327 ; M[23][1]                                                                                           ; ACCU[22][26] ; CLK          ; CLK         ; 1.000        ; -0.060     ; 5.266      ;
; -4.327 ; M[23][1]                                                                                           ; ACCU[22][30] ; CLK          ; CLK         ; 1.000        ; -0.060     ; 5.266      ;
; -4.323 ; ACCU[17][4]                                                                                        ; ACCU[16][1]  ; CLK          ; CLK         ; 1.000        ; -0.075     ; 5.247      ;
; -4.323 ; ACCU[17][4]                                                                                        ; ACCU[16][2]  ; CLK          ; CLK         ; 1.000        ; -0.075     ; 5.247      ;
; -4.323 ; ACCU[17][4]                                                                                        ; ACCU[16][5]  ; CLK          ; CLK         ; 1.000        ; -0.075     ; 5.247      ;
; -4.323 ; ACCU[17][4]                                                                                        ; ACCU[16][6]  ; CLK          ; CLK         ; 1.000        ; -0.075     ; 5.247      ;
; -4.323 ; ACCU[17][4]                                                                                        ; ACCU[16][14] ; CLK          ; CLK         ; 1.000        ; -0.075     ; 5.247      ;
; -4.321 ; M[61][8]                                                                                           ; ACCU[60][4]  ; CLK          ; CLK         ; 1.000        ; -0.053     ; 5.267      ;
; -4.316 ; M[23][3]                                                                                           ; ACCU[22][0]  ; CLK          ; CLK         ; 1.000        ; -0.073     ; 5.242      ;
; -4.316 ; M[23][3]                                                                                           ; ACCU[22][1]  ; CLK          ; CLK         ; 1.000        ; -0.073     ; 5.242      ;
; -4.316 ; M[23][3]                                                                                           ; ACCU[22][2]  ; CLK          ; CLK         ; 1.000        ; -0.073     ; 5.242      ;
; -4.316 ; M[23][3]                                                                                           ; ACCU[22][5]  ; CLK          ; CLK         ; 1.000        ; -0.073     ; 5.242      ;
; -4.316 ; M[23][3]                                                                                           ; ACCU[22][8]  ; CLK          ; CLK         ; 1.000        ; -0.073     ; 5.242      ;
; -4.316 ; M[23][3]                                                                                           ; ACCU[22][9]  ; CLK          ; CLK         ; 1.000        ; -0.073     ; 5.242      ;
; -4.301 ; M[53][5]                                                                                           ; ACCU[52][0]  ; CLK          ; CLK         ; 1.000        ; -0.071     ; 5.229      ;
; -4.301 ; M[53][5]                                                                                           ; ACCU[52][8]  ; CLK          ; CLK         ; 1.000        ; -0.071     ; 5.229      ;
; -4.301 ; M[53][5]                                                                                           ; ACCU[52][12] ; CLK          ; CLK         ; 1.000        ; -0.071     ; 5.229      ;
; -4.297 ; M[53][1]                                                                                           ; ACCU[52][0]  ; CLK          ; CLK         ; 1.000        ; -0.072     ; 5.224      ;
; -4.297 ; M[53][1]                                                                                           ; ACCU[52][8]  ; CLK          ; CLK         ; 1.000        ; -0.072     ; 5.224      ;
; -4.297 ; M[53][1]                                                                                           ; ACCU[52][12] ; CLK          ; CLK         ; 1.000        ; -0.072     ; 5.224      ;
; -4.296 ; M[19][4]                                                                                           ; ACCU[18][28] ; CLK          ; CLK         ; 1.000        ; 0.265      ; 5.560      ;
; -4.296 ; M[19][4]                                                                                           ; ACCU[18][29] ; CLK          ; CLK         ; 1.000        ; 0.265      ; 5.560      ;
; -4.296 ; M[19][4]                                                                                           ; ACCU[18][30] ; CLK          ; CLK         ; 1.000        ; 0.265      ; 5.560      ;
; -4.296 ; M[19][4]                                                                                           ; ACCU[18][15] ; CLK          ; CLK         ; 1.000        ; 0.265      ; 5.560      ;
; -4.296 ; M[19][4]                                                                                           ; ACCU[18][16] ; CLK          ; CLK         ; 1.000        ; 0.265      ; 5.560      ;
; -4.296 ; M[19][4]                                                                                           ; ACCU[18][17] ; CLK          ; CLK         ; 1.000        ; 0.265      ; 5.560      ;
; -4.296 ; M[19][4]                                                                                           ; ACCU[18][18] ; CLK          ; CLK         ; 1.000        ; 0.265      ; 5.560      ;
+--------+----------------------------------------------------------------------------------------------------+--------------+--------------+-------------+--------------+------------+------------+


+-----------------------------------------------------------------------------------------------------------+
; Slow 1200mV 0C Model Hold: 'CLK'                                                                          ;
+-------+--------------+--------------+--------------+-------------+--------------+------------+------------+
; Slack ; From Node    ; To Node      ; Launch Clock ; Latch Clock ; Relationship ; Clock Skew ; Data Delay ;
+-------+--------------+--------------+--------------+-------------+--------------+------------+------------+
; 0.357 ; ACCU[6][9]   ; ACCU[5][10]  ; CLK          ; CLK         ; 0.000        ; 0.509      ; 1.037      ;
; 0.380 ; Q[26][0]     ; Q[25][1]     ; CLK          ; CLK         ; 0.000        ; 0.087      ; 0.638      ;
; 0.380 ; M[4][15]     ; M[3][15]     ; CLK          ; CLK         ; 0.000        ; 0.087      ; 0.638      ;
; 0.381 ; Q[2][0]      ; Q[1][1]      ; CLK          ; CLK         ; 0.000        ; 0.089      ; 0.641      ;
; 0.382 ; Q[40][0]     ; Q[39][1]     ; CLK          ; CLK         ; 0.000        ; 0.087      ; 0.640      ;
; 0.382 ; Q[22][0]     ; Q[21][1]     ; CLK          ; CLK         ; 0.000        ; 0.087      ; 0.640      ;
; 0.382 ; Q[18][0]     ; Q[17][1]     ; CLK          ; CLK         ; 0.000        ; 0.088      ; 0.641      ;
; 0.383 ; Q[42][0]     ; Q[41][1]     ; CLK          ; CLK         ; 0.000        ; 0.086      ; 0.640      ;
; 0.388 ; M[33][13]    ; M[32][13]    ; CLK          ; CLK         ; 0.000        ; 0.470      ; 1.029      ;
; 0.388 ; ACCU[58][10] ; ACCU[57][11] ; CLK          ; CLK         ; 0.000        ; 0.500      ; 1.059      ;
; 0.394 ; M[20][26]    ; M[19][26]    ; CLK          ; CLK         ; 0.000        ; 0.073      ; 0.638      ;
; 0.394 ; M[20][21]    ; M[19][21]    ; CLK          ; CLK         ; 0.000        ; 0.073      ; 0.638      ;
; 0.394 ; Q[58][23]    ; Q[57][24]    ; CLK          ; CLK         ; 0.000        ; 0.073      ; 0.638      ;
; 0.395 ; Q[4][3]      ; Q[3][4]      ; CLK          ; CLK         ; 0.000        ; 0.073      ; 0.639      ;
; 0.395 ; Q[7][2]      ; Q[6][2]      ; CLK          ; CLK         ; 0.000        ; 0.073      ; 0.639      ;
; 0.395 ; Q[6][1]      ; Q[5][2]      ; CLK          ; CLK         ; 0.000        ; 0.073      ; 0.639      ;
; 0.395 ; Q[3][1]      ; Q[2][1]      ; CLK          ; CLK         ; 0.000        ; 0.073      ; 0.639      ;
; 0.395 ; Q[4][0]      ; Q[3][1]      ; CLK          ; CLK         ; 0.000        ; 0.073      ; 0.639      ;
; 0.395 ; M[4][31]     ; M[3][31]     ; CLK          ; CLK         ; 0.000        ; 0.073      ; 0.639      ;
; 0.395 ; M[6][31]     ; M[5][31]     ; CLK          ; CLK         ; 0.000        ; 0.073      ; 0.639      ;
; 0.395 ; M[6][21]     ; M[5][21]     ; CLK          ; CLK         ; 0.000        ; 0.073      ; 0.639      ;
; 0.395 ; M[8][16]     ; M[7][16]     ; CLK          ; CLK         ; 0.000        ; 0.073      ; 0.639      ;
; 0.395 ; M[20][18]    ; M[19][18]    ; CLK          ; CLK         ; 0.000        ; 0.073      ; 0.639      ;
; 0.395 ; M[22][26]    ; M[21][26]    ; CLK          ; CLK         ; 0.000        ; 0.073      ; 0.639      ;
; 0.395 ; M[22][21]    ; M[21][21]    ; CLK          ; CLK         ; 0.000        ; 0.073      ; 0.639      ;
; 0.395 ; M[26][26]    ; M[25][26]    ; CLK          ; CLK         ; 0.000        ; 0.073      ; 0.639      ;
; 0.395 ; Q[2][22]     ; Q[1][23]     ; CLK          ; CLK         ; 0.000        ; 0.072      ; 0.638      ;
; 0.395 ; Q[3][22]     ; Q[2][22]     ; CLK          ; CLK         ; 0.000        ; 0.072      ; 0.638      ;
; 0.395 ; Q[4][21]     ; Q[3][22]     ; CLK          ; CLK         ; 0.000        ; 0.072      ; 0.638      ;
; 0.395 ; Q[9][19]     ; Q[8][19]     ; CLK          ; CLK         ; 0.000        ; 0.072      ; 0.638      ;
; 0.395 ; Q[12][8]     ; Q[11][9]     ; CLK          ; CLK         ; 0.000        ; 0.072      ; 0.638      ;
; 0.395 ; Q[13][8]     ; Q[12][8]     ; CLK          ; CLK         ; 0.000        ; 0.072      ; 0.638      ;
; 0.395 ; Q[18][1]     ; Q[17][2]     ; CLK          ; CLK         ; 0.000        ; 0.072      ; 0.638      ;
; 0.395 ; Q[16][1]     ; Q[15][2]     ; CLK          ; CLK         ; 0.000        ; 0.072      ; 0.638      ;
; 0.395 ; M[8][13]     ; M[7][13]     ; CLK          ; CLK         ; 0.000        ; 0.072      ; 0.638      ;
; 0.395 ; M[24][9]     ; M[23][9]     ; CLK          ; CLK         ; 0.000        ; 0.072      ; 0.638      ;
; 0.395 ; M[26][20]    ; M[25][20]    ; CLK          ; CLK         ; 0.000        ; 0.072      ; 0.638      ;
; 0.395 ; M[32][31]    ; M[31][31]    ; CLK          ; CLK         ; 0.000        ; 0.072      ; 0.638      ;
; 0.395 ; M[32][29]    ; M[31][29]    ; CLK          ; CLK         ; 0.000        ; 0.072      ; 0.638      ;
; 0.395 ; M[62][5]     ; M[61][5]     ; CLK          ; CLK         ; 0.000        ; 0.072      ; 0.638      ;
; 0.395 ; Q[48][28]    ; Q[47][29]    ; CLK          ; CLK         ; 0.000        ; 0.073      ; 0.639      ;
; 0.395 ; Q[49][28]    ; Q[48][28]    ; CLK          ; CLK         ; 0.000        ; 0.073      ; 0.639      ;
; 0.395 ; Q[55][25]    ; Q[54][25]    ; CLK          ; CLK         ; 0.000        ; 0.073      ; 0.639      ;
; 0.395 ; Q[60][21]    ; Q[59][22]    ; CLK          ; CLK         ; 0.000        ; 0.072      ; 0.638      ;
; 0.395 ; Q[43][25]    ; Q[42][25]    ; CLK          ; CLK         ; 0.000        ; 0.072      ; 0.638      ;
; 0.395 ; Q[41][25]    ; Q[40][25]    ; CLK          ; CLK         ; 0.000        ; 0.072      ; 0.638      ;
; 0.395 ; Q[53][19]    ; Q[52][19]    ; CLK          ; CLK         ; 0.000        ; 0.072      ; 0.638      ;
; 0.395 ; Q[29][30]    ; Q[28][30]    ; CLK          ; CLK         ; 0.000        ; 0.072      ; 0.638      ;
; 0.395 ; Q[53][17]    ; Q[52][17]    ; CLK          ; CLK         ; 0.000        ; 0.072      ; 0.638      ;
; 0.395 ; Q[59][14]    ; Q[58][14]    ; CLK          ; CLK         ; 0.000        ; 0.072      ; 0.638      ;
; 0.395 ; Q[32][26]    ; Q[31][27]    ; CLK          ; CLK         ; 0.000        ; 0.072      ; 0.638      ;
; 0.395 ; Q[35][25]    ; Q[34][25]    ; CLK          ; CLK         ; 0.000        ; 0.072      ; 0.638      ;
; 0.395 ; Q[53][16]    ; Q[52][16]    ; CLK          ; CLK         ; 0.000        ; 0.072      ; 0.638      ;
; 0.395 ; Q[21][31]    ; Q[20][31]    ; CLK          ; CLK         ; 0.000        ; 0.072      ; 0.638      ;
; 0.395 ; Q[24][29]    ; Q[23][30]    ; CLK          ; CLK         ; 0.000        ; 0.072      ; 0.638      ;
; 0.395 ; Q[39][22]    ; Q[38][22]    ; CLK          ; CLK         ; 0.000        ; 0.072      ; 0.638      ;
; 0.395 ; Q[57][11]    ; Q[56][11]    ; CLK          ; CLK         ; 0.000        ; 0.072      ; 0.638      ;
; 0.395 ; Q[54][10]    ; Q[53][11]    ; CLK          ; CLK         ; 0.000        ; 0.072      ; 0.638      ;
; 0.395 ; Q[56][8]     ; Q[55][9]     ; CLK          ; CLK         ; 0.000        ; 0.072      ; 0.638      ;
; 0.395 ; Q[7][30]     ; Q[6][30]     ; CLK          ; CLK         ; 0.000        ; 0.072      ; 0.638      ;
; 0.396 ; Q[5][4]      ; Q[4][4]      ; CLK          ; CLK         ; 0.000        ; 0.072      ; 0.639      ;
; 0.396 ; Q[7][3]      ; Q[6][3]      ; CLK          ; CLK         ; 0.000        ; 0.072      ; 0.639      ;
; 0.396 ; Q[5][3]      ; Q[4][3]      ; CLK          ; CLK         ; 0.000        ; 0.073      ; 0.640      ;
; 0.396 ; Q[8][1]      ; Q[7][2]      ; CLK          ; CLK         ; 0.000        ; 0.073      ; 0.640      ;
; 0.396 ; Q[9][1]      ; Q[8][1]      ; CLK          ; CLK         ; 0.000        ; 0.073      ; 0.640      ;
; 0.396 ; M[4][25]     ; M[3][25]     ; CLK          ; CLK         ; 0.000        ; 0.072      ; 0.639      ;
; 0.396 ; M[8][23]     ; M[7][23]     ; CLK          ; CLK         ; 0.000        ; 0.073      ; 0.640      ;
; 0.396 ; M[10][23]    ; M[9][23]     ; CLK          ; CLK         ; 0.000        ; 0.073      ; 0.640      ;
; 0.396 ; M[16][22]    ; M[15][22]    ; CLK          ; CLK         ; 0.000        ; 0.072      ; 0.639      ;
; 0.396 ; M[20][19]    ; M[19][19]    ; CLK          ; CLK         ; 0.000        ; 0.073      ; 0.640      ;
; 0.396 ; M[24][21]    ; M[23][21]    ; CLK          ; CLK         ; 0.000        ; 0.073      ; 0.640      ;
; 0.396 ; Q[23][19]    ; Q[22][19]    ; CLK          ; CLK         ; 0.000        ; 0.071      ; 0.638      ;
; 0.396 ; Q[55][3]     ; Q[54][3]     ; CLK          ; CLK         ; 0.000        ; 0.071      ; 0.638      ;
; 0.396 ; Q[37][11]    ; Q[36][11]    ; CLK          ; CLK         ; 0.000        ; 0.071      ; 0.638      ;
; 0.396 ; Q[48][5]     ; Q[47][6]     ; CLK          ; CLK         ; 0.000        ; 0.071      ; 0.638      ;
; 0.396 ; Q[48][4]     ; Q[47][5]     ; CLK          ; CLK         ; 0.000        ; 0.071      ; 0.638      ;
; 0.396 ; Q[4][25]     ; Q[3][26]     ; CLK          ; CLK         ; 0.000        ; 0.072      ; 0.639      ;
; 0.396 ; Q[5][25]     ; Q[4][25]     ; CLK          ; CLK         ; 0.000        ; 0.072      ; 0.639      ;
; 0.396 ; Q[7][24]     ; Q[6][24]     ; CLK          ; CLK         ; 0.000        ; 0.072      ; 0.639      ;
; 0.396 ; Q[13][21]    ; Q[12][21]    ; CLK          ; CLK         ; 0.000        ; 0.072      ; 0.639      ;
; 0.396 ; Q[52][1]     ; Q[51][2]     ; CLK          ; CLK         ; 0.000        ; 0.071      ; 0.638      ;
; 0.396 ; Q[2][25]     ; Q[1][26]     ; CLK          ; CLK         ; 0.000        ; 0.072      ; 0.639      ;
; 0.396 ; Q[3][25]     ; Q[2][25]     ; CLK          ; CLK         ; 0.000        ; 0.072      ; 0.639      ;
; 0.396 ; Q[5][24]     ; Q[4][24]     ; CLK          ; CLK         ; 0.000        ; 0.072      ; 0.639      ;
; 0.396 ; Q[7][23]     ; Q[6][23]     ; CLK          ; CLK         ; 0.000        ; 0.071      ; 0.638      ;
; 0.396 ; Q[2][23]     ; Q[1][24]     ; CLK          ; CLK         ; 0.000        ; 0.071      ; 0.638      ;
; 0.396 ; Q[22][13]    ; Q[21][14]    ; CLK          ; CLK         ; 0.000        ; 0.071      ; 0.638      ;
; 0.396 ; Q[28][10]    ; Q[27][11]    ; CLK          ; CLK         ; 0.000        ; 0.071      ; 0.638      ;
; 0.396 ; Q[11][18]    ; Q[10][18]    ; CLK          ; CLK         ; 0.000        ; 0.072      ; 0.639      ;
; 0.396 ; Q[15][14]    ; Q[14][14]    ; CLK          ; CLK         ; 0.000        ; 0.071      ; 0.638      ;
; 0.396 ; Q[4][18]     ; Q[3][19]     ; CLK          ; CLK         ; 0.000        ; 0.071      ; 0.638      ;
; 0.396 ; Q[3][18]     ; Q[2][18]     ; CLK          ; CLK         ; 0.000        ; 0.071      ; 0.638      ;
; 0.396 ; Q[30][4]     ; Q[29][5]     ; CLK          ; CLK         ; 0.000        ; 0.072      ; 0.639      ;
; 0.396 ; Q[31][4]     ; Q[30][4]     ; CLK          ; CLK         ; 0.000        ; 0.072      ; 0.639      ;
; 0.396 ; Q[36][1]     ; Q[35][2]     ; CLK          ; CLK         ; 0.000        ; 0.072      ; 0.639      ;
; 0.396 ; Q[37][1]     ; Q[36][1]     ; CLK          ; CLK         ; 0.000        ; 0.072      ; 0.639      ;
; 0.396 ; Q[6][14]     ; Q[5][15]     ; CLK          ; CLK         ; 0.000        ; 0.072      ; 0.639      ;
; 0.396 ; Q[32][1]     ; Q[31][2]     ; CLK          ; CLK         ; 0.000        ; 0.071      ; 0.638      ;
; 0.396 ; Q[3][15]     ; Q[2][15]     ; CLK          ; CLK         ; 0.000        ; 0.071      ; 0.638      ;
; 0.396 ; Q[9][12]     ; Q[8][12]     ; CLK          ; CLK         ; 0.000        ; 0.071      ; 0.638      ;
+-------+--------------+--------------+--------------+-------------+--------------+------------+------------+


+-----------------------------------------------------------------------------------------------------------------------------------------------------------------------------------------------------------------------------------------------------+
; Slow 1200mV 0C Model Recovery: 'CLK'                                                                                                                                                                                                                ;
+--------+-----------------------------------------------------------------+----------------------------------------------------------------------------------------------------+--------------+-------------+--------------+------------+------------+
; Slack  ; From Node                                                       ; To Node                                                                                            ; Launch Clock ; Latch Clock ; Relationship ; Clock Skew ; Data Delay ;
+--------+-----------------------------------------------------------------+----------------------------------------------------------------------------------------------------+--------------+-------------+--------------+------------+------------+
; -0.809 ; altshift_taps:SignNum_rtl_0|shift_taps_ikm:auto_generated|dffe4 ; altshift_taps:SignNum_rtl_0|shift_taps_ikm:auto_generated|altsyncram_c2b1:altsyncram2|ram_block5a0 ; CLK          ; CLK         ; 1.000        ; 0.215      ; 1.955      ;
; -0.809 ; altshift_taps:SignNum_rtl_0|shift_taps_ikm:auto_generated|dffe4 ; altshift_taps:SignNum_rtl_0|shift_taps_ikm:auto_generated|altsyncram_c2b1:altsyncram2|ram_block5a1 ; CLK          ; CLK         ; 1.000        ; 0.215      ; 1.955      ;
; -0.809 ; altshift_taps:SignNum_rtl_0|shift_taps_ikm:auto_generated|dffe4 ; altshift_taps:SignNum_rtl_0|shift_taps_ikm:auto_generated|altsyncram_c2b1:altsyncram2|ram_block5a2 ; CLK          ; CLK         ; 1.000        ; 0.215      ; 1.955      ;
; -0.809 ; altshift_taps:SignNum_rtl_0|shift_taps_ikm:auto_generated|dffe4 ; altshift_taps:SignNum_rtl_0|shift_taps_ikm:auto_generated|altsyncram_c2b1:altsyncram2|ram_block5a3 ; CLK          ; CLK         ; 1.000        ; 0.215      ; 1.955      ;
+--------+-----------------------------------------------------------------+----------------------------------------------------------------------------------------------------+--------------+-------------+--------------+------------+------------+


+----------------------------------------------------------------------------------------------------------------------------------------------------------------------------------------------------------------------------------------------------+
; Slow 1200mV 0C Model Removal: 'CLK'                                                                                                                                                                                                                ;
+-------+-----------------------------------------------------------------+----------------------------------------------------------------------------------------------------+--------------+-------------+--------------+------------+------------+
; Slack ; From Node                                                       ; To Node                                                                                            ; Launch Clock ; Latch Clock ; Relationship ; Clock Skew ; Data Delay ;
+-------+-----------------------------------------------------------------+----------------------------------------------------------------------------------------------------+--------------+-------------+--------------+------------+------------+
; 1.270 ; altshift_taps:SignNum_rtl_0|shift_taps_ikm:auto_generated|dffe4 ; altshift_taps:SignNum_rtl_0|shift_taps_ikm:auto_generated|altsyncram_c2b1:altsyncram2|ram_block5a0 ; CLK          ; CLK         ; 0.000        ; 0.360      ; 1.798      ;
; 1.270 ; altshift_taps:SignNum_rtl_0|shift_taps_ikm:auto_generated|dffe4 ; altshift_taps:SignNum_rtl_0|shift_taps_ikm:auto_generated|altsyncram_c2b1:altsyncram2|ram_block5a1 ; CLK          ; CLK         ; 0.000        ; 0.360      ; 1.798      ;
; 1.270 ; altshift_taps:SignNum_rtl_0|shift_taps_ikm:auto_generated|dffe4 ; altshift_taps:SignNum_rtl_0|shift_taps_ikm:auto_generated|altsyncram_c2b1:altsyncram2|ram_block5a2 ; CLK          ; CLK         ; 0.000        ; 0.360      ; 1.798      ;
; 1.270 ; altshift_taps:SignNum_rtl_0|shift_taps_ikm:auto_generated|dffe4 ; altshift_taps:SignNum_rtl_0|shift_taps_ikm:auto_generated|altsyncram_c2b1:altsyncram2|ram_block5a3 ; CLK          ; CLK         ; 0.000        ; 0.360      ; 1.798      ;
+-------+-----------------------------------------------------------------+----------------------------------------------------------------------------------------------------+--------------+-------------+--------------+------------+------------+


----------------------------------------------
; Slow 1200mV 0C Model Metastability Summary ;
----------------------------------------------
Design MTBF is not calculated because the design doesn't meet its timing requirements.



+------------------------------------+
; Fast 1200mV 0C Model Setup Summary ;
+-------+--------+-------------------+
; Clock ; Slack  ; End Point TNS     ;
+-------+--------+-------------------+
; CLK   ; -2.209 ; -1808.032         ;
+-------+--------+-------------------+


+-----------------------------------+
; Fast 1200mV 0C Model Hold Summary ;
+-------+-------+-------------------+
; Clock ; Slack ; End Point TNS     ;
+-------+-------+-------------------+
; CLK   ; 0.165 ; 0.000             ;
+-------+-------+-------------------+


+---------------------------------------+
; Fast 1200mV 0C Model Recovery Summary ;
+-------+-------+-----------------------+
; Clock ; Slack ; End Point TNS         ;
+-------+-------+-----------------------+
; CLK   ; 0.034 ; 0.000                 ;
+-------+-------+-----------------------+


+--------------------------------------+
; Fast 1200mV 0C Model Removal Summary ;
+-------+-------+----------------------+
; Clock ; Slack ; End Point TNS        ;
+-------+-------+----------------------+
; CLK   ; 0.667 ; 0.000                ;
+-------+-------+----------------------+


+--------------------------------------------------+
; Fast 1200mV 0C Model Minimum Pulse Width Summary ;
+-------+--------+---------------------------------+
; Clock ; Slack  ; End Point TNS                   ;
+-------+--------+---------------------------------+
; CLK   ; -3.000 ; -6439.764                       ;
+-------+--------+---------------------------------+


+--------------------------------------------------------------------------------------------------------------------------------------------------------------------------------------------------+
; Fast 1200mV 0C Model Setup: 'CLK'                                                                                                                                                                ;
+--------+----------------------------------------------------------------------------------------------------+--------------+--------------+-------------+--------------+------------+------------+
; Slack  ; From Node                                                                                          ; To Node      ; Launch Clock ; Latch Clock ; Relationship ; Clock Skew ; Data Delay ;
+--------+----------------------------------------------------------------------------------------------------+--------------+--------------+-------------+--------------+------------+------------+
; -2.209 ; ACCU[43][6]                                                                                        ; ACCU[42][10] ; CLK          ; CLK         ; 1.000        ; -0.043     ; 3.153      ;
; -2.166 ; M[23][1]                                                                                           ; ACCU[22][0]  ; CLK          ; CLK         ; 1.000        ; -0.042     ; 3.111      ;
; -2.166 ; M[23][1]                                                                                           ; ACCU[22][1]  ; CLK          ; CLK         ; 1.000        ; -0.042     ; 3.111      ;
; -2.166 ; M[23][1]                                                                                           ; ACCU[22][2]  ; CLK          ; CLK         ; 1.000        ; -0.042     ; 3.111      ;
; -2.166 ; M[23][1]                                                                                           ; ACCU[22][5]  ; CLK          ; CLK         ; 1.000        ; -0.042     ; 3.111      ;
; -2.166 ; M[23][1]                                                                                           ; ACCU[22][8]  ; CLK          ; CLK         ; 1.000        ; -0.042     ; 3.111      ;
; -2.166 ; M[23][1]                                                                                           ; ACCU[22][9]  ; CLK          ; CLK         ; 1.000        ; -0.042     ; 3.111      ;
; -2.162 ; M[43][9]                                                                                           ; ACCU[42][10] ; CLK          ; CLK         ; 1.000        ; -0.043     ; 3.106      ;
; -2.101 ; M[31][3]                                                                                           ; ACCU[30][10] ; CLK          ; CLK         ; 1.000        ; -0.022     ; 3.066      ;
; -2.087 ; ACCU[43][10]                                                                                       ; ACCU[42][10] ; CLK          ; CLK         ; 1.000        ; -0.043     ; 3.031      ;
; -2.075 ; ACCU[43][7]                                                                                        ; ACCU[42][10] ; CLK          ; CLK         ; 1.000        ; -0.043     ; 3.019      ;
; -2.055 ; M[25][9]                                                                                           ; ACCU[24][7]  ; CLK          ; CLK         ; 1.000        ; -0.044     ; 2.998      ;
; -2.052 ; ACCU[43][3]                                                                                        ; ACCU[42][10] ; CLK          ; CLK         ; 1.000        ; -0.043     ; 2.996      ;
; -2.045 ; M[43][13]                                                                                          ; ACCU[42][10] ; CLK          ; CLK         ; 1.000        ; -0.042     ; 2.990      ;
; -2.030 ; ACCU[43][6]                                                                                        ; ACCU[42][0]  ; CLK          ; CLK         ; 1.000        ; 0.136      ; 3.153      ;
; -2.030 ; ACCU[43][6]                                                                                        ; ACCU[42][1]  ; CLK          ; CLK         ; 1.000        ; 0.136      ; 3.153      ;
; -2.030 ; ACCU[43][6]                                                                                        ; ACCU[42][2]  ; CLK          ; CLK         ; 1.000        ; 0.136      ; 3.153      ;
; -2.030 ; ACCU[43][6]                                                                                        ; ACCU[42][3]  ; CLK          ; CLK         ; 1.000        ; 0.136      ; 3.153      ;
; -2.030 ; ACCU[43][6]                                                                                        ; ACCU[42][4]  ; CLK          ; CLK         ; 1.000        ; 0.136      ; 3.153      ;
; -2.030 ; ACCU[43][6]                                                                                        ; ACCU[42][5]  ; CLK          ; CLK         ; 1.000        ; 0.136      ; 3.153      ;
; -2.030 ; ACCU[43][6]                                                                                        ; ACCU[42][6]  ; CLK          ; CLK         ; 1.000        ; 0.136      ; 3.153      ;
; -2.030 ; ACCU[43][6]                                                                                        ; ACCU[42][7]  ; CLK          ; CLK         ; 1.000        ; 0.136      ; 3.153      ;
; -2.030 ; ACCU[43][6]                                                                                        ; ACCU[42][8]  ; CLK          ; CLK         ; 1.000        ; 0.136      ; 3.153      ;
; -2.030 ; ACCU[43][6]                                                                                        ; ACCU[42][9]  ; CLK          ; CLK         ; 1.000        ; 0.136      ; 3.153      ;
; -2.030 ; ACCU[43][6]                                                                                        ; ACCU[42][11] ; CLK          ; CLK         ; 1.000        ; 0.136      ; 3.153      ;
; -2.030 ; ACCU[43][6]                                                                                        ; ACCU[42][12] ; CLK          ; CLK         ; 1.000        ; 0.136      ; 3.153      ;
; -2.030 ; ACCU[43][6]                                                                                        ; ACCU[42][13] ; CLK          ; CLK         ; 1.000        ; 0.136      ; 3.153      ;
; -2.030 ; ACCU[43][6]                                                                                        ; ACCU[42][14] ; CLK          ; CLK         ; 1.000        ; 0.136      ; 3.153      ;
; -2.011 ; ACCU[43][4]                                                                                        ; ACCU[42][10] ; CLK          ; CLK         ; 1.000        ; -0.043     ; 2.955      ;
; -2.009 ; M[17][3]                                                                                           ; ACCU[16][1]  ; CLK          ; CLK         ; 1.000        ; -0.044     ; 2.952      ;
; -2.009 ; M[17][3]                                                                                           ; ACCU[16][2]  ; CLK          ; CLK         ; 1.000        ; -0.044     ; 2.952      ;
; -2.009 ; M[17][3]                                                                                           ; ACCU[16][5]  ; CLK          ; CLK         ; 1.000        ; -0.044     ; 2.952      ;
; -2.009 ; M[17][3]                                                                                           ; ACCU[16][6]  ; CLK          ; CLK         ; 1.000        ; -0.044     ; 2.952      ;
; -2.009 ; M[17][3]                                                                                           ; ACCU[16][14] ; CLK          ; CLK         ; 1.000        ; -0.044     ; 2.952      ;
; -1.995 ; M[23][3]                                                                                           ; ACCU[22][0]  ; CLK          ; CLK         ; 1.000        ; -0.043     ; 2.939      ;
; -1.995 ; M[23][3]                                                                                           ; ACCU[22][1]  ; CLK          ; CLK         ; 1.000        ; -0.043     ; 2.939      ;
; -1.995 ; M[23][3]                                                                                           ; ACCU[22][2]  ; CLK          ; CLK         ; 1.000        ; -0.043     ; 2.939      ;
; -1.995 ; M[23][3]                                                                                           ; ACCU[22][5]  ; CLK          ; CLK         ; 1.000        ; -0.043     ; 2.939      ;
; -1.995 ; M[23][3]                                                                                           ; ACCU[22][8]  ; CLK          ; CLK         ; 1.000        ; -0.043     ; 2.939      ;
; -1.995 ; M[23][3]                                                                                           ; ACCU[22][9]  ; CLK          ; CLK         ; 1.000        ; -0.043     ; 2.939      ;
; -1.991 ; M[23][1]                                                                                           ; ACCU[22][20] ; CLK          ; CLK         ; 1.000        ; -0.034     ; 2.944      ;
; -1.991 ; M[23][1]                                                                                           ; ACCU[22][26] ; CLK          ; CLK         ; 1.000        ; -0.034     ; 2.944      ;
; -1.991 ; M[23][1]                                                                                           ; ACCU[22][30] ; CLK          ; CLK         ; 1.000        ; -0.034     ; 2.944      ;
; -1.987 ; M[23][1]                                                                                           ; ACCU[22][3]  ; CLK          ; CLK         ; 1.000        ; 0.137      ; 3.111      ;
; -1.987 ; M[23][1]                                                                                           ; ACCU[22][4]  ; CLK          ; CLK         ; 1.000        ; 0.137      ; 3.111      ;
; -1.987 ; M[23][1]                                                                                           ; ACCU[22][6]  ; CLK          ; CLK         ; 1.000        ; 0.137      ; 3.111      ;
; -1.987 ; M[23][1]                                                                                           ; ACCU[22][7]  ; CLK          ; CLK         ; 1.000        ; 0.137      ; 3.111      ;
; -1.987 ; M[23][1]                                                                                           ; ACCU[22][10] ; CLK          ; CLK         ; 1.000        ; 0.137      ; 3.111      ;
; -1.987 ; M[23][1]                                                                                           ; ACCU[22][11] ; CLK          ; CLK         ; 1.000        ; 0.137      ; 3.111      ;
; -1.987 ; M[23][1]                                                                                           ; ACCU[22][12] ; CLK          ; CLK         ; 1.000        ; 0.137      ; 3.111      ;
; -1.987 ; M[23][1]                                                                                           ; ACCU[22][13] ; CLK          ; CLK         ; 1.000        ; 0.137      ; 3.111      ;
; -1.987 ; M[23][1]                                                                                           ; ACCU[22][14] ; CLK          ; CLK         ; 1.000        ; 0.137      ; 3.111      ;
; -1.984 ; M[49][9]                                                                                           ; ACCU[48][2]  ; CLK          ; CLK         ; 1.000        ; -0.032     ; 2.939      ;
; -1.984 ; M[49][9]                                                                                           ; ACCU[48][8]  ; CLK          ; CLK         ; 1.000        ; -0.032     ; 2.939      ;
; -1.984 ; M[49][9]                                                                                           ; ACCU[48][14] ; CLK          ; CLK         ; 1.000        ; -0.032     ; 2.939      ;
; -1.983 ; M[43][9]                                                                                           ; ACCU[42][0]  ; CLK          ; CLK         ; 1.000        ; 0.136      ; 3.106      ;
; -1.983 ; M[43][9]                                                                                           ; ACCU[42][1]  ; CLK          ; CLK         ; 1.000        ; 0.136      ; 3.106      ;
; -1.983 ; M[43][9]                                                                                           ; ACCU[42][2]  ; CLK          ; CLK         ; 1.000        ; 0.136      ; 3.106      ;
; -1.983 ; M[43][9]                                                                                           ; ACCU[42][3]  ; CLK          ; CLK         ; 1.000        ; 0.136      ; 3.106      ;
; -1.983 ; M[43][9]                                                                                           ; ACCU[42][4]  ; CLK          ; CLK         ; 1.000        ; 0.136      ; 3.106      ;
; -1.983 ; M[43][9]                                                                                           ; ACCU[42][5]  ; CLK          ; CLK         ; 1.000        ; 0.136      ; 3.106      ;
; -1.983 ; M[43][9]                                                                                           ; ACCU[42][6]  ; CLK          ; CLK         ; 1.000        ; 0.136      ; 3.106      ;
; -1.983 ; M[43][9]                                                                                           ; ACCU[42][7]  ; CLK          ; CLK         ; 1.000        ; 0.136      ; 3.106      ;
; -1.983 ; M[43][9]                                                                                           ; ACCU[42][8]  ; CLK          ; CLK         ; 1.000        ; 0.136      ; 3.106      ;
; -1.983 ; M[43][9]                                                                                           ; ACCU[42][9]  ; CLK          ; CLK         ; 1.000        ; 0.136      ; 3.106      ;
; -1.983 ; M[43][9]                                                                                           ; ACCU[42][11] ; CLK          ; CLK         ; 1.000        ; 0.136      ; 3.106      ;
; -1.983 ; M[43][9]                                                                                           ; ACCU[42][12] ; CLK          ; CLK         ; 1.000        ; 0.136      ; 3.106      ;
; -1.983 ; M[43][9]                                                                                           ; ACCU[42][13] ; CLK          ; CLK         ; 1.000        ; 0.136      ; 3.106      ;
; -1.983 ; M[43][9]                                                                                           ; ACCU[42][14] ; CLK          ; CLK         ; 1.000        ; 0.136      ; 3.106      ;
; -1.979 ; M[61][5]                                                                                           ; ACCU[60][4]  ; CLK          ; CLK         ; 1.000        ; -0.040     ; 2.926      ;
; -1.968 ; altshift_taps:SignNum_rtl_0|shift_taps_ikm:auto_generated|altsyncram_c2b1:altsyncram2|ram_block5a3 ; ACCU[0][1]   ; CLK          ; CLK         ; 1.000        ; -0.217     ; 2.738      ;
; -1.968 ; altshift_taps:SignNum_rtl_0|shift_taps_ikm:auto_generated|altsyncram_c2b1:altsyncram2|ram_block5a3 ; ACCU[0][2]   ; CLK          ; CLK         ; 1.000        ; -0.217     ; 2.738      ;
; -1.966 ; M[11][11]                                                                                          ; ACCU[10][1]  ; CLK          ; CLK         ; 1.000        ; -0.038     ; 2.915      ;
; -1.963 ; M[55][3]                                                                                           ; ACCU[54][0]  ; CLK          ; CLK         ; 1.000        ; -0.042     ; 2.908      ;
; -1.963 ; M[55][3]                                                                                           ; ACCU[54][6]  ; CLK          ; CLK         ; 1.000        ; -0.042     ; 2.908      ;
; -1.963 ; M[55][3]                                                                                           ; ACCU[54][11] ; CLK          ; CLK         ; 1.000        ; -0.042     ; 2.908      ;
; -1.953 ; M[53][1]                                                                                           ; ACCU[52][0]  ; CLK          ; CLK         ; 1.000        ; -0.043     ; 2.897      ;
; -1.953 ; M[53][1]                                                                                           ; ACCU[52][8]  ; CLK          ; CLK         ; 1.000        ; -0.043     ; 2.897      ;
; -1.953 ; M[53][1]                                                                                           ; ACCU[52][12] ; CLK          ; CLK         ; 1.000        ; -0.043     ; 2.897      ;
; -1.952 ; M[53][5]                                                                                           ; ACCU[52][0]  ; CLK          ; CLK         ; 1.000        ; -0.042     ; 2.897      ;
; -1.952 ; M[53][5]                                                                                           ; ACCU[52][8]  ; CLK          ; CLK         ; 1.000        ; -0.042     ; 2.897      ;
; -1.952 ; M[53][5]                                                                                           ; ACCU[52][12] ; CLK          ; CLK         ; 1.000        ; -0.042     ; 2.897      ;
; -1.951 ; ACCU[25][5]                                                                                        ; ACCU[24][7]  ; CLK          ; CLK         ; 1.000        ; -0.044     ; 2.894      ;
; -1.949 ; ACCU[17][7]                                                                                        ; ACCU[16][1]  ; CLK          ; CLK         ; 1.000        ; -0.044     ; 2.892      ;
; -1.949 ; ACCU[17][7]                                                                                        ; ACCU[16][2]  ; CLK          ; CLK         ; 1.000        ; -0.044     ; 2.892      ;
; -1.949 ; ACCU[17][7]                                                                                        ; ACCU[16][5]  ; CLK          ; CLK         ; 1.000        ; -0.044     ; 2.892      ;
; -1.949 ; ACCU[17][7]                                                                                        ; ACCU[16][6]  ; CLK          ; CLK         ; 1.000        ; -0.044     ; 2.892      ;
; -1.949 ; ACCU[17][7]                                                                                        ; ACCU[16][14] ; CLK          ; CLK         ; 1.000        ; -0.044     ; 2.892      ;
; -1.946 ; M[31][7]                                                                                           ; ACCU[30][10] ; CLK          ; CLK         ; 1.000        ; -0.032     ; 2.901      ;
; -1.927 ; ACCU[9][0]                                                                                         ; ACCU[8][3]   ; CLK          ; CLK         ; 1.000        ; -0.038     ; 2.876      ;
; -1.923 ; M[43][10]                                                                                          ; ACCU[42][10] ; CLK          ; CLK         ; 1.000        ; -0.041     ; 2.869      ;
; -1.923 ; M[31][3]                                                                                           ; ACCU[30][0]  ; CLK          ; CLK         ; 1.000        ; 0.156      ; 3.066      ;
; -1.923 ; M[31][3]                                                                                           ; ACCU[30][1]  ; CLK          ; CLK         ; 1.000        ; 0.156      ; 3.066      ;
; -1.923 ; M[31][3]                                                                                           ; ACCU[30][2]  ; CLK          ; CLK         ; 1.000        ; 0.156      ; 3.066      ;
; -1.923 ; M[31][3]                                                                                           ; ACCU[30][3]  ; CLK          ; CLK         ; 1.000        ; 0.156      ; 3.066      ;
; -1.923 ; M[31][3]                                                                                           ; ACCU[30][4]  ; CLK          ; CLK         ; 1.000        ; 0.156      ; 3.066      ;
; -1.923 ; M[31][3]                                                                                           ; ACCU[30][5]  ; CLK          ; CLK         ; 1.000        ; 0.156      ; 3.066      ;
; -1.923 ; M[31][3]                                                                                           ; ACCU[30][6]  ; CLK          ; CLK         ; 1.000        ; 0.156      ; 3.066      ;
; -1.923 ; M[31][3]                                                                                           ; ACCU[30][7]  ; CLK          ; CLK         ; 1.000        ; 0.156      ; 3.066      ;
; -1.923 ; M[31][3]                                                                                           ; ACCU[30][8]  ; CLK          ; CLK         ; 1.000        ; 0.156      ; 3.066      ;
+--------+----------------------------------------------------------------------------------------------------+--------------+--------------+-------------+--------------+------------+------------+


+--------------------------------------------------------------------------------------------------------+
; Fast 1200mV 0C Model Hold: 'CLK'                                                                       ;
+-------+------------+-------------+--------------+-------------+--------------+------------+------------+
; Slack ; From Node  ; To Node     ; Launch Clock ; Latch Clock ; Relationship ; Clock Skew ; Data Delay ;
+-------+------------+-------------+--------------+-------------+--------------+------------+------------+
; 0.165 ; ACCU[6][9] ; ACCU[5][10] ; CLK          ; CLK         ; 0.000        ; 0.265      ; 0.514      ;
; 0.179 ; M[33][13]  ; M[32][13]   ; CLK          ; CLK         ; 0.000        ; 0.248      ; 0.511      ;
; 0.180 ; Q[26][0]   ; Q[25][1]    ; CLK          ; CLK         ; 0.000        ; 0.049      ; 0.313      ;
; 0.180 ; M[4][15]   ; M[3][15]    ; CLK          ; CLK         ; 0.000        ; 0.049      ; 0.313      ;
; 0.181 ; Q[2][0]    ; Q[1][1]     ; CLK          ; CLK         ; 0.000        ; 0.050      ; 0.315      ;
; 0.182 ; Q[40][0]   ; Q[39][1]    ; CLK          ; CLK         ; 0.000        ; 0.049      ; 0.315      ;
; 0.183 ; Q[42][0]   ; Q[41][1]    ; CLK          ; CLK         ; 0.000        ; 0.048      ; 0.315      ;
; 0.183 ; Q[22][0]   ; Q[21][1]    ; CLK          ; CLK         ; 0.000        ; 0.049      ; 0.316      ;
; 0.183 ; Q[18][0]   ; Q[17][1]    ; CLK          ; CLK         ; 0.000        ; 0.049      ; 0.316      ;
; 0.187 ; M[20][21]  ; M[19][21]   ; CLK          ; CLK         ; 0.000        ; 0.042      ; 0.313      ;
; 0.187 ; M[24][21]  ; M[23][21]   ; CLK          ; CLK         ; 0.000        ; 0.043      ; 0.314      ;
; 0.187 ; Q[12][8]   ; Q[11][9]    ; CLK          ; CLK         ; 0.000        ; 0.042      ; 0.313      ;
; 0.187 ; Q[13][8]   ; Q[12][8]    ; CLK          ; CLK         ; 0.000        ; 0.042      ; 0.313      ;
; 0.187 ; M[26][30]  ; M[25][30]   ; CLK          ; CLK         ; 0.000        ; 0.042      ; 0.313      ;
; 0.187 ; M[28][12]  ; M[27][12]   ; CLK          ; CLK         ; 0.000        ; 0.042      ; 0.313      ;
; 0.187 ; M[29][9]   ; ACCU[28][9] ; CLK          ; CLK         ; 0.000        ; 0.227      ; 0.498      ;
; 0.187 ; M[49][1]   ; ACCU[48][1] ; CLK          ; CLK         ; 0.000        ; 0.227      ; 0.498      ;
; 0.187 ; M[62][5]   ; M[61][5]    ; CLK          ; CLK         ; 0.000        ; 0.042      ; 0.313      ;
; 0.187 ; Q[58][23]  ; Q[57][24]   ; CLK          ; CLK         ; 0.000        ; 0.042      ; 0.313      ;
; 0.188 ; Q[4][3]    ; Q[3][4]     ; CLK          ; CLK         ; 0.000        ; 0.042      ; 0.314      ;
; 0.188 ; Q[9][1]    ; Q[8][1]     ; CLK          ; CLK         ; 0.000        ; 0.042      ; 0.314      ;
; 0.188 ; Q[6][1]    ; Q[5][2]     ; CLK          ; CLK         ; 0.000        ; 0.042      ; 0.314      ;
; 0.188 ; Q[3][1]    ; Q[2][1]     ; CLK          ; CLK         ; 0.000        ; 0.042      ; 0.314      ;
; 0.188 ; Q[4][0]    ; Q[3][1]     ; CLK          ; CLK         ; 0.000        ; 0.042      ; 0.314      ;
; 0.188 ; M[4][31]   ; M[3][31]    ; CLK          ; CLK         ; 0.000        ; 0.042      ; 0.314      ;
; 0.188 ; M[4][25]   ; M[3][25]    ; CLK          ; CLK         ; 0.000        ; 0.042      ; 0.314      ;
; 0.188 ; M[6][31]   ; M[5][31]    ; CLK          ; CLK         ; 0.000        ; 0.042      ; 0.314      ;
; 0.188 ; M[6][21]   ; M[5][21]    ; CLK          ; CLK         ; 0.000        ; 0.042      ; 0.314      ;
; 0.188 ; M[8][31]   ; M[7][31]    ; CLK          ; CLK         ; 0.000        ; 0.042      ; 0.314      ;
; 0.188 ; M[18][30]  ; M[17][30]   ; CLK          ; CLK         ; 0.000        ; 0.042      ; 0.314      ;
; 0.188 ; M[18][29]  ; M[17][29]   ; CLK          ; CLK         ; 0.000        ; 0.042      ; 0.314      ;
; 0.188 ; M[20][26]  ; M[19][26]   ; CLK          ; CLK         ; 0.000        ; 0.042      ; 0.314      ;
; 0.188 ; M[20][18]  ; M[19][18]   ; CLK          ; CLK         ; 0.000        ; 0.042      ; 0.314      ;
; 0.188 ; M[22][26]  ; M[21][26]   ; CLK          ; CLK         ; 0.000        ; 0.042      ; 0.314      ;
; 0.188 ; M[22][21]  ; M[21][21]   ; CLK          ; CLK         ; 0.000        ; 0.042      ; 0.314      ;
; 0.188 ; M[26][26]  ; M[25][26]   ; CLK          ; CLK         ; 0.000        ; 0.042      ; 0.314      ;
; 0.188 ; Q[55][3]   ; Q[54][3]    ; CLK          ; CLK         ; 0.000        ; 0.041      ; 0.313      ;
; 0.188 ; Q[48][5]   ; Q[47][6]    ; CLK          ; CLK         ; 0.000        ; 0.041      ; 0.313      ;
; 0.188 ; Q[48][4]   ; Q[47][5]    ; CLK          ; CLK         ; 0.000        ; 0.041      ; 0.313      ;
; 0.188 ; Q[52][1]   ; Q[51][2]    ; CLK          ; CLK         ; 0.000        ; 0.041      ; 0.313      ;
; 0.188 ; Q[28][10]  ; Q[27][11]   ; CLK          ; CLK         ; 0.000        ; 0.041      ; 0.313      ;
; 0.188 ; Q[2][22]   ; Q[1][23]    ; CLK          ; CLK         ; 0.000        ; 0.041      ; 0.313      ;
; 0.188 ; Q[3][22]   ; Q[2][22]    ; CLK          ; CLK         ; 0.000        ; 0.041      ; 0.313      ;
; 0.188 ; Q[4][21]   ; Q[3][22]    ; CLK          ; CLK         ; 0.000        ; 0.041      ; 0.313      ;
; 0.188 ; Q[9][19]   ; Q[8][19]    ; CLK          ; CLK         ; 0.000        ; 0.041      ; 0.313      ;
; 0.188 ; Q[15][14]  ; Q[14][14]   ; CLK          ; CLK         ; 0.000        ; 0.041      ; 0.313      ;
; 0.188 ; Q[4][18]   ; Q[3][19]    ; CLK          ; CLK         ; 0.000        ; 0.041      ; 0.313      ;
; 0.188 ; Q[3][18]   ; Q[2][18]    ; CLK          ; CLK         ; 0.000        ; 0.041      ; 0.313      ;
; 0.188 ; Q[12][9]   ; Q[11][10]   ; CLK          ; CLK         ; 0.000        ; 0.041      ; 0.313      ;
; 0.188 ; Q[3][13]   ; Q[2][13]    ; CLK          ; CLK         ; 0.000        ; 0.042      ; 0.314      ;
; 0.188 ; Q[4][12]   ; Q[3][13]    ; CLK          ; CLK         ; 0.000        ; 0.042      ; 0.314      ;
; 0.188 ; Q[9][10]   ; Q[8][10]    ; CLK          ; CLK         ; 0.000        ; 0.042      ; 0.314      ;
; 0.188 ; Q[10][9]   ; Q[9][10]    ; CLK          ; CLK         ; 0.000        ; 0.042      ; 0.314      ;
; 0.188 ; Q[16][6]   ; Q[15][7]    ; CLK          ; CLK         ; 0.000        ; 0.042      ; 0.314      ;
; 0.188 ; Q[19][5]   ; Q[18][5]    ; CLK          ; CLK         ; 0.000        ; 0.042      ; 0.314      ;
; 0.188 ; Q[20][4]   ; Q[19][5]    ; CLK          ; CLK         ; 0.000        ; 0.042      ; 0.314      ;
; 0.188 ; Q[24][2]   ; Q[23][3]    ; CLK          ; CLK         ; 0.000        ; 0.042      ; 0.314      ;
; 0.188 ; Q[26][1]   ; Q[25][2]    ; CLK          ; CLK         ; 0.000        ; 0.042      ; 0.314      ;
; 0.188 ; Q[18][4]   ; Q[17][5]    ; CLK          ; CLK         ; 0.000        ; 0.041      ; 0.313      ;
; 0.188 ; Q[18][1]   ; Q[17][2]    ; CLK          ; CLK         ; 0.000        ; 0.041      ; 0.313      ;
; 0.188 ; Q[16][1]   ; Q[15][2]    ; CLK          ; CLK         ; 0.000        ; 0.041      ; 0.313      ;
; 0.188 ; Q[1][4]    ; Q[0][4]     ; CLK          ; CLK         ; 0.000        ; 0.041      ; 0.313      ;
; 0.188 ; M[2][30]   ; M[1][30]    ; CLK          ; CLK         ; 0.000        ; 0.042      ; 0.314      ;
; 0.188 ; M[4][3]    ; M[3][3]     ; CLK          ; CLK         ; 0.000        ; 0.042      ; 0.314      ;
; 0.188 ; M[20][28]  ; M[19][28]   ; CLK          ; CLK         ; 0.000        ; 0.042      ; 0.314      ;
; 0.188 ; M[24][29]  ; M[23][29]   ; CLK          ; CLK         ; 0.000        ; 0.042      ; 0.314      ;
; 0.188 ; M[24][19]  ; M[23][19]   ; CLK          ; CLK         ; 0.000        ; 0.042      ; 0.314      ;
; 0.188 ; M[24][9]   ; M[23][9]    ; CLK          ; CLK         ; 0.000        ; 0.041      ; 0.313      ;
; 0.188 ; M[26][20]  ; M[25][20]   ; CLK          ; CLK         ; 0.000        ; 0.041      ; 0.313      ;
; 0.188 ; M[28][25]  ; M[27][25]   ; CLK          ; CLK         ; 0.000        ; 0.042      ; 0.314      ;
; 0.188 ; M[30][28]  ; M[29][28]   ; CLK          ; CLK         ; 0.000        ; 0.042      ; 0.314      ;
; 0.188 ; M[30][6]   ; M[29][6]    ; CLK          ; CLK         ; 0.000        ; 0.041      ; 0.313      ;
; 0.188 ; M[32][29]  ; M[31][29]   ; CLK          ; CLK         ; 0.000        ; 0.041      ; 0.313      ;
; 0.188 ; M[32][24]  ; M[31][24]   ; CLK          ; CLK         ; 0.000        ; 0.042      ; 0.314      ;
; 0.188 ; M[32][22]  ; M[31][22]   ; CLK          ; CLK         ; 0.000        ; 0.042      ; 0.314      ;
; 0.188 ; M[32][19]  ; M[31][19]   ; CLK          ; CLK         ; 0.000        ; 0.042      ; 0.314      ;
; 0.188 ; M[32][17]  ; M[31][17]   ; CLK          ; CLK         ; 0.000        ; 0.042      ; 0.314      ;
; 0.188 ; M[32][15]  ; M[31][15]   ; CLK          ; CLK         ; 0.000        ; 0.042      ; 0.314      ;
; 0.188 ; M[34][26]  ; M[33][26]   ; CLK          ; CLK         ; 0.000        ; 0.042      ; 0.314      ;
; 0.188 ; M[38][21]  ; M[37][21]   ; CLK          ; CLK         ; 0.000        ; 0.042      ; 0.314      ;
; 0.188 ; M[48][28]  ; M[47][28]   ; CLK          ; CLK         ; 0.000        ; 0.041      ; 0.313      ;
; 0.188 ; M[58][29]  ; M[57][29]   ; CLK          ; CLK         ; 0.000        ; 0.042      ; 0.314      ;
; 0.188 ; M[60][29]  ; M[59][29]   ; CLK          ; CLK         ; 0.000        ; 0.042      ; 0.314      ;
; 0.188 ; M[62][12]  ; M[61][12]   ; CLK          ; CLK         ; 0.000        ; 0.042      ; 0.314      ;
; 0.188 ; M[62][9]   ; M[61][9]    ; CLK          ; CLK         ; 0.000        ; 0.042      ; 0.314      ;
; 0.188 ; M[62][4]   ; M[61][4]    ; CLK          ; CLK         ; 0.000        ; 0.042      ; 0.314      ;
; 0.188 ; Q[61][29]  ; Q[60][29]   ; CLK          ; CLK         ; 0.000        ; 0.042      ; 0.314      ;
; 0.188 ; Q[56][30]  ; Q[55][31]   ; CLK          ; CLK         ; 0.000        ; 0.042      ; 0.314      ;
; 0.188 ; Q[57][30]  ; Q[56][30]   ; CLK          ; CLK         ; 0.000        ; 0.042      ; 0.314      ;
; 0.188 ; Q[58][29]  ; Q[57][30]   ; CLK          ; CLK         ; 0.000        ; 0.042      ; 0.314      ;
; 0.188 ; Q[60][28]  ; Q[59][29]   ; CLK          ; CLK         ; 0.000        ; 0.042      ; 0.314      ;
; 0.188 ; Q[61][28]  ; Q[60][28]   ; CLK          ; CLK         ; 0.000        ; 0.042      ; 0.314      ;
; 0.188 ; Q[56][25]  ; Q[55][26]   ; CLK          ; CLK         ; 0.000        ; 0.042      ; 0.314      ;
; 0.188 ; Q[57][25]  ; Q[56][25]   ; CLK          ; CLK         ; 0.000        ; 0.042      ; 0.314      ;
; 0.188 ; Q[48][28]  ; Q[47][29]   ; CLK          ; CLK         ; 0.000        ; 0.042      ; 0.314      ;
; 0.188 ; Q[49][28]  ; Q[48][28]   ; CLK          ; CLK         ; 0.000        ; 0.042      ; 0.314      ;
; 0.188 ; Q[55][25]  ; Q[54][25]   ; CLK          ; CLK         ; 0.000        ; 0.042      ; 0.314      ;
; 0.188 ; Q[62][21]  ; Q[61][22]   ; CLK          ; CLK         ; 0.000        ; 0.042      ; 0.314      ;
; 0.188 ; Q[60][21]  ; Q[59][22]   ; CLK          ; CLK         ; 0.000        ; 0.041      ; 0.313      ;
; 0.188 ; Q[40][30]  ; Q[39][31]   ; CLK          ; CLK         ; 0.000        ; 0.042      ; 0.314      ;
+-------+------------+-------------+--------------+-------------+--------------+------------+------------+


+----------------------------------------------------------------------------------------------------------------------------------------------------------------------------------------------------------------------------------------------------+
; Fast 1200mV 0C Model Recovery: 'CLK'                                                                                                                                                                                                               ;
+-------+-----------------------------------------------------------------+----------------------------------------------------------------------------------------------------+--------------+-------------+--------------+------------+------------+
; Slack ; From Node                                                       ; To Node                                                                                            ; Launch Clock ; Latch Clock ; Relationship ; Clock Skew ; Data Delay ;
+-------+-----------------------------------------------------------------+----------------------------------------------------------------------------------------------------+--------------+-------------+--------------+------------+------------+
; 0.034 ; altshift_taps:SignNum_rtl_0|shift_taps_ikm:auto_generated|dffe4 ; altshift_taps:SignNum_rtl_0|shift_taps_ikm:auto_generated|altsyncram_c2b1:altsyncram2|ram_block5a0 ; CLK          ; CLK         ; 1.000        ; 0.124      ; 1.045      ;
; 0.034 ; altshift_taps:SignNum_rtl_0|shift_taps_ikm:auto_generated|dffe4 ; altshift_taps:SignNum_rtl_0|shift_taps_ikm:auto_generated|altsyncram_c2b1:altsyncram2|ram_block5a1 ; CLK          ; CLK         ; 1.000        ; 0.124      ; 1.045      ;
; 0.034 ; altshift_taps:SignNum_rtl_0|shift_taps_ikm:auto_generated|dffe4 ; altshift_taps:SignNum_rtl_0|shift_taps_ikm:auto_generated|altsyncram_c2b1:altsyncram2|ram_block5a2 ; CLK          ; CLK         ; 1.000        ; 0.124      ; 1.045      ;
; 0.034 ; altshift_taps:SignNum_rtl_0|shift_taps_ikm:auto_generated|dffe4 ; altshift_taps:SignNum_rtl_0|shift_taps_ikm:auto_generated|altsyncram_c2b1:altsyncram2|ram_block5a3 ; CLK          ; CLK         ; 1.000        ; 0.124      ; 1.045      ;
+-------+-----------------------------------------------------------------+----------------------------------------------------------------------------------------------------+--------------+-------------+--------------+------------+------------+


+----------------------------------------------------------------------------------------------------------------------------------------------------------------------------------------------------------------------------------------------------+
; Fast 1200mV 0C Model Removal: 'CLK'                                                                                                                                                                                                                ;
+-------+-----------------------------------------------------------------+----------------------------------------------------------------------------------------------------+--------------+-------------+--------------+------------+------------+
; Slack ; From Node                                                       ; To Node                                                                                            ; Launch Clock ; Latch Clock ; Relationship ; Clock Skew ; Data Delay ;
+-------+-----------------------------------------------------------------+----------------------------------------------------------------------------------------------------+--------------+-------------+--------------+------------+------------+
; 0.667 ; altshift_taps:SignNum_rtl_0|shift_taps_ikm:auto_generated|dffe4 ; altshift_taps:SignNum_rtl_0|shift_taps_ikm:auto_generated|altsyncram_c2b1:altsyncram2|ram_block5a0 ; CLK          ; CLK         ; 0.000        ; 0.214      ; 0.971      ;
; 0.667 ; altshift_taps:SignNum_rtl_0|shift_taps_ikm:auto_generated|dffe4 ; altshift_taps:SignNum_rtl_0|shift_taps_ikm:auto_generated|altsyncram_c2b1:altsyncram2|ram_block5a1 ; CLK          ; CLK         ; 0.000        ; 0.214      ; 0.971      ;
; 0.667 ; altshift_taps:SignNum_rtl_0|shift_taps_ikm:auto_generated|dffe4 ; altshift_taps:SignNum_rtl_0|shift_taps_ikm:auto_generated|altsyncram_c2b1:altsyncram2|ram_block5a2 ; CLK          ; CLK         ; 0.000        ; 0.214      ; 0.971      ;
; 0.667 ; altshift_taps:SignNum_rtl_0|shift_taps_ikm:auto_generated|dffe4 ; altshift_taps:SignNum_rtl_0|shift_taps_ikm:auto_generated|altsyncram_c2b1:altsyncram2|ram_block5a3 ; CLK          ; CLK         ; 0.000        ; 0.214      ; 0.971      ;
+-------+-----------------------------------------------------------------+----------------------------------------------------------------------------------------------------+--------------+-------------+--------------+------------+------------+


----------------------------------------------
; Fast 1200mV 0C Model Metastability Summary ;
----------------------------------------------
Design MTBF is not calculated because the design doesn't meet its timing requirements.



+---------------------------------------------------------------------------------+
; Multicorner Timing Analysis Summary                                             ;
+------------------+-----------+-------+----------+---------+---------------------+
; Clock            ; Setup     ; Hold  ; Recovery ; Removal ; Minimum Pulse Width ;
+------------------+-----------+-------+----------+---------+---------------------+
; Worst-case Slack ; -5.365    ; 0.165 ; -0.975   ; 0.667   ; -3.000              ;
;  CLK             ; -5.365    ; 0.165 ; -0.975   ; 0.667   ; -3.000              ;
; Design-wide TNS  ; -6149.546 ; 0.0   ; -3.9     ; 0.0     ; -7775.541           ;
;  CLK             ; -6149.546 ; 0.000 ; -3.900   ; 0.000   ; -7775.541           ;
+------------------+-----------+-------+----------+---------+---------------------+


+------------------------------------------------------------------------------------------------------------------------------------------------------------------------------------------------------------------------------------------------------------------------------------------------------------------------------------------------------------------------------------------------------------------+
; Board Trace Model Assignments                                                                                                                                                                                                                                                                                                                                                                                    ;
+---------------+--------------+-------------------+-------------------------+-------------------------+---------------+---------------------+----------------+------------------+--------+------------------+------------------------+------------------------+--------------+---------------+-----------------+-------+---------------------+--------------------+---------------+-----------------+-------------+
; Pin           ; I/O Standard ; Near Tline Length ; Near Tline L per Length ; Near Tline C per Length ; Near Series R ; Near Differential R ; Near Pull-up R ; Near Pull-down R ; Near C ; Far Tline Length ; Far Tline L per Length ; Far Tline C per Length ; Far Series R ; Far Pull-up R ; Far Pull-down R ; Far C ; Termination Voltage ; Far Differential R ; EBD File Name ; EBD Signal Name ; EBD Far-end ;
+---------------+--------------+-------------------+-------------------------+-------------------------+---------------+---------------------+----------------+------------------+--------+------------------+------------------------+------------------------+--------------+---------------+-----------------+-------+---------------------+--------------------+---------------+-----------------+-------------+
; Coc[0]        ; 2.5 V        ; 0 in              ; 0 H/in                  ; 0 F/in                  ; short         ; -                   ; open           ; open             ; open   ; 0 in             ; 0 H/in                 ; 0 F/in                 ; short        ; open          ; open            ; open  ; 0 V                 ; -                  ; n/a           ; n/a             ; n/a         ;
; Coc[1]        ; 2.5 V        ; 0 in              ; 0 H/in                  ; 0 F/in                  ; short         ; -                   ; open           ; open             ; open   ; 0 in             ; 0 H/in                 ; 0 F/in                 ; short        ; open          ; open            ; open  ; 0 V                 ; -                  ; n/a           ; n/a             ; n/a         ;
; Coc[2]        ; 2.5 V        ; 0 in              ; 0 H/in                  ; 0 F/in                  ; short         ; -                   ; open           ; open             ; open   ; 0 in             ; 0 H/in                 ; 0 F/in                 ; short        ; open          ; open            ; open  ; 0 V                 ; -                  ; n/a           ; n/a             ; n/a         ;
; Coc[3]        ; 2.5 V        ; 0 in              ; 0 H/in                  ; 0 F/in                  ; short         ; -                   ; open           ; open             ; open   ; 0 in             ; 0 H/in                 ; 0 F/in                 ; short        ; open          ; open            ; open  ; 0 V                 ; -                  ; n/a           ; n/a             ; n/a         ;
; Coc[4]        ; 2.5 V        ; 0 in              ; 0 H/in                  ; 0 F/in                  ; short         ; -                   ; open           ; open             ; open   ; 0 in             ; 0 H/in                 ; 0 F/in                 ; short        ; open          ; open            ; open  ; 0 V                 ; -                  ; n/a           ; n/a             ; n/a         ;
; Coc[5]        ; 2.5 V        ; 0 in              ; 0 H/in                  ; 0 F/in                  ; short         ; -                   ; open           ; open             ; open   ; 0 in             ; 0 H/in                 ; 0 F/in                 ; short        ; open          ; open            ; open  ; 0 V                 ; -                  ; n/a           ; n/a             ; n/a         ;
; Coc[6]        ; 2.5 V        ; 0 in              ; 0 H/in                  ; 0 F/in                  ; short         ; -                   ; open           ; open             ; open   ; 0 in             ; 0 H/in                 ; 0 F/in                 ; short        ; open          ; open            ; open  ; 0 V                 ; -                  ; n/a           ; n/a             ; n/a         ;
; Coc[7]        ; 2.5 V        ; 0 in              ; 0 H/in                  ; 0 F/in                  ; short         ; -                   ; open           ; open             ; open   ; 0 in             ; 0 H/in                 ; 0 F/in                 ; short        ; open          ; open            ; open  ; 0 V                 ; -                  ; n/a           ; n/a             ; n/a         ;
; Coc[8]        ; 2.5 V        ; 0 in              ; 0 H/in                  ; 0 F/in                  ; short         ; -                   ; open           ; open             ; open   ; 0 in             ; 0 H/in                 ; 0 F/in                 ; short        ; open          ; open            ; open  ; 0 V                 ; -                  ; n/a           ; n/a             ; n/a         ;
; Coc[9]        ; 2.5 V        ; 0 in              ; 0 H/in                  ; 0 F/in                  ; short         ; -                   ; open           ; open             ; open   ; 0 in             ; 0 H/in                 ; 0 F/in                 ; short        ; open          ; open            ; open  ; 0 V                 ; -                  ; n/a           ; n/a             ; n/a         ;
; Coc[10]       ; 2.5 V        ; 0 in              ; 0 H/in                  ; 0 F/in                  ; short         ; -                   ; open           ; open             ; open   ; 0 in             ; 0 H/in                 ; 0 F/in                 ; short        ; open          ; open            ; open  ; 0 V                 ; -                  ; n/a           ; n/a             ; n/a         ;
; Coc[11]       ; 2.5 V        ; 0 in              ; 0 H/in                  ; 0 F/in                  ; short         ; -                   ; open           ; open             ; open   ; 0 in             ; 0 H/in                 ; 0 F/in                 ; short        ; open          ; open            ; open  ; 0 V                 ; -                  ; n/a           ; n/a             ; n/a         ;
; Coc[12]       ; 2.5 V        ; 0 in              ; 0 H/in                  ; 0 F/in                  ; short         ; -                   ; open           ; open             ; open   ; 0 in             ; 0 H/in                 ; 0 F/in                 ; short        ; open          ; open            ; open  ; 0 V                 ; -                  ; n/a           ; n/a             ; n/a         ;
; Coc[13]       ; 2.5 V        ; 0 in              ; 0 H/in                  ; 0 F/in                  ; short         ; -                   ; open           ; open             ; open   ; 0 in             ; 0 H/in                 ; 0 F/in                 ; short        ; open          ; open            ; open  ; 0 V                 ; -                  ; n/a           ; n/a             ; n/a         ;
; Coc[14]       ; 2.5 V        ; 0 in              ; 0 H/in                  ; 0 F/in                  ; short         ; -                   ; open           ; open             ; open   ; 0 in             ; 0 H/in                 ; 0 F/in                 ; short        ; open          ; open            ; open  ; 0 V                 ; -                  ; n/a           ; n/a             ; n/a         ;
; Coc[15]       ; 2.5 V        ; 0 in              ; 0 H/in                  ; 0 F/in                  ; short         ; -                   ; open           ; open             ; open   ; 0 in             ; 0 H/in                 ; 0 F/in                 ; short        ; open          ; open            ; open  ; 0 V                 ; -                  ; n/a           ; n/a             ; n/a         ;
; Coc[16]       ; 2.5 V        ; 0 in              ; 0 H/in                  ; 0 F/in                  ; short         ; -                   ; open           ; open             ; open   ; 0 in             ; 0 H/in                 ; 0 F/in                 ; short        ; open          ; open            ; open  ; 0 V                 ; -                  ; n/a           ; n/a             ; n/a         ;
; Coc[17]       ; 2.5 V        ; 0 in              ; 0 H/in                  ; 0 F/in                  ; short         ; -                   ; open           ; open             ; open   ; 0 in             ; 0 H/in                 ; 0 F/in                 ; short        ; open          ; open            ; open  ; 0 V                 ; -                  ; n/a           ; n/a             ; n/a         ;
; Coc[18]       ; 2.5 V        ; 0 in              ; 0 H/in                  ; 0 F/in                  ; short         ; -                   ; open           ; open             ; open   ; 0 in             ; 0 H/in                 ; 0 F/in                 ; short        ; open          ; open            ; open  ; 0 V                 ; -                  ; n/a           ; n/a             ; n/a         ;
; Coc[19]       ; 2.5 V        ; 0 in              ; 0 H/in                  ; 0 F/in                  ; short         ; -                   ; open           ; open             ; open   ; 0 in             ; 0 H/in                 ; 0 F/in                 ; short        ; open          ; open            ; open  ; 0 V                 ; -                  ; n/a           ; n/a             ; n/a         ;
; Coc[20]       ; 2.5 V        ; 0 in              ; 0 H/in                  ; 0 F/in                  ; short         ; -                   ; open           ; open             ; open   ; 0 in             ; 0 H/in                 ; 0 F/in                 ; short        ; open          ; open            ; open  ; 0 V                 ; -                  ; n/a           ; n/a             ; n/a         ;
; Coc[21]       ; 2.5 V        ; 0 in              ; 0 H/in                  ; 0 F/in                  ; short         ; -                   ; open           ; open             ; open   ; 0 in             ; 0 H/in                 ; 0 F/in                 ; short        ; open          ; open            ; open  ; 0 V                 ; -                  ; n/a           ; n/a             ; n/a         ;
; Coc[22]       ; 2.5 V        ; 0 in              ; 0 H/in                  ; 0 F/in                  ; short         ; -                   ; open           ; open             ; open   ; 0 in             ; 0 H/in                 ; 0 F/in                 ; short        ; open          ; open            ; open  ; 0 V                 ; -                  ; n/a           ; n/a             ; n/a         ;
; Coc[23]       ; 2.5 V        ; 0 in              ; 0 H/in                  ; 0 F/in                  ; short         ; -                   ; open           ; open             ; open   ; 0 in             ; 0 H/in                 ; 0 F/in                 ; short        ; open          ; open            ; open  ; 0 V                 ; -                  ; n/a           ; n/a             ; n/a         ;
; Coc[24]       ; 2.5 V        ; 0 in              ; 0 H/in                  ; 0 F/in                  ; short         ; -                   ; open           ; open             ; open   ; 0 in             ; 0 H/in                 ; 0 F/in                 ; short        ; open          ; open            ; open  ; 0 V                 ; -                  ; n/a           ; n/a             ; n/a         ;
; Coc[25]       ; 2.5 V        ; 0 in              ; 0 H/in                  ; 0 F/in                  ; short         ; -                   ; open           ; open             ; open   ; 0 in             ; 0 H/in                 ; 0 F/in                 ; short        ; open          ; open            ; open  ; 0 V                 ; -                  ; n/a           ; n/a             ; n/a         ;
; Coc[26]       ; 2.5 V        ; 0 in              ; 0 H/in                  ; 0 F/in                  ; short         ; -                   ; open           ; open             ; open   ; 0 in             ; 0 H/in                 ; 0 F/in                 ; short        ; open          ; open            ; open  ; 0 V                 ; -                  ; n/a           ; n/a             ; n/a         ;
; Coc[27]       ; 2.5 V        ; 0 in              ; 0 H/in                  ; 0 F/in                  ; short         ; -                   ; open           ; open             ; open   ; 0 in             ; 0 H/in                 ; 0 F/in                 ; short        ; open          ; open            ; open  ; 0 V                 ; -                  ; n/a           ; n/a             ; n/a         ;
; Coc[28]       ; 2.5 V        ; 0 in              ; 0 H/in                  ; 0 F/in                  ; short         ; -                   ; open           ; open             ; open   ; 0 in             ; 0 H/in                 ; 0 F/in                 ; short        ; open          ; open            ; open  ; 0 V                 ; -                  ; n/a           ; n/a             ; n/a         ;
; Coc[29]       ; 2.5 V        ; 0 in              ; 0 H/in                  ; 0 F/in                  ; short         ; -                   ; open           ; open             ; open   ; 0 in             ; 0 H/in                 ; 0 F/in                 ; short        ; open          ; open            ; open  ; 0 V                 ; -                  ; n/a           ; n/a             ; n/a         ;
; Coc[30]       ; 2.5 V        ; 0 in              ; 0 H/in                  ; 0 F/in                  ; short         ; -                   ; open           ; open             ; open   ; 0 in             ; 0 H/in                 ; 0 F/in                 ; short        ; open          ; open            ; open  ; 0 V                 ; -                  ; n/a           ; n/a             ; n/a         ;
; Coc[31]       ; 2.5 V        ; 0 in              ; 0 H/in                  ; 0 F/in                  ; short         ; -                   ; open           ; open             ; open   ; 0 in             ; 0 H/in                 ; 0 F/in                 ; short        ; open          ; open            ; open  ; 0 V                 ; -                  ; n/a           ; n/a             ; n/a         ;
; Res[0]        ; 2.5 V        ; 0 in              ; 0 H/in                  ; 0 F/in                  ; short         ; -                   ; open           ; open             ; open   ; 0 in             ; 0 H/in                 ; 0 F/in                 ; short        ; open          ; open            ; open  ; 0 V                 ; -                  ; n/a           ; n/a             ; n/a         ;
; Res[1]        ; 2.5 V        ; 0 in              ; 0 H/in                  ; 0 F/in                  ; short         ; -                   ; open           ; open             ; open   ; 0 in             ; 0 H/in                 ; 0 F/in                 ; short        ; open          ; open            ; open  ; 0 V                 ; -                  ; n/a           ; n/a             ; n/a         ;
; Res[2]        ; 2.5 V        ; 0 in              ; 0 H/in                  ; 0 F/in                  ; short         ; -                   ; open           ; open             ; open   ; 0 in             ; 0 H/in                 ; 0 F/in                 ; short        ; open          ; open            ; open  ; 0 V                 ; -                  ; n/a           ; n/a             ; n/a         ;
; Res[3]        ; 2.5 V        ; 0 in              ; 0 H/in                  ; 0 F/in                  ; short         ; -                   ; open           ; open             ; open   ; 0 in             ; 0 H/in                 ; 0 F/in                 ; short        ; open          ; open            ; open  ; 0 V                 ; -                  ; n/a           ; n/a             ; n/a         ;
; Res[4]        ; 2.5 V        ; 0 in              ; 0 H/in                  ; 0 F/in                  ; short         ; -                   ; open           ; open             ; open   ; 0 in             ; 0 H/in                 ; 0 F/in                 ; short        ; open          ; open            ; open  ; 0 V                 ; -                  ; n/a           ; n/a             ; n/a         ;
; Res[5]        ; 2.5 V        ; 0 in              ; 0 H/in                  ; 0 F/in                  ; short         ; -                   ; open           ; open             ; open   ; 0 in             ; 0 H/in                 ; 0 F/in                 ; short        ; open          ; open            ; open  ; 0 V                 ; -                  ; n/a           ; n/a             ; n/a         ;
; Res[6]        ; 2.5 V        ; 0 in              ; 0 H/in                  ; 0 F/in                  ; short         ; -                   ; open           ; open             ; open   ; 0 in             ; 0 H/in                 ; 0 F/in                 ; short        ; open          ; open            ; open  ; 0 V                 ; -                  ; n/a           ; n/a             ; n/a         ;
; Res[7]        ; 2.5 V        ; 0 in              ; 0 H/in                  ; 0 F/in                  ; short         ; -                   ; open           ; open             ; open   ; 0 in             ; 0 H/in                 ; 0 F/in                 ; short        ; open          ; open            ; open  ; 0 V                 ; -                  ; n/a           ; n/a             ; n/a         ;
; Res[8]        ; 2.5 V        ; 0 in              ; 0 H/in                  ; 0 F/in                  ; short         ; -                   ; open           ; open             ; open   ; 0 in             ; 0 H/in                 ; 0 F/in                 ; short        ; open          ; open            ; open  ; 0 V                 ; -                  ; n/a           ; n/a             ; n/a         ;
; Res[9]        ; 2.5 V        ; 0 in              ; 0 H/in                  ; 0 F/in                  ; short         ; -                   ; open           ; open             ; open   ; 0 in             ; 0 H/in                 ; 0 F/in                 ; short        ; open          ; open            ; open  ; 0 V                 ; -                  ; n/a           ; n/a             ; n/a         ;
; Res[10]       ; 2.5 V        ; 0 in              ; 0 H/in                  ; 0 F/in                  ; short         ; -                   ; open           ; open             ; open   ; 0 in             ; 0 H/in                 ; 0 F/in                 ; short        ; open          ; open            ; open  ; 0 V                 ; -                  ; n/a           ; n/a             ; n/a         ;
; Res[11]       ; 2.5 V        ; 0 in              ; 0 H/in                  ; 0 F/in                  ; short         ; -                   ; open           ; open             ; open   ; 0 in             ; 0 H/in                 ; 0 F/in                 ; short        ; open          ; open            ; open  ; 0 V                 ; -                  ; n/a           ; n/a             ; n/a         ;
; Res[12]       ; 2.5 V        ; 0 in              ; 0 H/in                  ; 0 F/in                  ; short         ; -                   ; open           ; open             ; open   ; 0 in             ; 0 H/in                 ; 0 F/in                 ; short        ; open          ; open            ; open  ; 0 V                 ; -                  ; n/a           ; n/a             ; n/a         ;
; Res[13]       ; 2.5 V        ; 0 in              ; 0 H/in                  ; 0 F/in                  ; short         ; -                   ; open           ; open             ; open   ; 0 in             ; 0 H/in                 ; 0 F/in                 ; short        ; open          ; open            ; open  ; 0 V                 ; -                  ; n/a           ; n/a             ; n/a         ;
; Res[14]       ; 2.5 V        ; 0 in              ; 0 H/in                  ; 0 F/in                  ; short         ; -                   ; open           ; open             ; open   ; 0 in             ; 0 H/in                 ; 0 F/in                 ; short        ; open          ; open            ; open  ; 0 V                 ; -                  ; n/a           ; n/a             ; n/a         ;
; Res[15]       ; 2.5 V        ; 0 in              ; 0 H/in                  ; 0 F/in                  ; short         ; -                   ; open           ; open             ; open   ; 0 in             ; 0 H/in                 ; 0 F/in                 ; short        ; open          ; open            ; open  ; 0 V                 ; -                  ; n/a           ; n/a             ; n/a         ;
; Res[16]       ; 2.5 V        ; 0 in              ; 0 H/in                  ; 0 F/in                  ; short         ; -                   ; open           ; open             ; open   ; 0 in             ; 0 H/in                 ; 0 F/in                 ; short        ; open          ; open            ; open  ; 0 V                 ; -                  ; n/a           ; n/a             ; n/a         ;
; Res[17]       ; 2.5 V        ; 0 in              ; 0 H/in                  ; 0 F/in                  ; short         ; -                   ; open           ; open             ; open   ; 0 in             ; 0 H/in                 ; 0 F/in                 ; short        ; open          ; open            ; open  ; 0 V                 ; -                  ; n/a           ; n/a             ; n/a         ;
; Res[18]       ; 2.5 V        ; 0 in              ; 0 H/in                  ; 0 F/in                  ; short         ; -                   ; open           ; open             ; open   ; 0 in             ; 0 H/in                 ; 0 F/in                 ; short        ; open          ; open            ; open  ; 0 V                 ; -                  ; n/a           ; n/a             ; n/a         ;
; Res[19]       ; 2.5 V        ; 0 in              ; 0 H/in                  ; 0 F/in                  ; short         ; -                   ; open           ; open             ; open   ; 0 in             ; 0 H/in                 ; 0 F/in                 ; short        ; open          ; open            ; open  ; 0 V                 ; -                  ; n/a           ; n/a             ; n/a         ;
; Res[20]       ; 2.5 V        ; 0 in              ; 0 H/in                  ; 0 F/in                  ; short         ; -                   ; open           ; open             ; open   ; 0 in             ; 0 H/in                 ; 0 F/in                 ; short        ; open          ; open            ; open  ; 0 V                 ; -                  ; n/a           ; n/a             ; n/a         ;
; Res[21]       ; 2.5 V        ; 0 in              ; 0 H/in                  ; 0 F/in                  ; short         ; -                   ; open           ; open             ; open   ; 0 in             ; 0 H/in                 ; 0 F/in                 ; short        ; open          ; open            ; open  ; 0 V                 ; -                  ; n/a           ; n/a             ; n/a         ;
; Res[22]       ; 2.5 V        ; 0 in              ; 0 H/in                  ; 0 F/in                  ; short         ; -                   ; open           ; open             ; open   ; 0 in             ; 0 H/in                 ; 0 F/in                 ; short        ; open          ; open            ; open  ; 0 V                 ; -                  ; n/a           ; n/a             ; n/a         ;
; Res[23]       ; 2.5 V        ; 0 in              ; 0 H/in                  ; 0 F/in                  ; short         ; -                   ; open           ; open             ; open   ; 0 in             ; 0 H/in                 ; 0 F/in                 ; short        ; open          ; open            ; open  ; 0 V                 ; -                  ; n/a           ; n/a             ; n/a         ;
; Res[24]       ; 2.5 V        ; 0 in              ; 0 H/in                  ; 0 F/in                  ; short         ; -                   ; open           ; open             ; open   ; 0 in             ; 0 H/in                 ; 0 F/in                 ; short        ; open          ; open            ; open  ; 0 V                 ; -                  ; n/a           ; n/a             ; n/a         ;
; Res[25]       ; 2.5 V        ; 0 in              ; 0 H/in                  ; 0 F/in                  ; short         ; -                   ; open           ; open             ; open   ; 0 in             ; 0 H/in                 ; 0 F/in                 ; short        ; open          ; open            ; open  ; 0 V                 ; -                  ; n/a           ; n/a             ; n/a         ;
; Res[26]       ; 2.5 V        ; 0 in              ; 0 H/in                  ; 0 F/in                  ; short         ; -                   ; open           ; open             ; open   ; 0 in             ; 0 H/in                 ; 0 F/in                 ; short        ; open          ; open            ; open  ; 0 V                 ; -                  ; n/a           ; n/a             ; n/a         ;
; Res[27]       ; 2.5 V        ; 0 in              ; 0 H/in                  ; 0 F/in                  ; short         ; -                   ; open           ; open             ; open   ; 0 in             ; 0 H/in                 ; 0 F/in                 ; short        ; open          ; open            ; open  ; 0 V                 ; -                  ; n/a           ; n/a             ; n/a         ;
; Res[28]       ; 2.5 V        ; 0 in              ; 0 H/in                  ; 0 F/in                  ; short         ; -                   ; open           ; open             ; open   ; 0 in             ; 0 H/in                 ; 0 F/in                 ; short        ; open          ; open            ; open  ; 0 V                 ; -                  ; n/a           ; n/a             ; n/a         ;
; Res[29]       ; 2.5 V        ; 0 in              ; 0 H/in                  ; 0 F/in                  ; short         ; -                   ; open           ; open             ; open   ; 0 in             ; 0 H/in                 ; 0 F/in                 ; short        ; open          ; open            ; open  ; 0 V                 ; -                  ; n/a           ; n/a             ; n/a         ;
; Res[30]       ; 2.5 V        ; 0 in              ; 0 H/in                  ; 0 F/in                  ; short         ; -                   ; open           ; open             ; open   ; 0 in             ; 0 H/in                 ; 0 F/in                 ; short        ; open          ; open            ; open  ; 0 V                 ; -                  ; n/a           ; n/a             ; n/a         ;
; Res[31]       ; 2.5 V        ; 0 in              ; 0 H/in                  ; 0 F/in                  ; short         ; -                   ; open           ; open             ; open   ; 0 in             ; 0 H/in                 ; 0 F/in                 ; short        ; open          ; open            ; open  ; 0 V                 ; -                  ; n/a           ; n/a             ; n/a         ;
; Done          ; 2.5 V        ; 0 in              ; 0 H/in                  ; 0 F/in                  ; short         ; -                   ; open           ; open             ; open   ; 0 in             ; 0 H/in                 ; 0 F/in                 ; short        ; open          ; open            ; open  ; 0 V                 ; -                  ; n/a           ; n/a             ; n/a         ;
; ~ALTERA_DCLK~ ; 2.5 V        ; 0 in              ; 0 H/in                  ; 0 F/in                  ; short         ; -                   ; open           ; open             ; open   ; 0 in             ; 0 H/in                 ; 0 F/in                 ; short        ; open          ; open            ; open  ; 0 V                 ; -                  ; n/a           ; n/a             ; n/a         ;
; ~ALTERA_nCEO~ ; 2.5 V        ; 0 in              ; 0 H/in                  ; 0 F/in                  ; short         ; -                   ; open           ; open             ; open   ; 0 in             ; 0 H/in                 ; 0 F/in                 ; short        ; open          ; open            ; open  ; 0 V                 ; -                  ; n/a           ; n/a             ; n/a         ;
+---------------+--------------+-------------------+-------------------------+-------------------------+---------------+---------------------+----------------+------------------+--------+------------------+------------------------+------------------------+--------------+---------------+-----------------+-------+---------------------+--------------------+---------------+-----------------+-------------+


+----------------------------------------------------------------------------+
; Input Transition Times                                                     ;
+-------------------------+--------------+-----------------+-----------------+
; Pin                     ; I/O Standard ; 10-90 Rise Time ; 90-10 Fall Time ;
+-------------------------+--------------+-----------------+-----------------+
; CLK                     ; 2.5 V        ; 2000 ps         ; 2000 ps         ;
; RSTa                    ; 2.5 V        ; 2000 ps         ; 2000 ps         ;
; Num[0]                  ; 2.5 V        ; 2000 ps         ; 2000 ps         ;
; Num[31]                 ; 2.5 V        ; 2000 ps         ; 2000 ps         ;
; Den[31]                 ; 2.5 V        ; 2000 ps         ; 2000 ps         ;
; Start                   ; 2.5 V        ; 2000 ps         ; 2000 ps         ;
; Den[30]                 ; 2.5 V        ; 2000 ps         ; 2000 ps         ;
; Den[29]                 ; 2.5 V        ; 2000 ps         ; 2000 ps         ;
; Den[28]                 ; 2.5 V        ; 2000 ps         ; 2000 ps         ;
; Den[27]                 ; 2.5 V        ; 2000 ps         ; 2000 ps         ;
; Den[26]                 ; 2.5 V        ; 2000 ps         ; 2000 ps         ;
; Den[25]                 ; 2.5 V        ; 2000 ps         ; 2000 ps         ;
; Den[24]                 ; 2.5 V        ; 2000 ps         ; 2000 ps         ;
; Den[23]                 ; 2.5 V        ; 2000 ps         ; 2000 ps         ;
; Den[22]                 ; 2.5 V        ; 2000 ps         ; 2000 ps         ;
; Den[21]                 ; 2.5 V        ; 2000 ps         ; 2000 ps         ;
; Den[20]                 ; 2.5 V        ; 2000 ps         ; 2000 ps         ;
; Den[19]                 ; 2.5 V        ; 2000 ps         ; 2000 ps         ;
; Den[18]                 ; 2.5 V        ; 2000 ps         ; 2000 ps         ;
; Den[17]                 ; 2.5 V        ; 2000 ps         ; 2000 ps         ;
; Den[16]                 ; 2.5 V        ; 2000 ps         ; 2000 ps         ;
; Den[15]                 ; 2.5 V        ; 2000 ps         ; 2000 ps         ;
; Den[14]                 ; 2.5 V        ; 2000 ps         ; 2000 ps         ;
; Den[13]                 ; 2.5 V        ; 2000 ps         ; 2000 ps         ;
; Den[12]                 ; 2.5 V        ; 2000 ps         ; 2000 ps         ;
; Den[11]                 ; 2.5 V        ; 2000 ps         ; 2000 ps         ;
; Den[10]                 ; 2.5 V        ; 2000 ps         ; 2000 ps         ;
; Den[9]                  ; 2.5 V        ; 2000 ps         ; 2000 ps         ;
; Den[8]                  ; 2.5 V        ; 2000 ps         ; 2000 ps         ;
; Den[7]                  ; 2.5 V        ; 2000 ps         ; 2000 ps         ;
; Den[6]                  ; 2.5 V        ; 2000 ps         ; 2000 ps         ;
; Den[5]                  ; 2.5 V        ; 2000 ps         ; 2000 ps         ;
; Den[4]                  ; 2.5 V        ; 2000 ps         ; 2000 ps         ;
; Den[3]                  ; 2.5 V        ; 2000 ps         ; 2000 ps         ;
; Den[2]                  ; 2.5 V        ; 2000 ps         ; 2000 ps         ;
; Den[1]                  ; 2.5 V        ; 2000 ps         ; 2000 ps         ;
; Den[0]                  ; 2.5 V        ; 2000 ps         ; 2000 ps         ;
; Num[30]                 ; 2.5 V        ; 2000 ps         ; 2000 ps         ;
; Num[29]                 ; 2.5 V        ; 2000 ps         ; 2000 ps         ;
; Num[28]                 ; 2.5 V        ; 2000 ps         ; 2000 ps         ;
; Num[27]                 ; 2.5 V        ; 2000 ps         ; 2000 ps         ;
; Num[26]                 ; 2.5 V        ; 2000 ps         ; 2000 ps         ;
; Num[25]                 ; 2.5 V        ; 2000 ps         ; 2000 ps         ;
; Num[24]                 ; 2.5 V        ; 2000 ps         ; 2000 ps         ;
; Num[23]                 ; 2.5 V        ; 2000 ps         ; 2000 ps         ;
; Num[22]                 ; 2.5 V        ; 2000 ps         ; 2000 ps         ;
; Num[21]                 ; 2.5 V        ; 2000 ps         ; 2000 ps         ;
; Num[20]                 ; 2.5 V        ; 2000 ps         ; 2000 ps         ;
; Num[19]                 ; 2.5 V        ; 2000 ps         ; 2000 ps         ;
; Num[18]                 ; 2.5 V        ; 2000 ps         ; 2000 ps         ;
; Num[17]                 ; 2.5 V        ; 2000 ps         ; 2000 ps         ;
; Num[16]                 ; 2.5 V        ; 2000 ps         ; 2000 ps         ;
; Num[15]                 ; 2.5 V        ; 2000 ps         ; 2000 ps         ;
; Num[14]                 ; 2.5 V        ; 2000 ps         ; 2000 ps         ;
; Num[13]                 ; 2.5 V        ; 2000 ps         ; 2000 ps         ;
; Num[12]                 ; 2.5 V        ; 2000 ps         ; 2000 ps         ;
; Num[11]                 ; 2.5 V        ; 2000 ps         ; 2000 ps         ;
; Num[10]                 ; 2.5 V        ; 2000 ps         ; 2000 ps         ;
; Num[9]                  ; 2.5 V        ; 2000 ps         ; 2000 ps         ;
; Num[8]                  ; 2.5 V        ; 2000 ps         ; 2000 ps         ;
; Num[7]                  ; 2.5 V        ; 2000 ps         ; 2000 ps         ;
; Num[6]                  ; 2.5 V        ; 2000 ps         ; 2000 ps         ;
; Num[5]                  ; 2.5 V        ; 2000 ps         ; 2000 ps         ;
; Num[4]                  ; 2.5 V        ; 2000 ps         ; 2000 ps         ;
; Num[3]                  ; 2.5 V        ; 2000 ps         ; 2000 ps         ;
; Num[2]                  ; 2.5 V        ; 2000 ps         ; 2000 ps         ;
; Num[1]                  ; 2.5 V        ; 2000 ps         ; 2000 ps         ;
; ~ALTERA_ASDO_DATA1~     ; 2.5 V        ; 2000 ps         ; 2000 ps         ;
; ~ALTERA_FLASH_nCE_nCSO~ ; 2.5 V        ; 2000 ps         ; 2000 ps         ;
; ~ALTERA_DATA0~          ; 2.5 V        ; 2000 ps         ; 2000 ps         ;
+-------------------------+--------------+-----------------+-----------------+


+--------------------------------------------------------------------------------------------------------------------------------------------------------------------------------------------------------------------------------------------------------------------------------------------------------------------------------------------------------------------------------------------------------------------------------------------------------------------------------------------------------------------------------------------------------------------------------------------------------------------------------------------------------------------------------------------+
; Signal Integrity Metrics (Slow 1200mv 0c Model)                                                                                                                                                                                                                                                                                                                                                                                                                                                                                                                                                                                                                                            ;
+---------------+--------------+---------------------+---------------------+------------------------------+------------------------------+---------------------+---------------------+--------------------------------------+--------------------------------------+-----------------------------+-----------------------------+----------------------------+----------------------------+-----------------------------+-----------------------------+--------------------+--------------------+-------------------------------------+-------------------------------------+----------------------------+----------------------------+---------------------------+---------------------------+
; Pin           ; I/O Standard ; Board Delay on Rise ; Board Delay on Fall ; Steady State Voh at FPGA Pin ; Steady State Vol at FPGA Pin ; Voh Max at FPGA Pin ; Vol Min at FPGA Pin ; Ringback Voltage on Rise at FPGA Pin ; Ringback Voltage on Fall at FPGA Pin ; 10-90 Rise Time at FPGA Pin ; 90-10 Fall Time at FPGA Pin ; Monotonic Rise at FPGA Pin ; Monotonic Fall at FPGA Pin ; Steady State Voh at Far-end ; Steady State Vol at Far-end ; Voh Max at Far-end ; Vol Min at Far-end ; Ringback Voltage on Rise at Far-end ; Ringback Voltage on Fall at Far-end ; 10-90 Rise Time at Far-end ; 90-10 Fall Time at Far-end ; Monotonic Rise at Far-end ; Monotonic Fall at Far-end ;
+---------------+--------------+---------------------+---------------------+------------------------------+------------------------------+---------------------+---------------------+--------------------------------------+--------------------------------------+-----------------------------+-----------------------------+----------------------------+----------------------------+-----------------------------+-----------------------------+--------------------+--------------------+-------------------------------------+-------------------------------------+----------------------------+----------------------------+---------------------------+---------------------------+
; Coc[0]        ; 2.5 V        ; 0 s                 ; 0 s                 ; 2.32 V                       ; 3.07e-09 V                   ; 2.37 V              ; -0.00994 V          ; 0.186 V                              ; 0.028 V                              ; 4.98e-10 s                  ; 4.96e-10 s                  ; Yes                        ; Yes                        ; 2.32 V                      ; 3.07e-09 V                  ; 2.37 V             ; -0.00994 V         ; 0.186 V                             ; 0.028 V                             ; 4.98e-10 s                 ; 4.96e-10 s                 ; Yes                       ; Yes                       ;
; Coc[1]        ; 2.5 V        ; 0 s                 ; 0 s                 ; 2.32 V                       ; 3.07e-09 V                   ; 2.37 V              ; -0.00994 V          ; 0.186 V                              ; 0.028 V                              ; 4.98e-10 s                  ; 4.96e-10 s                  ; Yes                        ; Yes                        ; 2.32 V                      ; 3.07e-09 V                  ; 2.37 V             ; -0.00994 V         ; 0.186 V                             ; 0.028 V                             ; 4.98e-10 s                 ; 4.96e-10 s                 ; Yes                       ; Yes                       ;
; Coc[2]        ; 2.5 V        ; 0 s                 ; 0 s                 ; 2.32 V                       ; 3.07e-09 V                   ; 2.37 V              ; -0.00994 V          ; 0.186 V                              ; 0.028 V                              ; 4.98e-10 s                  ; 4.96e-10 s                  ; Yes                        ; Yes                        ; 2.32 V                      ; 3.07e-09 V                  ; 2.37 V             ; -0.00994 V         ; 0.186 V                             ; 0.028 V                             ; 4.98e-10 s                 ; 4.96e-10 s                 ; Yes                       ; Yes                       ;
; Coc[3]        ; 2.5 V        ; 0 s                 ; 0 s                 ; 2.32 V                       ; 3.07e-09 V                   ; 2.37 V              ; -0.00994 V          ; 0.186 V                              ; 0.028 V                              ; 4.98e-10 s                  ; 4.96e-10 s                  ; Yes                        ; Yes                        ; 2.32 V                      ; 3.07e-09 V                  ; 2.37 V             ; -0.00994 V         ; 0.186 V                             ; 0.028 V                             ; 4.98e-10 s                 ; 4.96e-10 s                 ; Yes                       ; Yes                       ;
; Coc[4]        ; 2.5 V        ; 0 s                 ; 0 s                 ; 2.32 V                       ; 3.07e-09 V                   ; 2.37 V              ; -0.00994 V          ; 0.186 V                              ; 0.028 V                              ; 4.98e-10 s                  ; 4.96e-10 s                  ; Yes                        ; Yes                        ; 2.32 V                      ; 3.07e-09 V                  ; 2.37 V             ; -0.00994 V         ; 0.186 V                             ; 0.028 V                             ; 4.98e-10 s                 ; 4.96e-10 s                 ; Yes                       ; Yes                       ;
; Coc[5]        ; 2.5 V        ; 0 s                 ; 0 s                 ; 2.32 V                       ; 3.07e-09 V                   ; 2.37 V              ; -0.00994 V          ; 0.186 V                              ; 0.028 V                              ; 4.98e-10 s                  ; 4.96e-10 s                  ; Yes                        ; Yes                        ; 2.32 V                      ; 3.07e-09 V                  ; 2.37 V             ; -0.00994 V         ; 0.186 V                             ; 0.028 V                             ; 4.98e-10 s                 ; 4.96e-10 s                 ; Yes                       ; Yes                       ;
; Coc[6]        ; 2.5 V        ; 0 s                 ; 0 s                 ; 2.32 V                       ; 3.07e-09 V                   ; 2.37 V              ; -0.00994 V          ; 0.186 V                              ; 0.028 V                              ; 4.98e-10 s                  ; 4.96e-10 s                  ; Yes                        ; Yes                        ; 2.32 V                      ; 3.07e-09 V                  ; 2.37 V             ; -0.00994 V         ; 0.186 V                             ; 0.028 V                             ; 4.98e-10 s                 ; 4.96e-10 s                 ; Yes                       ; Yes                       ;
; Coc[7]        ; 2.5 V        ; 0 s                 ; 0 s                 ; 2.32 V                       ; 3.07e-09 V                   ; 2.37 V              ; -0.00994 V          ; 0.186 V                              ; 0.028 V                              ; 4.98e-10 s                  ; 4.96e-10 s                  ; Yes                        ; Yes                        ; 2.32 V                      ; 3.07e-09 V                  ; 2.37 V             ; -0.00994 V         ; 0.186 V                             ; 0.028 V                             ; 4.98e-10 s                 ; 4.96e-10 s                 ; Yes                       ; Yes                       ;
; Coc[8]        ; 2.5 V        ; 0 s                 ; 0 s                 ; 2.32 V                       ; 3.07e-09 V                   ; 2.37 V              ; -0.00994 V          ; 0.186 V                              ; 0.028 V                              ; 4.98e-10 s                  ; 4.96e-10 s                  ; Yes                        ; Yes                        ; 2.32 V                      ; 3.07e-09 V                  ; 2.37 V             ; -0.00994 V         ; 0.186 V                             ; 0.028 V                             ; 4.98e-10 s                 ; 4.96e-10 s                 ; Yes                       ; Yes                       ;
; Coc[9]        ; 2.5 V        ; 0 s                 ; 0 s                 ; 2.32 V                       ; 3.07e-09 V                   ; 2.38 V              ; -0.0144 V           ; 0.227 V                              ; 0.024 V                              ; 3.14e-10 s                  ; 3.39e-10 s                  ; Yes                        ; Yes                        ; 2.32 V                      ; 3.07e-09 V                  ; 2.38 V             ; -0.0144 V          ; 0.227 V                             ; 0.024 V                             ; 3.14e-10 s                 ; 3.39e-10 s                 ; Yes                       ; Yes                       ;
; Coc[10]       ; 2.5 V        ; 0 s                 ; 0 s                 ; 2.32 V                       ; 4.49e-09 V                   ; 2.38 V              ; -0.00552 V          ; 0.096 V                              ; 0.019 V                              ; 4.18e-10 s                  ; 3.59e-10 s                  ; No                         ; Yes                        ; 2.32 V                      ; 4.49e-09 V                  ; 2.38 V             ; -0.00552 V         ; 0.096 V                             ; 0.019 V                             ; 4.18e-10 s                 ; 3.59e-10 s                 ; No                        ; Yes                       ;
; Coc[11]       ; 2.5 V        ; 0 s                 ; 0 s                 ; 2.32 V                       ; 3.07e-09 V                   ; 2.37 V              ; -0.00994 V          ; 0.186 V                              ; 0.028 V                              ; 4.98e-10 s                  ; 4.96e-10 s                  ; Yes                        ; Yes                        ; 2.32 V                      ; 3.07e-09 V                  ; 2.37 V             ; -0.00994 V         ; 0.186 V                             ; 0.028 V                             ; 4.98e-10 s                 ; 4.96e-10 s                 ; Yes                       ; Yes                       ;
; Coc[12]       ; 2.5 V        ; 0 s                 ; 0 s                 ; 2.32 V                       ; 3.07e-09 V                   ; 2.33 V              ; -0.00496 V          ; 0.223 V                              ; 0.086 V                              ; 2.9e-09 s                   ; 2.73e-09 s                  ; Yes                        ; Yes                        ; 2.32 V                      ; 3.07e-09 V                  ; 2.33 V             ; -0.00496 V         ; 0.223 V                             ; 0.086 V                             ; 2.9e-09 s                  ; 2.73e-09 s                 ; Yes                       ; Yes                       ;
; Coc[13]       ; 2.5 V        ; 0 s                 ; 0 s                 ; 2.32 V                       ; 3.07e-09 V                   ; 2.37 V              ; -0.00994 V          ; 0.186 V                              ; 0.028 V                              ; 4.98e-10 s                  ; 4.96e-10 s                  ; Yes                        ; Yes                        ; 2.32 V                      ; 3.07e-09 V                  ; 2.37 V             ; -0.00994 V         ; 0.186 V                             ; 0.028 V                             ; 4.98e-10 s                 ; 4.96e-10 s                 ; Yes                       ; Yes                       ;
; Coc[14]       ; 2.5 V        ; 0 s                 ; 0 s                 ; 2.32 V                       ; 3.07e-09 V                   ; 2.37 V              ; -0.00994 V          ; 0.186 V                              ; 0.028 V                              ; 4.98e-10 s                  ; 4.96e-10 s                  ; Yes                        ; Yes                        ; 2.32 V                      ; 3.07e-09 V                  ; 2.37 V             ; -0.00994 V         ; 0.186 V                             ; 0.028 V                             ; 4.98e-10 s                 ; 4.96e-10 s                 ; Yes                       ; Yes                       ;
; Coc[15]       ; 2.5 V        ; 0 s                 ; 0 s                 ; 2.32 V                       ; 3.07e-09 V                   ; 2.37 V              ; -0.00994 V          ; 0.186 V                              ; 0.028 V                              ; 4.98e-10 s                  ; 4.96e-10 s                  ; Yes                        ; Yes                        ; 2.32 V                      ; 3.07e-09 V                  ; 2.37 V             ; -0.00994 V         ; 0.186 V                             ; 0.028 V                             ; 4.98e-10 s                 ; 4.96e-10 s                 ; Yes                       ; Yes                       ;
; Coc[16]       ; 2.5 V        ; 0 s                 ; 0 s                 ; 2.32 V                       ; 3.07e-09 V                   ; 2.33 V              ; -0.00496 V          ; 0.223 V                              ; 0.086 V                              ; 2.9e-09 s                   ; 2.73e-09 s                  ; Yes                        ; Yes                        ; 2.32 V                      ; 3.07e-09 V                  ; 2.33 V             ; -0.00496 V         ; 0.223 V                             ; 0.086 V                             ; 2.9e-09 s                  ; 2.73e-09 s                 ; Yes                       ; Yes                       ;
; Coc[17]       ; 2.5 V        ; 0 s                 ; 0 s                 ; 2.32 V                       ; 3.07e-09 V                   ; 2.37 V              ; -0.00994 V          ; 0.186 V                              ; 0.028 V                              ; 4.98e-10 s                  ; 4.96e-10 s                  ; Yes                        ; Yes                        ; 2.32 V                      ; 3.07e-09 V                  ; 2.37 V             ; -0.00994 V         ; 0.186 V                             ; 0.028 V                             ; 4.98e-10 s                 ; 4.96e-10 s                 ; Yes                       ; Yes                       ;
; Coc[18]       ; 2.5 V        ; 0 s                 ; 0 s                 ; 2.32 V                       ; 3.07e-09 V                   ; 2.37 V              ; -0.00994 V          ; 0.186 V                              ; 0.028 V                              ; 4.98e-10 s                  ; 4.96e-10 s                  ; Yes                        ; Yes                        ; 2.32 V                      ; 3.07e-09 V                  ; 2.37 V             ; -0.00994 V         ; 0.186 V                             ; 0.028 V                             ; 4.98e-10 s                 ; 4.96e-10 s                 ; Yes                       ; Yes                       ;
; Coc[19]       ; 2.5 V        ; 0 s                 ; 0 s                 ; 2.32 V                       ; 3.07e-09 V                   ; 2.37 V              ; -0.00994 V          ; 0.186 V                              ; 0.028 V                              ; 4.98e-10 s                  ; 4.96e-10 s                  ; Yes                        ; Yes                        ; 2.32 V                      ; 3.07e-09 V                  ; 2.37 V             ; -0.00994 V         ; 0.186 V                             ; 0.028 V                             ; 4.98e-10 s                 ; 4.96e-10 s                 ; Yes                       ; Yes                       ;
; Coc[20]       ; 2.5 V        ; 0 s                 ; 0 s                 ; 2.32 V                       ; 3.07e-09 V                   ; 2.37 V              ; -0.00994 V          ; 0.186 V                              ; 0.028 V                              ; 4.98e-10 s                  ; 4.96e-10 s                  ; Yes                        ; Yes                        ; 2.32 V                      ; 3.07e-09 V                  ; 2.37 V             ; -0.00994 V         ; 0.186 V                             ; 0.028 V                             ; 4.98e-10 s                 ; 4.96e-10 s                 ; Yes                       ; Yes                       ;
; Coc[21]       ; 2.5 V        ; 0 s                 ; 0 s                 ; 2.32 V                       ; 3.07e-09 V                   ; 2.37 V              ; -0.00994 V          ; 0.186 V                              ; 0.028 V                              ; 4.98e-10 s                  ; 4.96e-10 s                  ; Yes                        ; Yes                        ; 2.32 V                      ; 3.07e-09 V                  ; 2.37 V             ; -0.00994 V         ; 0.186 V                             ; 0.028 V                             ; 4.98e-10 s                 ; 4.96e-10 s                 ; Yes                       ; Yes                       ;
; Coc[22]       ; 2.5 V        ; 0 s                 ; 0 s                 ; 2.32 V                       ; 3.07e-09 V                   ; 2.37 V              ; -0.00994 V          ; 0.186 V                              ; 0.028 V                              ; 4.98e-10 s                  ; 4.96e-10 s                  ; Yes                        ; Yes                        ; 2.32 V                      ; 3.07e-09 V                  ; 2.37 V             ; -0.00994 V         ; 0.186 V                             ; 0.028 V                             ; 4.98e-10 s                 ; 4.96e-10 s                 ; Yes                       ; Yes                       ;
; Coc[23]       ; 2.5 V        ; 0 s                 ; 0 s                 ; 2.32 V                       ; 3.07e-09 V                   ; 2.37 V              ; -0.00994 V          ; 0.186 V                              ; 0.028 V                              ; 4.98e-10 s                  ; 4.96e-10 s                  ; Yes                        ; Yes                        ; 2.32 V                      ; 3.07e-09 V                  ; 2.37 V             ; -0.00994 V         ; 0.186 V                             ; 0.028 V                             ; 4.98e-10 s                 ; 4.96e-10 s                 ; Yes                       ; Yes                       ;
; Coc[24]       ; 2.5 V        ; 0 s                 ; 0 s                 ; 2.32 V                       ; 3.07e-09 V                   ; 2.37 V              ; -0.00994 V          ; 0.186 V                              ; 0.028 V                              ; 4.98e-10 s                  ; 4.96e-10 s                  ; Yes                        ; Yes                        ; 2.32 V                      ; 3.07e-09 V                  ; 2.37 V             ; -0.00994 V         ; 0.186 V                             ; 0.028 V                             ; 4.98e-10 s                 ; 4.96e-10 s                 ; Yes                       ; Yes                       ;
; Coc[25]       ; 2.5 V        ; 0 s                 ; 0 s                 ; 2.32 V                       ; 3.07e-09 V                   ; 2.37 V              ; -0.00994 V          ; 0.186 V                              ; 0.028 V                              ; 4.98e-10 s                  ; 4.96e-10 s                  ; Yes                        ; Yes                        ; 2.32 V                      ; 3.07e-09 V                  ; 2.37 V             ; -0.00994 V         ; 0.186 V                             ; 0.028 V                             ; 4.98e-10 s                 ; 4.96e-10 s                 ; Yes                       ; Yes                       ;
; Coc[26]       ; 2.5 V        ; 0 s                 ; 0 s                 ; 2.32 V                       ; 3.07e-09 V                   ; 2.37 V              ; -0.00994 V          ; 0.186 V                              ; 0.028 V                              ; 4.98e-10 s                  ; 4.96e-10 s                  ; Yes                        ; Yes                        ; 2.32 V                      ; 3.07e-09 V                  ; 2.37 V             ; -0.00994 V         ; 0.186 V                             ; 0.028 V                             ; 4.98e-10 s                 ; 4.96e-10 s                 ; Yes                       ; Yes                       ;
; Coc[27]       ; 2.5 V        ; 0 s                 ; 0 s                 ; 2.32 V                       ; 3.07e-09 V                   ; 2.37 V              ; -0.00994 V          ; 0.186 V                              ; 0.028 V                              ; 4.98e-10 s                  ; 4.96e-10 s                  ; Yes                        ; Yes                        ; 2.32 V                      ; 3.07e-09 V                  ; 2.37 V             ; -0.00994 V         ; 0.186 V                             ; 0.028 V                             ; 4.98e-10 s                 ; 4.96e-10 s                 ; Yes                       ; Yes                       ;
; Coc[28]       ; 2.5 V        ; 0 s                 ; 0 s                 ; 2.32 V                       ; 3.07e-09 V                   ; 2.37 V              ; -0.00994 V          ; 0.186 V                              ; 0.028 V                              ; 4.98e-10 s                  ; 4.96e-10 s                  ; Yes                        ; Yes                        ; 2.32 V                      ; 3.07e-09 V                  ; 2.37 V             ; -0.00994 V         ; 0.186 V                             ; 0.028 V                             ; 4.98e-10 s                 ; 4.96e-10 s                 ; Yes                       ; Yes                       ;
; Coc[29]       ; 2.5 V        ; 0 s                 ; 0 s                 ; 2.32 V                       ; 3.07e-09 V                   ; 2.37 V              ; -0.00994 V          ; 0.186 V                              ; 0.028 V                              ; 4.98e-10 s                  ; 4.96e-10 s                  ; Yes                        ; Yes                        ; 2.32 V                      ; 3.07e-09 V                  ; 2.37 V             ; -0.00994 V         ; 0.186 V                             ; 0.028 V                             ; 4.98e-10 s                 ; 4.96e-10 s                 ; Yes                       ; Yes                       ;
; Coc[30]       ; 2.5 V        ; 0 s                 ; 0 s                 ; 2.32 V                       ; 3.07e-09 V                   ; 2.37 V              ; -0.00994 V          ; 0.186 V                              ; 0.028 V                              ; 4.98e-10 s                  ; 4.96e-10 s                  ; Yes                        ; Yes                        ; 2.32 V                      ; 3.07e-09 V                  ; 2.37 V             ; -0.00994 V         ; 0.186 V                             ; 0.028 V                             ; 4.98e-10 s                 ; 4.96e-10 s                 ; Yes                       ; Yes                       ;
; Coc[31]       ; 2.5 V        ; 0 s                 ; 0 s                 ; 2.32 V                       ; 3.07e-09 V                   ; 2.37 V              ; -0.00994 V          ; 0.186 V                              ; 0.028 V                              ; 4.98e-10 s                  ; 4.96e-10 s                  ; Yes                        ; Yes                        ; 2.32 V                      ; 3.07e-09 V                  ; 2.37 V             ; -0.00994 V         ; 0.186 V                             ; 0.028 V                             ; 4.98e-10 s                 ; 4.96e-10 s                 ; Yes                       ; Yes                       ;
; Res[0]        ; 2.5 V        ; 0 s                 ; 0 s                 ; 2.32 V                       ; 3.07e-09 V                   ; 2.37 V              ; -0.00994 V          ; 0.186 V                              ; 0.028 V                              ; 4.98e-10 s                  ; 4.96e-10 s                  ; Yes                        ; Yes                        ; 2.32 V                      ; 3.07e-09 V                  ; 2.37 V             ; -0.00994 V         ; 0.186 V                             ; 0.028 V                             ; 4.98e-10 s                 ; 4.96e-10 s                 ; Yes                       ; Yes                       ;
; Res[1]        ; 2.5 V        ; 0 s                 ; 0 s                 ; 2.32 V                       ; 3.07e-09 V                   ; 2.37 V              ; -0.00994 V          ; 0.186 V                              ; 0.028 V                              ; 4.98e-10 s                  ; 4.96e-10 s                  ; Yes                        ; Yes                        ; 2.32 V                      ; 3.07e-09 V                  ; 2.37 V             ; -0.00994 V         ; 0.186 V                             ; 0.028 V                             ; 4.98e-10 s                 ; 4.96e-10 s                 ; Yes                       ; Yes                       ;
; Res[2]        ; 2.5 V        ; 0 s                 ; 0 s                 ; 2.32 V                       ; 3.07e-09 V                   ; 2.37 V              ; -0.00994 V          ; 0.186 V                              ; 0.028 V                              ; 4.98e-10 s                  ; 4.96e-10 s                  ; Yes                        ; Yes                        ; 2.32 V                      ; 3.07e-09 V                  ; 2.37 V             ; -0.00994 V         ; 0.186 V                             ; 0.028 V                             ; 4.98e-10 s                 ; 4.96e-10 s                 ; Yes                       ; Yes                       ;
; Res[3]        ; 2.5 V        ; 0 s                 ; 0 s                 ; 2.32 V                       ; 3.07e-09 V                   ; 2.38 V              ; -0.0144 V           ; 0.227 V                              ; 0.024 V                              ; 3.14e-10 s                  ; 3.39e-10 s                  ; Yes                        ; Yes                        ; 2.32 V                      ; 3.07e-09 V                  ; 2.38 V             ; -0.0144 V          ; 0.227 V                             ; 0.024 V                             ; 3.14e-10 s                 ; 3.39e-10 s                 ; Yes                       ; Yes                       ;
; Res[4]        ; 2.5 V        ; 0 s                 ; 0 s                 ; 2.32 V                       ; 3.07e-09 V                   ; 2.37 V              ; -0.00994 V          ; 0.186 V                              ; 0.028 V                              ; 4.98e-10 s                  ; 4.96e-10 s                  ; Yes                        ; Yes                        ; 2.32 V                      ; 3.07e-09 V                  ; 2.37 V             ; -0.00994 V         ; 0.186 V                             ; 0.028 V                             ; 4.98e-10 s                 ; 4.96e-10 s                 ; Yes                       ; Yes                       ;
; Res[5]        ; 2.5 V        ; 0 s                 ; 0 s                 ; 2.32 V                       ; 3.07e-09 V                   ; 2.37 V              ; -0.00994 V          ; 0.186 V                              ; 0.028 V                              ; 4.98e-10 s                  ; 4.96e-10 s                  ; Yes                        ; Yes                        ; 2.32 V                      ; 3.07e-09 V                  ; 2.37 V             ; -0.00994 V         ; 0.186 V                             ; 0.028 V                             ; 4.98e-10 s                 ; 4.96e-10 s                 ; Yes                       ; Yes                       ;
; Res[6]        ; 2.5 V        ; 0 s                 ; 0 s                 ; 2.32 V                       ; 3.07e-09 V                   ; 2.37 V              ; -0.00994 V          ; 0.186 V                              ; 0.028 V                              ; 4.98e-10 s                  ; 4.96e-10 s                  ; Yes                        ; Yes                        ; 2.32 V                      ; 3.07e-09 V                  ; 2.37 V             ; -0.00994 V         ; 0.186 V                             ; 0.028 V                             ; 4.98e-10 s                 ; 4.96e-10 s                 ; Yes                       ; Yes                       ;
; Res[7]        ; 2.5 V        ; 0 s                 ; 0 s                 ; 2.32 V                       ; 3.07e-09 V                   ; 2.37 V              ; -0.00994 V          ; 0.186 V                              ; 0.028 V                              ; 4.98e-10 s                  ; 4.96e-10 s                  ; Yes                        ; Yes                        ; 2.32 V                      ; 3.07e-09 V                  ; 2.37 V             ; -0.00994 V         ; 0.186 V                             ; 0.028 V                             ; 4.98e-10 s                 ; 4.96e-10 s                 ; Yes                       ; Yes                       ;
; Res[8]        ; 2.5 V        ; 0 s                 ; 0 s                 ; 2.32 V                       ; 3.07e-09 V                   ; 2.37 V              ; -0.00994 V          ; 0.186 V                              ; 0.028 V                              ; 4.98e-10 s                  ; 4.96e-10 s                  ; Yes                        ; Yes                        ; 2.32 V                      ; 3.07e-09 V                  ; 2.37 V             ; -0.00994 V         ; 0.186 V                             ; 0.028 V                             ; 4.98e-10 s                 ; 4.96e-10 s                 ; Yes                       ; Yes                       ;
; Res[9]        ; 2.5 V        ; 0 s                 ; 0 s                 ; 2.32 V                       ; 3.07e-09 V                   ; 2.38 V              ; -0.0144 V           ; 0.227 V                              ; 0.024 V                              ; 3.14e-10 s                  ; 3.39e-10 s                  ; Yes                        ; Yes                        ; 2.32 V                      ; 3.07e-09 V                  ; 2.38 V             ; -0.0144 V          ; 0.227 V                             ; 0.024 V                             ; 3.14e-10 s                 ; 3.39e-10 s                 ; Yes                       ; Yes                       ;
; Res[10]       ; 2.5 V        ; 0 s                 ; 0 s                 ; 2.32 V                       ; 3.07e-09 V                   ; 2.37 V              ; -0.00994 V          ; 0.186 V                              ; 0.028 V                              ; 4.98e-10 s                  ; 4.96e-10 s                  ; Yes                        ; Yes                        ; 2.32 V                      ; 3.07e-09 V                  ; 2.37 V             ; -0.00994 V         ; 0.186 V                             ; 0.028 V                             ; 4.98e-10 s                 ; 4.96e-10 s                 ; Yes                       ; Yes                       ;
; Res[11]       ; 2.5 V        ; 0 s                 ; 0 s                 ; 2.32 V                       ; 3.07e-09 V                   ; 2.37 V              ; -0.00994 V          ; 0.186 V                              ; 0.028 V                              ; 4.98e-10 s                  ; 4.96e-10 s                  ; Yes                        ; Yes                        ; 2.32 V                      ; 3.07e-09 V                  ; 2.37 V             ; -0.00994 V         ; 0.186 V                             ; 0.028 V                             ; 4.98e-10 s                 ; 4.96e-10 s                 ; Yes                       ; Yes                       ;
; Res[12]       ; 2.5 V        ; 0 s                 ; 0 s                 ; 2.32 V                       ; 3.07e-09 V                   ; 2.37 V              ; -0.00994 V          ; 0.186 V                              ; 0.028 V                              ; 4.98e-10 s                  ; 4.96e-10 s                  ; Yes                        ; Yes                        ; 2.32 V                      ; 3.07e-09 V                  ; 2.37 V             ; -0.00994 V         ; 0.186 V                             ; 0.028 V                             ; 4.98e-10 s                 ; 4.96e-10 s                 ; Yes                       ; Yes                       ;
; Res[13]       ; 2.5 V        ; 0 s                 ; 0 s                 ; 2.32 V                       ; 3.07e-09 V                   ; 2.37 V              ; -0.00994 V          ; 0.186 V                              ; 0.028 V                              ; 4.98e-10 s                  ; 4.96e-10 s                  ; Yes                        ; Yes                        ; 2.32 V                      ; 3.07e-09 V                  ; 2.37 V             ; -0.00994 V         ; 0.186 V                             ; 0.028 V                             ; 4.98e-10 s                 ; 4.96e-10 s                 ; Yes                       ; Yes                       ;
; Res[14]       ; 2.5 V        ; 0 s                 ; 0 s                 ; 2.32 V                       ; 3.07e-09 V                   ; 2.37 V              ; -0.00994 V          ; 0.186 V                              ; 0.028 V                              ; 4.98e-10 s                  ; 4.96e-10 s                  ; Yes                        ; Yes                        ; 2.32 V                      ; 3.07e-09 V                  ; 2.37 V             ; -0.00994 V         ; 0.186 V                             ; 0.028 V                             ; 4.98e-10 s                 ; 4.96e-10 s                 ; Yes                       ; Yes                       ;
; Res[15]       ; 2.5 V        ; 0 s                 ; 0 s                 ; 2.32 V                       ; 3.07e-09 V                   ; 2.37 V              ; -0.00994 V          ; 0.186 V                              ; 0.028 V                              ; 4.98e-10 s                  ; 4.96e-10 s                  ; Yes                        ; Yes                        ; 2.32 V                      ; 3.07e-09 V                  ; 2.37 V             ; -0.00994 V         ; 0.186 V                             ; 0.028 V                             ; 4.98e-10 s                 ; 4.96e-10 s                 ; Yes                       ; Yes                       ;
; Res[16]       ; 2.5 V        ; 0 s                 ; 0 s                 ; 2.32 V                       ; 3.07e-09 V                   ; 2.37 V              ; -0.00994 V          ; 0.186 V                              ; 0.028 V                              ; 4.98e-10 s                  ; 4.96e-10 s                  ; Yes                        ; Yes                        ; 2.32 V                      ; 3.07e-09 V                  ; 2.37 V             ; -0.00994 V         ; 0.186 V                             ; 0.028 V                             ; 4.98e-10 s                 ; 4.96e-10 s                 ; Yes                       ; Yes                       ;
; Res[17]       ; 2.5 V        ; 0 s                 ; 0 s                 ; 2.32 V                       ; 3.07e-09 V                   ; 2.37 V              ; -0.00994 V          ; 0.186 V                              ; 0.028 V                              ; 4.98e-10 s                  ; 4.96e-10 s                  ; Yes                        ; Yes                        ; 2.32 V                      ; 3.07e-09 V                  ; 2.37 V             ; -0.00994 V         ; 0.186 V                             ; 0.028 V                             ; 4.98e-10 s                 ; 4.96e-10 s                 ; Yes                       ; Yes                       ;
; Res[18]       ; 2.5 V        ; 0 s                 ; 0 s                 ; 2.32 V                       ; 3.07e-09 V                   ; 2.37 V              ; -0.00994 V          ; 0.186 V                              ; 0.028 V                              ; 4.98e-10 s                  ; 4.96e-10 s                  ; Yes                        ; Yes                        ; 2.32 V                      ; 3.07e-09 V                  ; 2.37 V             ; -0.00994 V         ; 0.186 V                             ; 0.028 V                             ; 4.98e-10 s                 ; 4.96e-10 s                 ; Yes                       ; Yes                       ;
; Res[19]       ; 2.5 V        ; 0 s                 ; 0 s                 ; 2.32 V                       ; 3.07e-09 V                   ; 2.37 V              ; -0.00994 V          ; 0.186 V                              ; 0.028 V                              ; 4.98e-10 s                  ; 4.96e-10 s                  ; Yes                        ; Yes                        ; 2.32 V                      ; 3.07e-09 V                  ; 2.37 V             ; -0.00994 V         ; 0.186 V                             ; 0.028 V                             ; 4.98e-10 s                 ; 4.96e-10 s                 ; Yes                       ; Yes                       ;
; Res[20]       ; 2.5 V        ; 0 s                 ; 0 s                 ; 2.32 V                       ; 3.07e-09 V                   ; 2.37 V              ; -0.00994 V          ; 0.186 V                              ; 0.028 V                              ; 4.98e-10 s                  ; 4.96e-10 s                  ; Yes                        ; Yes                        ; 2.32 V                      ; 3.07e-09 V                  ; 2.37 V             ; -0.00994 V         ; 0.186 V                             ; 0.028 V                             ; 4.98e-10 s                 ; 4.96e-10 s                 ; Yes                       ; Yes                       ;
; Res[21]       ; 2.5 V        ; 0 s                 ; 0 s                 ; 2.32 V                       ; 3.07e-09 V                   ; 2.33 V              ; -0.00496 V          ; 0.223 V                              ; 0.086 V                              ; 2.9e-09 s                   ; 2.73e-09 s                  ; Yes                        ; Yes                        ; 2.32 V                      ; 3.07e-09 V                  ; 2.33 V             ; -0.00496 V         ; 0.223 V                             ; 0.086 V                             ; 2.9e-09 s                  ; 2.73e-09 s                 ; Yes                       ; Yes                       ;
; Res[22]       ; 2.5 V        ; 0 s                 ; 0 s                 ; 2.32 V                       ; 3.07e-09 V                   ; 2.37 V              ; -0.00994 V          ; 0.186 V                              ; 0.028 V                              ; 4.98e-10 s                  ; 4.96e-10 s                  ; Yes                        ; Yes                        ; 2.32 V                      ; 3.07e-09 V                  ; 2.37 V             ; -0.00994 V         ; 0.186 V                             ; 0.028 V                             ; 4.98e-10 s                 ; 4.96e-10 s                 ; Yes                       ; Yes                       ;
; Res[23]       ; 2.5 V        ; 0 s                 ; 0 s                 ; 2.32 V                       ; 3.07e-09 V                   ; 2.37 V              ; -0.00994 V          ; 0.186 V                              ; 0.028 V                              ; 4.98e-10 s                  ; 4.96e-10 s                  ; Yes                        ; Yes                        ; 2.32 V                      ; 3.07e-09 V                  ; 2.37 V             ; -0.00994 V         ; 0.186 V                             ; 0.028 V                             ; 4.98e-10 s                 ; 4.96e-10 s                 ; Yes                       ; Yes                       ;
; Res[24]       ; 2.5 V        ; 0 s                 ; 0 s                 ; 2.32 V                       ; 3.07e-09 V                   ; 2.37 V              ; -0.00994 V          ; 0.186 V                              ; 0.028 V                              ; 4.98e-10 s                  ; 4.96e-10 s                  ; Yes                        ; Yes                        ; 2.32 V                      ; 3.07e-09 V                  ; 2.37 V             ; -0.00994 V         ; 0.186 V                             ; 0.028 V                             ; 4.98e-10 s                 ; 4.96e-10 s                 ; Yes                       ; Yes                       ;
; Res[25]       ; 2.5 V        ; 0 s                 ; 0 s                 ; 2.32 V                       ; 3.07e-09 V                   ; 2.37 V              ; -0.00994 V          ; 0.186 V                              ; 0.028 V                              ; 4.98e-10 s                  ; 4.96e-10 s                  ; Yes                        ; Yes                        ; 2.32 V                      ; 3.07e-09 V                  ; 2.37 V             ; -0.00994 V         ; 0.186 V                             ; 0.028 V                             ; 4.98e-10 s                 ; 4.96e-10 s                 ; Yes                       ; Yes                       ;
; Res[26]       ; 2.5 V        ; 0 s                 ; 0 s                 ; 2.32 V                       ; 3.07e-09 V                   ; 2.37 V              ; -0.00994 V          ; 0.186 V                              ; 0.028 V                              ; 4.98e-10 s                  ; 4.96e-10 s                  ; Yes                        ; Yes                        ; 2.32 V                      ; 3.07e-09 V                  ; 2.37 V             ; -0.00994 V         ; 0.186 V                             ; 0.028 V                             ; 4.98e-10 s                 ; 4.96e-10 s                 ; Yes                       ; Yes                       ;
; Res[27]       ; 2.5 V        ; 0 s                 ; 0 s                 ; 2.32 V                       ; 3.07e-09 V                   ; 2.37 V              ; -0.00994 V          ; 0.186 V                              ; 0.028 V                              ; 4.98e-10 s                  ; 4.96e-10 s                  ; Yes                        ; Yes                        ; 2.32 V                      ; 3.07e-09 V                  ; 2.37 V             ; -0.00994 V         ; 0.186 V                             ; 0.028 V                             ; 4.98e-10 s                 ; 4.96e-10 s                 ; Yes                       ; Yes                       ;
; Res[28]       ; 2.5 V        ; 0 s                 ; 0 s                 ; 2.32 V                       ; 3.07e-09 V                   ; 2.37 V              ; -0.00994 V          ; 0.186 V                              ; 0.028 V                              ; 4.98e-10 s                  ; 4.96e-10 s                  ; Yes                        ; Yes                        ; 2.32 V                      ; 3.07e-09 V                  ; 2.37 V             ; -0.00994 V         ; 0.186 V                             ; 0.028 V                             ; 4.98e-10 s                 ; 4.96e-10 s                 ; Yes                       ; Yes                       ;
; Res[29]       ; 2.5 V        ; 0 s                 ; 0 s                 ; 2.32 V                       ; 3.07e-09 V                   ; 2.37 V              ; -0.00994 V          ; 0.186 V                              ; 0.028 V                              ; 4.98e-10 s                  ; 4.96e-10 s                  ; Yes                        ; Yes                        ; 2.32 V                      ; 3.07e-09 V                  ; 2.37 V             ; -0.00994 V         ; 0.186 V                             ; 0.028 V                             ; 4.98e-10 s                 ; 4.96e-10 s                 ; Yes                       ; Yes                       ;
; Res[30]       ; 2.5 V        ; 0 s                 ; 0 s                 ; 2.32 V                       ; 3.07e-09 V                   ; 2.37 V              ; -0.00994 V          ; 0.186 V                              ; 0.028 V                              ; 4.98e-10 s                  ; 4.96e-10 s                  ; Yes                        ; Yes                        ; 2.32 V                      ; 3.07e-09 V                  ; 2.37 V             ; -0.00994 V         ; 0.186 V                             ; 0.028 V                             ; 4.98e-10 s                 ; 4.96e-10 s                 ; Yes                       ; Yes                       ;
; Res[31]       ; 2.5 V        ; 0 s                 ; 0 s                 ; 2.32 V                       ; 3.07e-09 V                   ; 2.37 V              ; -0.00994 V          ; 0.186 V                              ; 0.028 V                              ; 4.98e-10 s                  ; 4.96e-10 s                  ; Yes                        ; Yes                        ; 2.32 V                      ; 3.07e-09 V                  ; 2.37 V             ; -0.00994 V         ; 0.186 V                             ; 0.028 V                             ; 4.98e-10 s                 ; 4.96e-10 s                 ; Yes                       ; Yes                       ;
; Done          ; 2.5 V        ; 0 s                 ; 0 s                 ; 2.32 V                       ; 4.49e-09 V                   ; 2.38 V              ; -0.00552 V          ; 0.096 V                              ; 0.019 V                              ; 4.18e-10 s                  ; 3.59e-10 s                  ; No                         ; Yes                        ; 2.32 V                      ; 4.49e-09 V                  ; 2.38 V             ; -0.00552 V         ; 0.096 V                             ; 0.019 V                             ; 4.18e-10 s                 ; 3.59e-10 s                 ; No                        ; Yes                       ;
; ~ALTERA_DCLK~ ; 2.5 V        ; 0 s                 ; 0 s                 ; 2.32 V                       ; 2.67e-09 V                   ; 2.38 V              ; -0.0485 V           ; 0.167 V                              ; 0.096 V                              ; 2.95e-10 s                  ; 2.73e-10 s                  ; Yes                        ; Yes                        ; 2.32 V                      ; 2.67e-09 V                  ; 2.38 V             ; -0.0485 V          ; 0.167 V                             ; 0.096 V                             ; 2.95e-10 s                 ; 2.73e-10 s                 ; Yes                       ; Yes                       ;
; ~ALTERA_nCEO~ ; 2.5 V        ; 0 s                 ; 0 s                 ; 2.32 V                       ; 4.18e-09 V                   ; 2.38 V              ; -0.00483 V          ; 0.152 V                              ; 0.012 V                              ; 4.81e-10 s                  ; 6.29e-10 s                  ; Yes                        ; Yes                        ; 2.32 V                      ; 4.18e-09 V                  ; 2.38 V             ; -0.00483 V         ; 0.152 V                             ; 0.012 V                             ; 4.81e-10 s                 ; 6.29e-10 s                 ; Yes                       ; Yes                       ;
+---------------+--------------+---------------------+---------------------+------------------------------+------------------------------+---------------------+---------------------+--------------------------------------+--------------------------------------+-----------------------------+-----------------------------+----------------------------+----------------------------+-----------------------------+-----------------------------+--------------------+--------------------+-------------------------------------+-------------------------------------+----------------------------+----------------------------+---------------------------+---------------------------+


+--------------------------------------------------------------------------------------------------------------------------------------------------------------------------------------------------------------------------------------------------------------------------------------------------------------------------------------------------------------------------------------------------------------------------------------------------------------------------------------------------------------------------------------------------------------------------------------------------------------------------------------------------------------------------------------------+
; Signal Integrity Metrics (Slow 1200mv 85c Model)                                                                                                                                                                                                                                                                                                                                                                                                                                                                                                                                                                                                                                           ;
+---------------+--------------+---------------------+---------------------+------------------------------+------------------------------+---------------------+---------------------+--------------------------------------+--------------------------------------+-----------------------------+-----------------------------+----------------------------+----------------------------+-----------------------------+-----------------------------+--------------------+--------------------+-------------------------------------+-------------------------------------+----------------------------+----------------------------+---------------------------+---------------------------+
; Pin           ; I/O Standard ; Board Delay on Rise ; Board Delay on Fall ; Steady State Voh at FPGA Pin ; Steady State Vol at FPGA Pin ; Voh Max at FPGA Pin ; Vol Min at FPGA Pin ; Ringback Voltage on Rise at FPGA Pin ; Ringback Voltage on Fall at FPGA Pin ; 10-90 Rise Time at FPGA Pin ; 90-10 Fall Time at FPGA Pin ; Monotonic Rise at FPGA Pin ; Monotonic Fall at FPGA Pin ; Steady State Voh at Far-end ; Steady State Vol at Far-end ; Voh Max at Far-end ; Vol Min at Far-end ; Ringback Voltage on Rise at Far-end ; Ringback Voltage on Fall at Far-end ; 10-90 Rise Time at Far-end ; 90-10 Fall Time at Far-end ; Monotonic Rise at Far-end ; Monotonic Fall at Far-end ;
+---------------+--------------+---------------------+---------------------+------------------------------+------------------------------+---------------------+---------------------+--------------------------------------+--------------------------------------+-----------------------------+-----------------------------+----------------------------+----------------------------+-----------------------------+-----------------------------+--------------------+--------------------+-------------------------------------+-------------------------------------+----------------------------+----------------------------+---------------------------+---------------------------+
; Coc[0]        ; 2.5 V        ; 0 s                 ; 0 s                 ; 2.32 V                       ; 4.67e-07 V                   ; 2.35 V              ; -0.00942 V          ; 0.116 V                              ; 0.033 V                              ; 6.66e-10 s                  ; 6.27e-10 s                  ; Yes                        ; Yes                        ; 2.32 V                      ; 4.67e-07 V                  ; 2.35 V             ; -0.00942 V         ; 0.116 V                             ; 0.033 V                             ; 6.66e-10 s                 ; 6.27e-10 s                 ; Yes                       ; Yes                       ;
; Coc[1]        ; 2.5 V        ; 0 s                 ; 0 s                 ; 2.32 V                       ; 4.67e-07 V                   ; 2.35 V              ; -0.00942 V          ; 0.116 V                              ; 0.033 V                              ; 6.66e-10 s                  ; 6.27e-10 s                  ; Yes                        ; Yes                        ; 2.32 V                      ; 4.67e-07 V                  ; 2.35 V             ; -0.00942 V         ; 0.116 V                             ; 0.033 V                             ; 6.66e-10 s                 ; 6.27e-10 s                 ; Yes                       ; Yes                       ;
; Coc[2]        ; 2.5 V        ; 0 s                 ; 0 s                 ; 2.32 V                       ; 4.67e-07 V                   ; 2.35 V              ; -0.00942 V          ; 0.116 V                              ; 0.033 V                              ; 6.66e-10 s                  ; 6.27e-10 s                  ; Yes                        ; Yes                        ; 2.32 V                      ; 4.67e-07 V                  ; 2.35 V             ; -0.00942 V         ; 0.116 V                             ; 0.033 V                             ; 6.66e-10 s                 ; 6.27e-10 s                 ; Yes                       ; Yes                       ;
; Coc[3]        ; 2.5 V        ; 0 s                 ; 0 s                 ; 2.32 V                       ; 4.67e-07 V                   ; 2.35 V              ; -0.00942 V          ; 0.116 V                              ; 0.033 V                              ; 6.66e-10 s                  ; 6.27e-10 s                  ; Yes                        ; Yes                        ; 2.32 V                      ; 4.67e-07 V                  ; 2.35 V             ; -0.00942 V         ; 0.116 V                             ; 0.033 V                             ; 6.66e-10 s                 ; 6.27e-10 s                 ; Yes                       ; Yes                       ;
; Coc[4]        ; 2.5 V        ; 0 s                 ; 0 s                 ; 2.32 V                       ; 4.67e-07 V                   ; 2.35 V              ; -0.00942 V          ; 0.116 V                              ; 0.033 V                              ; 6.66e-10 s                  ; 6.27e-10 s                  ; Yes                        ; Yes                        ; 2.32 V                      ; 4.67e-07 V                  ; 2.35 V             ; -0.00942 V         ; 0.116 V                             ; 0.033 V                             ; 6.66e-10 s                 ; 6.27e-10 s                 ; Yes                       ; Yes                       ;
; Coc[5]        ; 2.5 V        ; 0 s                 ; 0 s                 ; 2.32 V                       ; 4.67e-07 V                   ; 2.35 V              ; -0.00942 V          ; 0.116 V                              ; 0.033 V                              ; 6.66e-10 s                  ; 6.27e-10 s                  ; Yes                        ; Yes                        ; 2.32 V                      ; 4.67e-07 V                  ; 2.35 V             ; -0.00942 V         ; 0.116 V                             ; 0.033 V                             ; 6.66e-10 s                 ; 6.27e-10 s                 ; Yes                       ; Yes                       ;
; Coc[6]        ; 2.5 V        ; 0 s                 ; 0 s                 ; 2.32 V                       ; 4.67e-07 V                   ; 2.35 V              ; -0.00942 V          ; 0.116 V                              ; 0.033 V                              ; 6.66e-10 s                  ; 6.27e-10 s                  ; Yes                        ; Yes                        ; 2.32 V                      ; 4.67e-07 V                  ; 2.35 V             ; -0.00942 V         ; 0.116 V                             ; 0.033 V                             ; 6.66e-10 s                 ; 6.27e-10 s                 ; Yes                       ; Yes                       ;
; Coc[7]        ; 2.5 V        ; 0 s                 ; 0 s                 ; 2.32 V                       ; 4.67e-07 V                   ; 2.35 V              ; -0.00942 V          ; 0.116 V                              ; 0.033 V                              ; 6.66e-10 s                  ; 6.27e-10 s                  ; Yes                        ; Yes                        ; 2.32 V                      ; 4.67e-07 V                  ; 2.35 V             ; -0.00942 V         ; 0.116 V                             ; 0.033 V                             ; 6.66e-10 s                 ; 6.27e-10 s                 ; Yes                       ; Yes                       ;
; Coc[8]        ; 2.5 V        ; 0 s                 ; 0 s                 ; 2.32 V                       ; 4.67e-07 V                   ; 2.35 V              ; -0.00942 V          ; 0.116 V                              ; 0.033 V                              ; 6.66e-10 s                  ; 6.27e-10 s                  ; Yes                        ; Yes                        ; 2.32 V                      ; 4.67e-07 V                  ; 2.35 V             ; -0.00942 V         ; 0.116 V                             ; 0.033 V                             ; 6.66e-10 s                 ; 6.27e-10 s                 ; Yes                       ; Yes                       ;
; Coc[9]        ; 2.5 V        ; 0 s                 ; 0 s                 ; 2.32 V                       ; 4.67e-07 V                   ; 2.36 V              ; -0.00552 V          ; 0.11 V                               ; 0.007 V                              ; 4.54e-10 s                  ; 4.35e-10 s                  ; Yes                        ; Yes                        ; 2.32 V                      ; 4.67e-07 V                  ; 2.36 V             ; -0.00552 V         ; 0.11 V                              ; 0.007 V                             ; 4.54e-10 s                 ; 4.35e-10 s                 ; Yes                       ; Yes                       ;
; Coc[10]       ; 2.5 V        ; 0 s                 ; 0 s                 ; 2.32 V                       ; 6.92e-07 V                   ; 2.35 V              ; -0.00996 V          ; 0.121 V                              ; 0.03 V                               ; 4.64e-10 s                  ; 4.47e-10 s                  ; Yes                        ; Yes                        ; 2.32 V                      ; 6.92e-07 V                  ; 2.35 V             ; -0.00996 V         ; 0.121 V                             ; 0.03 V                              ; 4.64e-10 s                 ; 4.47e-10 s                 ; Yes                       ; Yes                       ;
; Coc[11]       ; 2.5 V        ; 0 s                 ; 0 s                 ; 2.32 V                       ; 4.67e-07 V                   ; 2.35 V              ; -0.00942 V          ; 0.116 V                              ; 0.033 V                              ; 6.66e-10 s                  ; 6.27e-10 s                  ; Yes                        ; Yes                        ; 2.32 V                      ; 4.67e-07 V                  ; 2.35 V             ; -0.00942 V         ; 0.116 V                             ; 0.033 V                             ; 6.66e-10 s                 ; 6.27e-10 s                 ; Yes                       ; Yes                       ;
; Coc[12]       ; 2.5 V        ; 0 s                 ; 0 s                 ; 2.32 V                       ; 4.67e-07 V                   ; 2.33 V              ; -0.00269 V          ; 0.13 V                               ; 0.055 V                              ; 3.54e-09 s                  ; 3.29e-09 s                  ; Yes                        ; Yes                        ; 2.32 V                      ; 4.67e-07 V                  ; 2.33 V             ; -0.00269 V         ; 0.13 V                              ; 0.055 V                             ; 3.54e-09 s                 ; 3.29e-09 s                 ; Yes                       ; Yes                       ;
; Coc[13]       ; 2.5 V        ; 0 s                 ; 0 s                 ; 2.32 V                       ; 4.67e-07 V                   ; 2.35 V              ; -0.00942 V          ; 0.116 V                              ; 0.033 V                              ; 6.66e-10 s                  ; 6.27e-10 s                  ; Yes                        ; Yes                        ; 2.32 V                      ; 4.67e-07 V                  ; 2.35 V             ; -0.00942 V         ; 0.116 V                             ; 0.033 V                             ; 6.66e-10 s                 ; 6.27e-10 s                 ; Yes                       ; Yes                       ;
; Coc[14]       ; 2.5 V        ; 0 s                 ; 0 s                 ; 2.32 V                       ; 4.67e-07 V                   ; 2.35 V              ; -0.00942 V          ; 0.116 V                              ; 0.033 V                              ; 6.66e-10 s                  ; 6.27e-10 s                  ; Yes                        ; Yes                        ; 2.32 V                      ; 4.67e-07 V                  ; 2.35 V             ; -0.00942 V         ; 0.116 V                             ; 0.033 V                             ; 6.66e-10 s                 ; 6.27e-10 s                 ; Yes                       ; Yes                       ;
; Coc[15]       ; 2.5 V        ; 0 s                 ; 0 s                 ; 2.32 V                       ; 4.67e-07 V                   ; 2.35 V              ; -0.00942 V          ; 0.116 V                              ; 0.033 V                              ; 6.66e-10 s                  ; 6.27e-10 s                  ; Yes                        ; Yes                        ; 2.32 V                      ; 4.67e-07 V                  ; 2.35 V             ; -0.00942 V         ; 0.116 V                             ; 0.033 V                             ; 6.66e-10 s                 ; 6.27e-10 s                 ; Yes                       ; Yes                       ;
; Coc[16]       ; 2.5 V        ; 0 s                 ; 0 s                 ; 2.32 V                       ; 4.67e-07 V                   ; 2.33 V              ; -0.00269 V          ; 0.13 V                               ; 0.055 V                              ; 3.54e-09 s                  ; 3.29e-09 s                  ; Yes                        ; Yes                        ; 2.32 V                      ; 4.67e-07 V                  ; 2.33 V             ; -0.00269 V         ; 0.13 V                              ; 0.055 V                             ; 3.54e-09 s                 ; 3.29e-09 s                 ; Yes                       ; Yes                       ;
; Coc[17]       ; 2.5 V        ; 0 s                 ; 0 s                 ; 2.32 V                       ; 4.67e-07 V                   ; 2.35 V              ; -0.00942 V          ; 0.116 V                              ; 0.033 V                              ; 6.66e-10 s                  ; 6.27e-10 s                  ; Yes                        ; Yes                        ; 2.32 V                      ; 4.67e-07 V                  ; 2.35 V             ; -0.00942 V         ; 0.116 V                             ; 0.033 V                             ; 6.66e-10 s                 ; 6.27e-10 s                 ; Yes                       ; Yes                       ;
; Coc[18]       ; 2.5 V        ; 0 s                 ; 0 s                 ; 2.32 V                       ; 4.67e-07 V                   ; 2.35 V              ; -0.00942 V          ; 0.116 V                              ; 0.033 V                              ; 6.66e-10 s                  ; 6.27e-10 s                  ; Yes                        ; Yes                        ; 2.32 V                      ; 4.67e-07 V                  ; 2.35 V             ; -0.00942 V         ; 0.116 V                             ; 0.033 V                             ; 6.66e-10 s                 ; 6.27e-10 s                 ; Yes                       ; Yes                       ;
; Coc[19]       ; 2.5 V        ; 0 s                 ; 0 s                 ; 2.32 V                       ; 4.67e-07 V                   ; 2.35 V              ; -0.00942 V          ; 0.116 V                              ; 0.033 V                              ; 6.66e-10 s                  ; 6.27e-10 s                  ; Yes                        ; Yes                        ; 2.32 V                      ; 4.67e-07 V                  ; 2.35 V             ; -0.00942 V         ; 0.116 V                             ; 0.033 V                             ; 6.66e-10 s                 ; 6.27e-10 s                 ; Yes                       ; Yes                       ;
; Coc[20]       ; 2.5 V        ; 0 s                 ; 0 s                 ; 2.32 V                       ; 4.67e-07 V                   ; 2.35 V              ; -0.00942 V          ; 0.116 V                              ; 0.033 V                              ; 6.66e-10 s                  ; 6.27e-10 s                  ; Yes                        ; Yes                        ; 2.32 V                      ; 4.67e-07 V                  ; 2.35 V             ; -0.00942 V         ; 0.116 V                             ; 0.033 V                             ; 6.66e-10 s                 ; 6.27e-10 s                 ; Yes                       ; Yes                       ;
; Coc[21]       ; 2.5 V        ; 0 s                 ; 0 s                 ; 2.32 V                       ; 4.67e-07 V                   ; 2.35 V              ; -0.00942 V          ; 0.116 V                              ; 0.033 V                              ; 6.66e-10 s                  ; 6.27e-10 s                  ; Yes                        ; Yes                        ; 2.32 V                      ; 4.67e-07 V                  ; 2.35 V             ; -0.00942 V         ; 0.116 V                             ; 0.033 V                             ; 6.66e-10 s                 ; 6.27e-10 s                 ; Yes                       ; Yes                       ;
; Coc[22]       ; 2.5 V        ; 0 s                 ; 0 s                 ; 2.32 V                       ; 4.67e-07 V                   ; 2.35 V              ; -0.00942 V          ; 0.116 V                              ; 0.033 V                              ; 6.66e-10 s                  ; 6.27e-10 s                  ; Yes                        ; Yes                        ; 2.32 V                      ; 4.67e-07 V                  ; 2.35 V             ; -0.00942 V         ; 0.116 V                             ; 0.033 V                             ; 6.66e-10 s                 ; 6.27e-10 s                 ; Yes                       ; Yes                       ;
; Coc[23]       ; 2.5 V        ; 0 s                 ; 0 s                 ; 2.32 V                       ; 4.67e-07 V                   ; 2.35 V              ; -0.00942 V          ; 0.116 V                              ; 0.033 V                              ; 6.66e-10 s                  ; 6.27e-10 s                  ; Yes                        ; Yes                        ; 2.32 V                      ; 4.67e-07 V                  ; 2.35 V             ; -0.00942 V         ; 0.116 V                             ; 0.033 V                             ; 6.66e-10 s                 ; 6.27e-10 s                 ; Yes                       ; Yes                       ;
; Coc[24]       ; 2.5 V        ; 0 s                 ; 0 s                 ; 2.32 V                       ; 4.67e-07 V                   ; 2.35 V              ; -0.00942 V          ; 0.116 V                              ; 0.033 V                              ; 6.66e-10 s                  ; 6.27e-10 s                  ; Yes                        ; Yes                        ; 2.32 V                      ; 4.67e-07 V                  ; 2.35 V             ; -0.00942 V         ; 0.116 V                             ; 0.033 V                             ; 6.66e-10 s                 ; 6.27e-10 s                 ; Yes                       ; Yes                       ;
; Coc[25]       ; 2.5 V        ; 0 s                 ; 0 s                 ; 2.32 V                       ; 4.67e-07 V                   ; 2.35 V              ; -0.00942 V          ; 0.116 V                              ; 0.033 V                              ; 6.66e-10 s                  ; 6.27e-10 s                  ; Yes                        ; Yes                        ; 2.32 V                      ; 4.67e-07 V                  ; 2.35 V             ; -0.00942 V         ; 0.116 V                             ; 0.033 V                             ; 6.66e-10 s                 ; 6.27e-10 s                 ; Yes                       ; Yes                       ;
; Coc[26]       ; 2.5 V        ; 0 s                 ; 0 s                 ; 2.32 V                       ; 4.67e-07 V                   ; 2.35 V              ; -0.00942 V          ; 0.116 V                              ; 0.033 V                              ; 6.66e-10 s                  ; 6.27e-10 s                  ; Yes                        ; Yes                        ; 2.32 V                      ; 4.67e-07 V                  ; 2.35 V             ; -0.00942 V         ; 0.116 V                             ; 0.033 V                             ; 6.66e-10 s                 ; 6.27e-10 s                 ; Yes                       ; Yes                       ;
; Coc[27]       ; 2.5 V        ; 0 s                 ; 0 s                 ; 2.32 V                       ; 4.67e-07 V                   ; 2.35 V              ; -0.00942 V          ; 0.116 V                              ; 0.033 V                              ; 6.66e-10 s                  ; 6.27e-10 s                  ; Yes                        ; Yes                        ; 2.32 V                      ; 4.67e-07 V                  ; 2.35 V             ; -0.00942 V         ; 0.116 V                             ; 0.033 V                             ; 6.66e-10 s                 ; 6.27e-10 s                 ; Yes                       ; Yes                       ;
; Coc[28]       ; 2.5 V        ; 0 s                 ; 0 s                 ; 2.32 V                       ; 4.67e-07 V                   ; 2.35 V              ; -0.00942 V          ; 0.116 V                              ; 0.033 V                              ; 6.66e-10 s                  ; 6.27e-10 s                  ; Yes                        ; Yes                        ; 2.32 V                      ; 4.67e-07 V                  ; 2.35 V             ; -0.00942 V         ; 0.116 V                             ; 0.033 V                             ; 6.66e-10 s                 ; 6.27e-10 s                 ; Yes                       ; Yes                       ;
; Coc[29]       ; 2.5 V        ; 0 s                 ; 0 s                 ; 2.32 V                       ; 4.67e-07 V                   ; 2.35 V              ; -0.00942 V          ; 0.116 V                              ; 0.033 V                              ; 6.66e-10 s                  ; 6.27e-10 s                  ; Yes                        ; Yes                        ; 2.32 V                      ; 4.67e-07 V                  ; 2.35 V             ; -0.00942 V         ; 0.116 V                             ; 0.033 V                             ; 6.66e-10 s                 ; 6.27e-10 s                 ; Yes                       ; Yes                       ;
; Coc[30]       ; 2.5 V        ; 0 s                 ; 0 s                 ; 2.32 V                       ; 4.67e-07 V                   ; 2.35 V              ; -0.00942 V          ; 0.116 V                              ; 0.033 V                              ; 6.66e-10 s                  ; 6.27e-10 s                  ; Yes                        ; Yes                        ; 2.32 V                      ; 4.67e-07 V                  ; 2.35 V             ; -0.00942 V         ; 0.116 V                             ; 0.033 V                             ; 6.66e-10 s                 ; 6.27e-10 s                 ; Yes                       ; Yes                       ;
; Coc[31]       ; 2.5 V        ; 0 s                 ; 0 s                 ; 2.32 V                       ; 4.67e-07 V                   ; 2.35 V              ; -0.00942 V          ; 0.116 V                              ; 0.033 V                              ; 6.66e-10 s                  ; 6.27e-10 s                  ; Yes                        ; Yes                        ; 2.32 V                      ; 4.67e-07 V                  ; 2.35 V             ; -0.00942 V         ; 0.116 V                             ; 0.033 V                             ; 6.66e-10 s                 ; 6.27e-10 s                 ; Yes                       ; Yes                       ;
; Res[0]        ; 2.5 V        ; 0 s                 ; 0 s                 ; 2.32 V                       ; 4.67e-07 V                   ; 2.35 V              ; -0.00942 V          ; 0.116 V                              ; 0.033 V                              ; 6.66e-10 s                  ; 6.27e-10 s                  ; Yes                        ; Yes                        ; 2.32 V                      ; 4.67e-07 V                  ; 2.35 V             ; -0.00942 V         ; 0.116 V                             ; 0.033 V                             ; 6.66e-10 s                 ; 6.27e-10 s                 ; Yes                       ; Yes                       ;
; Res[1]        ; 2.5 V        ; 0 s                 ; 0 s                 ; 2.32 V                       ; 4.67e-07 V                   ; 2.35 V              ; -0.00942 V          ; 0.116 V                              ; 0.033 V                              ; 6.66e-10 s                  ; 6.27e-10 s                  ; Yes                        ; Yes                        ; 2.32 V                      ; 4.67e-07 V                  ; 2.35 V             ; -0.00942 V         ; 0.116 V                             ; 0.033 V                             ; 6.66e-10 s                 ; 6.27e-10 s                 ; Yes                       ; Yes                       ;
; Res[2]        ; 2.5 V        ; 0 s                 ; 0 s                 ; 2.32 V                       ; 4.67e-07 V                   ; 2.35 V              ; -0.00942 V          ; 0.116 V                              ; 0.033 V                              ; 6.66e-10 s                  ; 6.27e-10 s                  ; Yes                        ; Yes                        ; 2.32 V                      ; 4.67e-07 V                  ; 2.35 V             ; -0.00942 V         ; 0.116 V                             ; 0.033 V                             ; 6.66e-10 s                 ; 6.27e-10 s                 ; Yes                       ; Yes                       ;
; Res[3]        ; 2.5 V        ; 0 s                 ; 0 s                 ; 2.32 V                       ; 4.67e-07 V                   ; 2.36 V              ; -0.00552 V          ; 0.11 V                               ; 0.007 V                              ; 4.54e-10 s                  ; 4.35e-10 s                  ; Yes                        ; Yes                        ; 2.32 V                      ; 4.67e-07 V                  ; 2.36 V             ; -0.00552 V         ; 0.11 V                              ; 0.007 V                             ; 4.54e-10 s                 ; 4.35e-10 s                 ; Yes                       ; Yes                       ;
; Res[4]        ; 2.5 V        ; 0 s                 ; 0 s                 ; 2.32 V                       ; 4.67e-07 V                   ; 2.35 V              ; -0.00942 V          ; 0.116 V                              ; 0.033 V                              ; 6.66e-10 s                  ; 6.27e-10 s                  ; Yes                        ; Yes                        ; 2.32 V                      ; 4.67e-07 V                  ; 2.35 V             ; -0.00942 V         ; 0.116 V                             ; 0.033 V                             ; 6.66e-10 s                 ; 6.27e-10 s                 ; Yes                       ; Yes                       ;
; Res[5]        ; 2.5 V        ; 0 s                 ; 0 s                 ; 2.32 V                       ; 4.67e-07 V                   ; 2.35 V              ; -0.00942 V          ; 0.116 V                              ; 0.033 V                              ; 6.66e-10 s                  ; 6.27e-10 s                  ; Yes                        ; Yes                        ; 2.32 V                      ; 4.67e-07 V                  ; 2.35 V             ; -0.00942 V         ; 0.116 V                             ; 0.033 V                             ; 6.66e-10 s                 ; 6.27e-10 s                 ; Yes                       ; Yes                       ;
; Res[6]        ; 2.5 V        ; 0 s                 ; 0 s                 ; 2.32 V                       ; 4.67e-07 V                   ; 2.35 V              ; -0.00942 V          ; 0.116 V                              ; 0.033 V                              ; 6.66e-10 s                  ; 6.27e-10 s                  ; Yes                        ; Yes                        ; 2.32 V                      ; 4.67e-07 V                  ; 2.35 V             ; -0.00942 V         ; 0.116 V                             ; 0.033 V                             ; 6.66e-10 s                 ; 6.27e-10 s                 ; Yes                       ; Yes                       ;
; Res[7]        ; 2.5 V        ; 0 s                 ; 0 s                 ; 2.32 V                       ; 4.67e-07 V                   ; 2.35 V              ; -0.00942 V          ; 0.116 V                              ; 0.033 V                              ; 6.66e-10 s                  ; 6.27e-10 s                  ; Yes                        ; Yes                        ; 2.32 V                      ; 4.67e-07 V                  ; 2.35 V             ; -0.00942 V         ; 0.116 V                             ; 0.033 V                             ; 6.66e-10 s                 ; 6.27e-10 s                 ; Yes                       ; Yes                       ;
; Res[8]        ; 2.5 V        ; 0 s                 ; 0 s                 ; 2.32 V                       ; 4.67e-07 V                   ; 2.35 V              ; -0.00942 V          ; 0.116 V                              ; 0.033 V                              ; 6.66e-10 s                  ; 6.27e-10 s                  ; Yes                        ; Yes                        ; 2.32 V                      ; 4.67e-07 V                  ; 2.35 V             ; -0.00942 V         ; 0.116 V                             ; 0.033 V                             ; 6.66e-10 s                 ; 6.27e-10 s                 ; Yes                       ; Yes                       ;
; Res[9]        ; 2.5 V        ; 0 s                 ; 0 s                 ; 2.32 V                       ; 4.67e-07 V                   ; 2.36 V              ; -0.00552 V          ; 0.11 V                               ; 0.007 V                              ; 4.54e-10 s                  ; 4.35e-10 s                  ; Yes                        ; Yes                        ; 2.32 V                      ; 4.67e-07 V                  ; 2.36 V             ; -0.00552 V         ; 0.11 V                              ; 0.007 V                             ; 4.54e-10 s                 ; 4.35e-10 s                 ; Yes                       ; Yes                       ;
; Res[10]       ; 2.5 V        ; 0 s                 ; 0 s                 ; 2.32 V                       ; 4.67e-07 V                   ; 2.35 V              ; -0.00942 V          ; 0.116 V                              ; 0.033 V                              ; 6.66e-10 s                  ; 6.27e-10 s                  ; Yes                        ; Yes                        ; 2.32 V                      ; 4.67e-07 V                  ; 2.35 V             ; -0.00942 V         ; 0.116 V                             ; 0.033 V                             ; 6.66e-10 s                 ; 6.27e-10 s                 ; Yes                       ; Yes                       ;
; Res[11]       ; 2.5 V        ; 0 s                 ; 0 s                 ; 2.32 V                       ; 4.67e-07 V                   ; 2.35 V              ; -0.00942 V          ; 0.116 V                              ; 0.033 V                              ; 6.66e-10 s                  ; 6.27e-10 s                  ; Yes                        ; Yes                        ; 2.32 V                      ; 4.67e-07 V                  ; 2.35 V             ; -0.00942 V         ; 0.116 V                             ; 0.033 V                             ; 6.66e-10 s                 ; 6.27e-10 s                 ; Yes                       ; Yes                       ;
; Res[12]       ; 2.5 V        ; 0 s                 ; 0 s                 ; 2.32 V                       ; 4.67e-07 V                   ; 2.35 V              ; -0.00942 V          ; 0.116 V                              ; 0.033 V                              ; 6.66e-10 s                  ; 6.27e-10 s                  ; Yes                        ; Yes                        ; 2.32 V                      ; 4.67e-07 V                  ; 2.35 V             ; -0.00942 V         ; 0.116 V                             ; 0.033 V                             ; 6.66e-10 s                 ; 6.27e-10 s                 ; Yes                       ; Yes                       ;
; Res[13]       ; 2.5 V        ; 0 s                 ; 0 s                 ; 2.32 V                       ; 4.67e-07 V                   ; 2.35 V              ; -0.00942 V          ; 0.116 V                              ; 0.033 V                              ; 6.66e-10 s                  ; 6.27e-10 s                  ; Yes                        ; Yes                        ; 2.32 V                      ; 4.67e-07 V                  ; 2.35 V             ; -0.00942 V         ; 0.116 V                             ; 0.033 V                             ; 6.66e-10 s                 ; 6.27e-10 s                 ; Yes                       ; Yes                       ;
; Res[14]       ; 2.5 V        ; 0 s                 ; 0 s                 ; 2.32 V                       ; 4.67e-07 V                   ; 2.35 V              ; -0.00942 V          ; 0.116 V                              ; 0.033 V                              ; 6.66e-10 s                  ; 6.27e-10 s                  ; Yes                        ; Yes                        ; 2.32 V                      ; 4.67e-07 V                  ; 2.35 V             ; -0.00942 V         ; 0.116 V                             ; 0.033 V                             ; 6.66e-10 s                 ; 6.27e-10 s                 ; Yes                       ; Yes                       ;
; Res[15]       ; 2.5 V        ; 0 s                 ; 0 s                 ; 2.32 V                       ; 4.67e-07 V                   ; 2.35 V              ; -0.00942 V          ; 0.116 V                              ; 0.033 V                              ; 6.66e-10 s                  ; 6.27e-10 s                  ; Yes                        ; Yes                        ; 2.32 V                      ; 4.67e-07 V                  ; 2.35 V             ; -0.00942 V         ; 0.116 V                             ; 0.033 V                             ; 6.66e-10 s                 ; 6.27e-10 s                 ; Yes                       ; Yes                       ;
; Res[16]       ; 2.5 V        ; 0 s                 ; 0 s                 ; 2.32 V                       ; 4.67e-07 V                   ; 2.35 V              ; -0.00942 V          ; 0.116 V                              ; 0.033 V                              ; 6.66e-10 s                  ; 6.27e-10 s                  ; Yes                        ; Yes                        ; 2.32 V                      ; 4.67e-07 V                  ; 2.35 V             ; -0.00942 V         ; 0.116 V                             ; 0.033 V                             ; 6.66e-10 s                 ; 6.27e-10 s                 ; Yes                       ; Yes                       ;
; Res[17]       ; 2.5 V        ; 0 s                 ; 0 s                 ; 2.32 V                       ; 4.67e-07 V                   ; 2.35 V              ; -0.00942 V          ; 0.116 V                              ; 0.033 V                              ; 6.66e-10 s                  ; 6.27e-10 s                  ; Yes                        ; Yes                        ; 2.32 V                      ; 4.67e-07 V                  ; 2.35 V             ; -0.00942 V         ; 0.116 V                             ; 0.033 V                             ; 6.66e-10 s                 ; 6.27e-10 s                 ; Yes                       ; Yes                       ;
; Res[18]       ; 2.5 V        ; 0 s                 ; 0 s                 ; 2.32 V                       ; 4.67e-07 V                   ; 2.35 V              ; -0.00942 V          ; 0.116 V                              ; 0.033 V                              ; 6.66e-10 s                  ; 6.27e-10 s                  ; Yes                        ; Yes                        ; 2.32 V                      ; 4.67e-07 V                  ; 2.35 V             ; -0.00942 V         ; 0.116 V                             ; 0.033 V                             ; 6.66e-10 s                 ; 6.27e-10 s                 ; Yes                       ; Yes                       ;
; Res[19]       ; 2.5 V        ; 0 s                 ; 0 s                 ; 2.32 V                       ; 4.67e-07 V                   ; 2.35 V              ; -0.00942 V          ; 0.116 V                              ; 0.033 V                              ; 6.66e-10 s                  ; 6.27e-10 s                  ; Yes                        ; Yes                        ; 2.32 V                      ; 4.67e-07 V                  ; 2.35 V             ; -0.00942 V         ; 0.116 V                             ; 0.033 V                             ; 6.66e-10 s                 ; 6.27e-10 s                 ; Yes                       ; Yes                       ;
; Res[20]       ; 2.5 V        ; 0 s                 ; 0 s                 ; 2.32 V                       ; 4.67e-07 V                   ; 2.35 V              ; -0.00942 V          ; 0.116 V                              ; 0.033 V                              ; 6.66e-10 s                  ; 6.27e-10 s                  ; Yes                        ; Yes                        ; 2.32 V                      ; 4.67e-07 V                  ; 2.35 V             ; -0.00942 V         ; 0.116 V                             ; 0.033 V                             ; 6.66e-10 s                 ; 6.27e-10 s                 ; Yes                       ; Yes                       ;
; Res[21]       ; 2.5 V        ; 0 s                 ; 0 s                 ; 2.32 V                       ; 4.67e-07 V                   ; 2.33 V              ; -0.00269 V          ; 0.13 V                               ; 0.055 V                              ; 3.54e-09 s                  ; 3.29e-09 s                  ; Yes                        ; Yes                        ; 2.32 V                      ; 4.67e-07 V                  ; 2.33 V             ; -0.00269 V         ; 0.13 V                              ; 0.055 V                             ; 3.54e-09 s                 ; 3.29e-09 s                 ; Yes                       ; Yes                       ;
; Res[22]       ; 2.5 V        ; 0 s                 ; 0 s                 ; 2.32 V                       ; 4.67e-07 V                   ; 2.35 V              ; -0.00942 V          ; 0.116 V                              ; 0.033 V                              ; 6.66e-10 s                  ; 6.27e-10 s                  ; Yes                        ; Yes                        ; 2.32 V                      ; 4.67e-07 V                  ; 2.35 V             ; -0.00942 V         ; 0.116 V                             ; 0.033 V                             ; 6.66e-10 s                 ; 6.27e-10 s                 ; Yes                       ; Yes                       ;
; Res[23]       ; 2.5 V        ; 0 s                 ; 0 s                 ; 2.32 V                       ; 4.67e-07 V                   ; 2.35 V              ; -0.00942 V          ; 0.116 V                              ; 0.033 V                              ; 6.66e-10 s                  ; 6.27e-10 s                  ; Yes                        ; Yes                        ; 2.32 V                      ; 4.67e-07 V                  ; 2.35 V             ; -0.00942 V         ; 0.116 V                             ; 0.033 V                             ; 6.66e-10 s                 ; 6.27e-10 s                 ; Yes                       ; Yes                       ;
; Res[24]       ; 2.5 V        ; 0 s                 ; 0 s                 ; 2.32 V                       ; 4.67e-07 V                   ; 2.35 V              ; -0.00942 V          ; 0.116 V                              ; 0.033 V                              ; 6.66e-10 s                  ; 6.27e-10 s                  ; Yes                        ; Yes                        ; 2.32 V                      ; 4.67e-07 V                  ; 2.35 V             ; -0.00942 V         ; 0.116 V                             ; 0.033 V                             ; 6.66e-10 s                 ; 6.27e-10 s                 ; Yes                       ; Yes                       ;
; Res[25]       ; 2.5 V        ; 0 s                 ; 0 s                 ; 2.32 V                       ; 4.67e-07 V                   ; 2.35 V              ; -0.00942 V          ; 0.116 V                              ; 0.033 V                              ; 6.66e-10 s                  ; 6.27e-10 s                  ; Yes                        ; Yes                        ; 2.32 V                      ; 4.67e-07 V                  ; 2.35 V             ; -0.00942 V         ; 0.116 V                             ; 0.033 V                             ; 6.66e-10 s                 ; 6.27e-10 s                 ; Yes                       ; Yes                       ;
; Res[26]       ; 2.5 V        ; 0 s                 ; 0 s                 ; 2.32 V                       ; 4.67e-07 V                   ; 2.35 V              ; -0.00942 V          ; 0.116 V                              ; 0.033 V                              ; 6.66e-10 s                  ; 6.27e-10 s                  ; Yes                        ; Yes                        ; 2.32 V                      ; 4.67e-07 V                  ; 2.35 V             ; -0.00942 V         ; 0.116 V                             ; 0.033 V                             ; 6.66e-10 s                 ; 6.27e-10 s                 ; Yes                       ; Yes                       ;
; Res[27]       ; 2.5 V        ; 0 s                 ; 0 s                 ; 2.32 V                       ; 4.67e-07 V                   ; 2.35 V              ; -0.00942 V          ; 0.116 V                              ; 0.033 V                              ; 6.66e-10 s                  ; 6.27e-10 s                  ; Yes                        ; Yes                        ; 2.32 V                      ; 4.67e-07 V                  ; 2.35 V             ; -0.00942 V         ; 0.116 V                             ; 0.033 V                             ; 6.66e-10 s                 ; 6.27e-10 s                 ; Yes                       ; Yes                       ;
; Res[28]       ; 2.5 V        ; 0 s                 ; 0 s                 ; 2.32 V                       ; 4.67e-07 V                   ; 2.35 V              ; -0.00942 V          ; 0.116 V                              ; 0.033 V                              ; 6.66e-10 s                  ; 6.27e-10 s                  ; Yes                        ; Yes                        ; 2.32 V                      ; 4.67e-07 V                  ; 2.35 V             ; -0.00942 V         ; 0.116 V                             ; 0.033 V                             ; 6.66e-10 s                 ; 6.27e-10 s                 ; Yes                       ; Yes                       ;
; Res[29]       ; 2.5 V        ; 0 s                 ; 0 s                 ; 2.32 V                       ; 4.67e-07 V                   ; 2.35 V              ; -0.00942 V          ; 0.116 V                              ; 0.033 V                              ; 6.66e-10 s                  ; 6.27e-10 s                  ; Yes                        ; Yes                        ; 2.32 V                      ; 4.67e-07 V                  ; 2.35 V             ; -0.00942 V         ; 0.116 V                             ; 0.033 V                             ; 6.66e-10 s                 ; 6.27e-10 s                 ; Yes                       ; Yes                       ;
; Res[30]       ; 2.5 V        ; 0 s                 ; 0 s                 ; 2.32 V                       ; 4.67e-07 V                   ; 2.35 V              ; -0.00942 V          ; 0.116 V                              ; 0.033 V                              ; 6.66e-10 s                  ; 6.27e-10 s                  ; Yes                        ; Yes                        ; 2.32 V                      ; 4.67e-07 V                  ; 2.35 V             ; -0.00942 V         ; 0.116 V                             ; 0.033 V                             ; 6.66e-10 s                 ; 6.27e-10 s                 ; Yes                       ; Yes                       ;
; Res[31]       ; 2.5 V        ; 0 s                 ; 0 s                 ; 2.32 V                       ; 4.67e-07 V                   ; 2.35 V              ; -0.00942 V          ; 0.116 V                              ; 0.033 V                              ; 6.66e-10 s                  ; 6.27e-10 s                  ; Yes                        ; Yes                        ; 2.32 V                      ; 4.67e-07 V                  ; 2.35 V             ; -0.00942 V         ; 0.116 V                             ; 0.033 V                             ; 6.66e-10 s                 ; 6.27e-10 s                 ; Yes                       ; Yes                       ;
; Done          ; 2.5 V        ; 0 s                 ; 0 s                 ; 2.32 V                       ; 6.92e-07 V                   ; 2.35 V              ; -0.00996 V          ; 0.121 V                              ; 0.03 V                               ; 4.64e-10 s                  ; 4.47e-10 s                  ; Yes                        ; Yes                        ; 2.32 V                      ; 6.92e-07 V                  ; 2.35 V             ; -0.00996 V         ; 0.121 V                             ; 0.03 V                              ; 4.64e-10 s                 ; 4.47e-10 s                 ; Yes                       ; Yes                       ;
; ~ALTERA_DCLK~ ; 2.5 V        ; 0 s                 ; 0 s                 ; 2.32 V                       ; 3.75e-07 V                   ; 2.35 V              ; -0.0109 V           ; 0.084 V                              ; 0.027 V                              ; 4.31e-10 s                  ; 3.61e-10 s                  ; Yes                        ; Yes                        ; 2.32 V                      ; 3.75e-07 V                  ; 2.35 V             ; -0.0109 V          ; 0.084 V                             ; 0.027 V                             ; 4.31e-10 s                 ; 3.61e-10 s                 ; Yes                       ; Yes                       ;
; ~ALTERA_nCEO~ ; 2.5 V        ; 0 s                 ; 0 s                 ; 2.32 V                       ; 6.15e-07 V                   ; 2.35 V              ; -0.00712 V          ; 0.093 V                              ; 0.02 V                               ; 6.21e-10 s                  ; 7.9e-10 s                   ; Yes                        ; Yes                        ; 2.32 V                      ; 6.15e-07 V                  ; 2.35 V             ; -0.00712 V         ; 0.093 V                             ; 0.02 V                              ; 6.21e-10 s                 ; 7.9e-10 s                  ; Yes                       ; Yes                       ;
+---------------+--------------+---------------------+---------------------+------------------------------+------------------------------+---------------------+---------------------+--------------------------------------+--------------------------------------+-----------------------------+-----------------------------+----------------------------+----------------------------+-----------------------------+-----------------------------+--------------------+--------------------+-------------------------------------+-------------------------------------+----------------------------+----------------------------+---------------------------+---------------------------+


+--------------------------------------------------------------------------------------------------------------------------------------------------------------------------------------------------------------------------------------------------------------------------------------------------------------------------------------------------------------------------------------------------------------------------------------------------------------------------------------------------------------------------------------------------------------------------------------------------------------------------------------------------------------------------------------------+
; Signal Integrity Metrics (Fast 1200mv 0c Model)                                                                                                                                                                                                                                                                                                                                                                                                                                                                                                                                                                                                                                            ;
+---------------+--------------+---------------------+---------------------+------------------------------+------------------------------+---------------------+---------------------+--------------------------------------+--------------------------------------+-----------------------------+-----------------------------+----------------------------+----------------------------+-----------------------------+-----------------------------+--------------------+--------------------+-------------------------------------+-------------------------------------+----------------------------+----------------------------+---------------------------+---------------------------+
; Pin           ; I/O Standard ; Board Delay on Rise ; Board Delay on Fall ; Steady State Voh at FPGA Pin ; Steady State Vol at FPGA Pin ; Voh Max at FPGA Pin ; Vol Min at FPGA Pin ; Ringback Voltage on Rise at FPGA Pin ; Ringback Voltage on Fall at FPGA Pin ; 10-90 Rise Time at FPGA Pin ; 90-10 Fall Time at FPGA Pin ; Monotonic Rise at FPGA Pin ; Monotonic Fall at FPGA Pin ; Steady State Voh at Far-end ; Steady State Vol at Far-end ; Voh Max at Far-end ; Vol Min at Far-end ; Ringback Voltage on Rise at Far-end ; Ringback Voltage on Fall at Far-end ; 10-90 Rise Time at Far-end ; 90-10 Fall Time at Far-end ; Monotonic Rise at Far-end ; Monotonic Fall at Far-end ;
+---------------+--------------+---------------------+---------------------+------------------------------+------------------------------+---------------------+---------------------+--------------------------------------+--------------------------------------+-----------------------------+-----------------------------+----------------------------+----------------------------+-----------------------------+-----------------------------+--------------------+--------------------+-------------------------------------+-------------------------------------+----------------------------+----------------------------+---------------------------+---------------------------+
; Coc[0]        ; 2.5 V        ; 0 s                 ; 0 s                 ; 2.62 V                       ; 2.74e-08 V                   ; 2.71 V              ; -0.0317 V           ; 0.148 V                              ; 0.064 V                              ; 4.51e-10 s                  ; 4.15e-10 s                  ; No                         ; Yes                        ; 2.62 V                      ; 2.74e-08 V                  ; 2.71 V             ; -0.0317 V          ; 0.148 V                             ; 0.064 V                             ; 4.51e-10 s                 ; 4.15e-10 s                 ; No                        ; Yes                       ;
; Coc[1]        ; 2.5 V        ; 0 s                 ; 0 s                 ; 2.62 V                       ; 2.74e-08 V                   ; 2.71 V              ; -0.0317 V           ; 0.148 V                              ; 0.064 V                              ; 4.51e-10 s                  ; 4.15e-10 s                  ; No                         ; Yes                        ; 2.62 V                      ; 2.74e-08 V                  ; 2.71 V             ; -0.0317 V          ; 0.148 V                             ; 0.064 V                             ; 4.51e-10 s                 ; 4.15e-10 s                 ; No                        ; Yes                       ;
; Coc[2]        ; 2.5 V        ; 0 s                 ; 0 s                 ; 2.62 V                       ; 2.74e-08 V                   ; 2.71 V              ; -0.0317 V           ; 0.148 V                              ; 0.064 V                              ; 4.51e-10 s                  ; 4.15e-10 s                  ; No                         ; Yes                        ; 2.62 V                      ; 2.74e-08 V                  ; 2.71 V             ; -0.0317 V          ; 0.148 V                             ; 0.064 V                             ; 4.51e-10 s                 ; 4.15e-10 s                 ; No                        ; Yes                       ;
; Coc[3]        ; 2.5 V        ; 0 s                 ; 0 s                 ; 2.62 V                       ; 2.74e-08 V                   ; 2.71 V              ; -0.0317 V           ; 0.148 V                              ; 0.064 V                              ; 4.51e-10 s                  ; 4.15e-10 s                  ; No                         ; Yes                        ; 2.62 V                      ; 2.74e-08 V                  ; 2.71 V             ; -0.0317 V          ; 0.148 V                             ; 0.064 V                             ; 4.51e-10 s                 ; 4.15e-10 s                 ; No                        ; Yes                       ;
; Coc[4]        ; 2.5 V        ; 0 s                 ; 0 s                 ; 2.62 V                       ; 2.74e-08 V                   ; 2.71 V              ; -0.0317 V           ; 0.148 V                              ; 0.064 V                              ; 4.51e-10 s                  ; 4.15e-10 s                  ; No                         ; Yes                        ; 2.62 V                      ; 2.74e-08 V                  ; 2.71 V             ; -0.0317 V          ; 0.148 V                             ; 0.064 V                             ; 4.51e-10 s                 ; 4.15e-10 s                 ; No                        ; Yes                       ;
; Coc[5]        ; 2.5 V        ; 0 s                 ; 0 s                 ; 2.62 V                       ; 2.74e-08 V                   ; 2.71 V              ; -0.0317 V           ; 0.148 V                              ; 0.064 V                              ; 4.51e-10 s                  ; 4.15e-10 s                  ; No                         ; Yes                        ; 2.62 V                      ; 2.74e-08 V                  ; 2.71 V             ; -0.0317 V          ; 0.148 V                             ; 0.064 V                             ; 4.51e-10 s                 ; 4.15e-10 s                 ; No                        ; Yes                       ;
; Coc[6]        ; 2.5 V        ; 0 s                 ; 0 s                 ; 2.62 V                       ; 2.74e-08 V                   ; 2.71 V              ; -0.0317 V           ; 0.148 V                              ; 0.064 V                              ; 4.51e-10 s                  ; 4.15e-10 s                  ; No                         ; Yes                        ; 2.62 V                      ; 2.74e-08 V                  ; 2.71 V             ; -0.0317 V          ; 0.148 V                             ; 0.064 V                             ; 4.51e-10 s                 ; 4.15e-10 s                 ; No                        ; Yes                       ;
; Coc[7]        ; 2.5 V        ; 0 s                 ; 0 s                 ; 2.62 V                       ; 2.74e-08 V                   ; 2.71 V              ; -0.0317 V           ; 0.148 V                              ; 0.064 V                              ; 4.51e-10 s                  ; 4.15e-10 s                  ; No                         ; Yes                        ; 2.62 V                      ; 2.74e-08 V                  ; 2.71 V             ; -0.0317 V          ; 0.148 V                             ; 0.064 V                             ; 4.51e-10 s                 ; 4.15e-10 s                 ; No                        ; Yes                       ;
; Coc[8]        ; 2.5 V        ; 0 s                 ; 0 s                 ; 2.62 V                       ; 2.74e-08 V                   ; 2.71 V              ; -0.0317 V           ; 0.148 V                              ; 0.064 V                              ; 4.51e-10 s                  ; 4.15e-10 s                  ; No                         ; Yes                        ; 2.62 V                      ; 2.74e-08 V                  ; 2.71 V             ; -0.0317 V          ; 0.148 V                             ; 0.064 V                             ; 4.51e-10 s                 ; 4.15e-10 s                 ; No                        ; Yes                       ;
; Coc[9]        ; 2.5 V        ; 0 s                 ; 0 s                 ; 2.62 V                       ; 2.74e-08 V                   ; 2.73 V              ; -0.0384 V           ; 0.169 V                              ; 0.089 V                              ; 2.7e-10 s                   ; 2.62e-10 s                  ; Yes                        ; Yes                        ; 2.62 V                      ; 2.74e-08 V                  ; 2.73 V             ; -0.0384 V          ; 0.169 V                             ; 0.089 V                             ; 2.7e-10 s                  ; 2.62e-10 s                 ; Yes                       ; Yes                       ;
; Coc[10]       ; 2.5 V        ; 0 s                 ; 0 s                 ; 2.62 V                       ; 4.05e-08 V                   ; 2.72 V              ; -0.0349 V           ; 0.173 V                              ; 0.1 V                                ; 2.72e-10 s                  ; 2.69e-10 s                  ; Yes                        ; Yes                        ; 2.62 V                      ; 4.05e-08 V                  ; 2.72 V             ; -0.0349 V          ; 0.173 V                             ; 0.1 V                               ; 2.72e-10 s                 ; 2.69e-10 s                 ; Yes                       ; Yes                       ;
; Coc[11]       ; 2.5 V        ; 0 s                 ; 0 s                 ; 2.62 V                       ; 2.74e-08 V                   ; 2.71 V              ; -0.0317 V           ; 0.148 V                              ; 0.064 V                              ; 4.51e-10 s                  ; 4.15e-10 s                  ; No                         ; Yes                        ; 2.62 V                      ; 2.74e-08 V                  ; 2.71 V             ; -0.0317 V          ; 0.148 V                             ; 0.064 V                             ; 4.51e-10 s                 ; 4.15e-10 s                 ; No                        ; Yes                       ;
; Coc[12]       ; 2.5 V        ; 0 s                 ; 0 s                 ; 2.62 V                       ; 2.74e-08 V                   ; 2.64 V              ; -0.0117 V           ; 0.202 V                              ; 0.176 V                              ; 2.38e-09 s                  ; 2.22e-09 s                  ; No                         ; Yes                        ; 2.62 V                      ; 2.74e-08 V                  ; 2.64 V             ; -0.0117 V          ; 0.202 V                             ; 0.176 V                             ; 2.38e-09 s                 ; 2.22e-09 s                 ; No                        ; Yes                       ;
; Coc[13]       ; 2.5 V        ; 0 s                 ; 0 s                 ; 2.62 V                       ; 2.74e-08 V                   ; 2.71 V              ; -0.0317 V           ; 0.148 V                              ; 0.064 V                              ; 4.51e-10 s                  ; 4.15e-10 s                  ; No                         ; Yes                        ; 2.62 V                      ; 2.74e-08 V                  ; 2.71 V             ; -0.0317 V          ; 0.148 V                             ; 0.064 V                             ; 4.51e-10 s                 ; 4.15e-10 s                 ; No                        ; Yes                       ;
; Coc[14]       ; 2.5 V        ; 0 s                 ; 0 s                 ; 2.62 V                       ; 2.74e-08 V                   ; 2.71 V              ; -0.0317 V           ; 0.148 V                              ; 0.064 V                              ; 4.51e-10 s                  ; 4.15e-10 s                  ; No                         ; Yes                        ; 2.62 V                      ; 2.74e-08 V                  ; 2.71 V             ; -0.0317 V          ; 0.148 V                             ; 0.064 V                             ; 4.51e-10 s                 ; 4.15e-10 s                 ; No                        ; Yes                       ;
; Coc[15]       ; 2.5 V        ; 0 s                 ; 0 s                 ; 2.62 V                       ; 2.74e-08 V                   ; 2.71 V              ; -0.0317 V           ; 0.148 V                              ; 0.064 V                              ; 4.51e-10 s                  ; 4.15e-10 s                  ; No                         ; Yes                        ; 2.62 V                      ; 2.74e-08 V                  ; 2.71 V             ; -0.0317 V          ; 0.148 V                             ; 0.064 V                             ; 4.51e-10 s                 ; 4.15e-10 s                 ; No                        ; Yes                       ;
; Coc[16]       ; 2.5 V        ; 0 s                 ; 0 s                 ; 2.62 V                       ; 2.74e-08 V                   ; 2.64 V              ; -0.0117 V           ; 0.202 V                              ; 0.176 V                              ; 2.38e-09 s                  ; 2.22e-09 s                  ; No                         ; Yes                        ; 2.62 V                      ; 2.74e-08 V                  ; 2.64 V             ; -0.0117 V          ; 0.202 V                             ; 0.176 V                             ; 2.38e-09 s                 ; 2.22e-09 s                 ; No                        ; Yes                       ;
; Coc[17]       ; 2.5 V        ; 0 s                 ; 0 s                 ; 2.62 V                       ; 2.74e-08 V                   ; 2.71 V              ; -0.0317 V           ; 0.148 V                              ; 0.064 V                              ; 4.51e-10 s                  ; 4.15e-10 s                  ; No                         ; Yes                        ; 2.62 V                      ; 2.74e-08 V                  ; 2.71 V             ; -0.0317 V          ; 0.148 V                             ; 0.064 V                             ; 4.51e-10 s                 ; 4.15e-10 s                 ; No                        ; Yes                       ;
; Coc[18]       ; 2.5 V        ; 0 s                 ; 0 s                 ; 2.62 V                       ; 2.74e-08 V                   ; 2.71 V              ; -0.0317 V           ; 0.148 V                              ; 0.064 V                              ; 4.51e-10 s                  ; 4.15e-10 s                  ; No                         ; Yes                        ; 2.62 V                      ; 2.74e-08 V                  ; 2.71 V             ; -0.0317 V          ; 0.148 V                             ; 0.064 V                             ; 4.51e-10 s                 ; 4.15e-10 s                 ; No                        ; Yes                       ;
; Coc[19]       ; 2.5 V        ; 0 s                 ; 0 s                 ; 2.62 V                       ; 2.74e-08 V                   ; 2.71 V              ; -0.0317 V           ; 0.148 V                              ; 0.064 V                              ; 4.51e-10 s                  ; 4.15e-10 s                  ; No                         ; Yes                        ; 2.62 V                      ; 2.74e-08 V                  ; 2.71 V             ; -0.0317 V          ; 0.148 V                             ; 0.064 V                             ; 4.51e-10 s                 ; 4.15e-10 s                 ; No                        ; Yes                       ;
; Coc[20]       ; 2.5 V        ; 0 s                 ; 0 s                 ; 2.62 V                       ; 2.74e-08 V                   ; 2.71 V              ; -0.0317 V           ; 0.148 V                              ; 0.064 V                              ; 4.51e-10 s                  ; 4.15e-10 s                  ; No                         ; Yes                        ; 2.62 V                      ; 2.74e-08 V                  ; 2.71 V             ; -0.0317 V          ; 0.148 V                             ; 0.064 V                             ; 4.51e-10 s                 ; 4.15e-10 s                 ; No                        ; Yes                       ;
; Coc[21]       ; 2.5 V        ; 0 s                 ; 0 s                 ; 2.62 V                       ; 2.74e-08 V                   ; 2.71 V              ; -0.0317 V           ; 0.148 V                              ; 0.064 V                              ; 4.51e-10 s                  ; 4.15e-10 s                  ; No                         ; Yes                        ; 2.62 V                      ; 2.74e-08 V                  ; 2.71 V             ; -0.0317 V          ; 0.148 V                             ; 0.064 V                             ; 4.51e-10 s                 ; 4.15e-10 s                 ; No                        ; Yes                       ;
; Coc[22]       ; 2.5 V        ; 0 s                 ; 0 s                 ; 2.62 V                       ; 2.74e-08 V                   ; 2.71 V              ; -0.0317 V           ; 0.148 V                              ; 0.064 V                              ; 4.51e-10 s                  ; 4.15e-10 s                  ; No                         ; Yes                        ; 2.62 V                      ; 2.74e-08 V                  ; 2.71 V             ; -0.0317 V          ; 0.148 V                             ; 0.064 V                             ; 4.51e-10 s                 ; 4.15e-10 s                 ; No                        ; Yes                       ;
; Coc[23]       ; 2.5 V        ; 0 s                 ; 0 s                 ; 2.62 V                       ; 2.74e-08 V                   ; 2.71 V              ; -0.0317 V           ; 0.148 V                              ; 0.064 V                              ; 4.51e-10 s                  ; 4.15e-10 s                  ; No                         ; Yes                        ; 2.62 V                      ; 2.74e-08 V                  ; 2.71 V             ; -0.0317 V          ; 0.148 V                             ; 0.064 V                             ; 4.51e-10 s                 ; 4.15e-10 s                 ; No                        ; Yes                       ;
; Coc[24]       ; 2.5 V        ; 0 s                 ; 0 s                 ; 2.62 V                       ; 2.74e-08 V                   ; 2.71 V              ; -0.0317 V           ; 0.148 V                              ; 0.064 V                              ; 4.51e-10 s                  ; 4.15e-10 s                  ; No                         ; Yes                        ; 2.62 V                      ; 2.74e-08 V                  ; 2.71 V             ; -0.0317 V          ; 0.148 V                             ; 0.064 V                             ; 4.51e-10 s                 ; 4.15e-10 s                 ; No                        ; Yes                       ;
; Coc[25]       ; 2.5 V        ; 0 s                 ; 0 s                 ; 2.62 V                       ; 2.74e-08 V                   ; 2.71 V              ; -0.0317 V           ; 0.148 V                              ; 0.064 V                              ; 4.51e-10 s                  ; 4.15e-10 s                  ; No                         ; Yes                        ; 2.62 V                      ; 2.74e-08 V                  ; 2.71 V             ; -0.0317 V          ; 0.148 V                             ; 0.064 V                             ; 4.51e-10 s                 ; 4.15e-10 s                 ; No                        ; Yes                       ;
; Coc[26]       ; 2.5 V        ; 0 s                 ; 0 s                 ; 2.62 V                       ; 2.74e-08 V                   ; 2.71 V              ; -0.0317 V           ; 0.148 V                              ; 0.064 V                              ; 4.51e-10 s                  ; 4.15e-10 s                  ; No                         ; Yes                        ; 2.62 V                      ; 2.74e-08 V                  ; 2.71 V             ; -0.0317 V          ; 0.148 V                             ; 0.064 V                             ; 4.51e-10 s                 ; 4.15e-10 s                 ; No                        ; Yes                       ;
; Coc[27]       ; 2.5 V        ; 0 s                 ; 0 s                 ; 2.62 V                       ; 2.74e-08 V                   ; 2.71 V              ; -0.0317 V           ; 0.148 V                              ; 0.064 V                              ; 4.51e-10 s                  ; 4.15e-10 s                  ; No                         ; Yes                        ; 2.62 V                      ; 2.74e-08 V                  ; 2.71 V             ; -0.0317 V          ; 0.148 V                             ; 0.064 V                             ; 4.51e-10 s                 ; 4.15e-10 s                 ; No                        ; Yes                       ;
; Coc[28]       ; 2.5 V        ; 0 s                 ; 0 s                 ; 2.62 V                       ; 2.74e-08 V                   ; 2.71 V              ; -0.0317 V           ; 0.148 V                              ; 0.064 V                              ; 4.51e-10 s                  ; 4.15e-10 s                  ; No                         ; Yes                        ; 2.62 V                      ; 2.74e-08 V                  ; 2.71 V             ; -0.0317 V          ; 0.148 V                             ; 0.064 V                             ; 4.51e-10 s                 ; 4.15e-10 s                 ; No                        ; Yes                       ;
; Coc[29]       ; 2.5 V        ; 0 s                 ; 0 s                 ; 2.62 V                       ; 2.74e-08 V                   ; 2.71 V              ; -0.0317 V           ; 0.148 V                              ; 0.064 V                              ; 4.51e-10 s                  ; 4.15e-10 s                  ; No                         ; Yes                        ; 2.62 V                      ; 2.74e-08 V                  ; 2.71 V             ; -0.0317 V          ; 0.148 V                             ; 0.064 V                             ; 4.51e-10 s                 ; 4.15e-10 s                 ; No                        ; Yes                       ;
; Coc[30]       ; 2.5 V        ; 0 s                 ; 0 s                 ; 2.62 V                       ; 2.74e-08 V                   ; 2.71 V              ; -0.0317 V           ; 0.148 V                              ; 0.064 V                              ; 4.51e-10 s                  ; 4.15e-10 s                  ; No                         ; Yes                        ; 2.62 V                      ; 2.74e-08 V                  ; 2.71 V             ; -0.0317 V          ; 0.148 V                             ; 0.064 V                             ; 4.51e-10 s                 ; 4.15e-10 s                 ; No                        ; Yes                       ;
; Coc[31]       ; 2.5 V        ; 0 s                 ; 0 s                 ; 2.62 V                       ; 2.74e-08 V                   ; 2.71 V              ; -0.0317 V           ; 0.148 V                              ; 0.064 V                              ; 4.51e-10 s                  ; 4.15e-10 s                  ; No                         ; Yes                        ; 2.62 V                      ; 2.74e-08 V                  ; 2.71 V             ; -0.0317 V          ; 0.148 V                             ; 0.064 V                             ; 4.51e-10 s                 ; 4.15e-10 s                 ; No                        ; Yes                       ;
; Res[0]        ; 2.5 V        ; 0 s                 ; 0 s                 ; 2.62 V                       ; 2.74e-08 V                   ; 2.71 V              ; -0.0317 V           ; 0.148 V                              ; 0.064 V                              ; 4.51e-10 s                  ; 4.15e-10 s                  ; No                         ; Yes                        ; 2.62 V                      ; 2.74e-08 V                  ; 2.71 V             ; -0.0317 V          ; 0.148 V                             ; 0.064 V                             ; 4.51e-10 s                 ; 4.15e-10 s                 ; No                        ; Yes                       ;
; Res[1]        ; 2.5 V        ; 0 s                 ; 0 s                 ; 2.62 V                       ; 2.74e-08 V                   ; 2.71 V              ; -0.0317 V           ; 0.148 V                              ; 0.064 V                              ; 4.51e-10 s                  ; 4.15e-10 s                  ; No                         ; Yes                        ; 2.62 V                      ; 2.74e-08 V                  ; 2.71 V             ; -0.0317 V          ; 0.148 V                             ; 0.064 V                             ; 4.51e-10 s                 ; 4.15e-10 s                 ; No                        ; Yes                       ;
; Res[2]        ; 2.5 V        ; 0 s                 ; 0 s                 ; 2.62 V                       ; 2.74e-08 V                   ; 2.71 V              ; -0.0317 V           ; 0.148 V                              ; 0.064 V                              ; 4.51e-10 s                  ; 4.15e-10 s                  ; No                         ; Yes                        ; 2.62 V                      ; 2.74e-08 V                  ; 2.71 V             ; -0.0317 V          ; 0.148 V                             ; 0.064 V                             ; 4.51e-10 s                 ; 4.15e-10 s                 ; No                        ; Yes                       ;
; Res[3]        ; 2.5 V        ; 0 s                 ; 0 s                 ; 2.62 V                       ; 2.74e-08 V                   ; 2.73 V              ; -0.0384 V           ; 0.169 V                              ; 0.089 V                              ; 2.7e-10 s                   ; 2.62e-10 s                  ; Yes                        ; Yes                        ; 2.62 V                      ; 2.74e-08 V                  ; 2.73 V             ; -0.0384 V          ; 0.169 V                             ; 0.089 V                             ; 2.7e-10 s                  ; 2.62e-10 s                 ; Yes                       ; Yes                       ;
; Res[4]        ; 2.5 V        ; 0 s                 ; 0 s                 ; 2.62 V                       ; 2.74e-08 V                   ; 2.71 V              ; -0.0317 V           ; 0.148 V                              ; 0.064 V                              ; 4.51e-10 s                  ; 4.15e-10 s                  ; No                         ; Yes                        ; 2.62 V                      ; 2.74e-08 V                  ; 2.71 V             ; -0.0317 V          ; 0.148 V                             ; 0.064 V                             ; 4.51e-10 s                 ; 4.15e-10 s                 ; No                        ; Yes                       ;
; Res[5]        ; 2.5 V        ; 0 s                 ; 0 s                 ; 2.62 V                       ; 2.74e-08 V                   ; 2.71 V              ; -0.0317 V           ; 0.148 V                              ; 0.064 V                              ; 4.51e-10 s                  ; 4.15e-10 s                  ; No                         ; Yes                        ; 2.62 V                      ; 2.74e-08 V                  ; 2.71 V             ; -0.0317 V          ; 0.148 V                             ; 0.064 V                             ; 4.51e-10 s                 ; 4.15e-10 s                 ; No                        ; Yes                       ;
; Res[6]        ; 2.5 V        ; 0 s                 ; 0 s                 ; 2.62 V                       ; 2.74e-08 V                   ; 2.71 V              ; -0.0317 V           ; 0.148 V                              ; 0.064 V                              ; 4.51e-10 s                  ; 4.15e-10 s                  ; No                         ; Yes                        ; 2.62 V                      ; 2.74e-08 V                  ; 2.71 V             ; -0.0317 V          ; 0.148 V                             ; 0.064 V                             ; 4.51e-10 s                 ; 4.15e-10 s                 ; No                        ; Yes                       ;
; Res[7]        ; 2.5 V        ; 0 s                 ; 0 s                 ; 2.62 V                       ; 2.74e-08 V                   ; 2.71 V              ; -0.0317 V           ; 0.148 V                              ; 0.064 V                              ; 4.51e-10 s                  ; 4.15e-10 s                  ; No                         ; Yes                        ; 2.62 V                      ; 2.74e-08 V                  ; 2.71 V             ; -0.0317 V          ; 0.148 V                             ; 0.064 V                             ; 4.51e-10 s                 ; 4.15e-10 s                 ; No                        ; Yes                       ;
; Res[8]        ; 2.5 V        ; 0 s                 ; 0 s                 ; 2.62 V                       ; 2.74e-08 V                   ; 2.71 V              ; -0.0317 V           ; 0.148 V                              ; 0.064 V                              ; 4.51e-10 s                  ; 4.15e-10 s                  ; No                         ; Yes                        ; 2.62 V                      ; 2.74e-08 V                  ; 2.71 V             ; -0.0317 V          ; 0.148 V                             ; 0.064 V                             ; 4.51e-10 s                 ; 4.15e-10 s                 ; No                        ; Yes                       ;
; Res[9]        ; 2.5 V        ; 0 s                 ; 0 s                 ; 2.62 V                       ; 2.74e-08 V                   ; 2.73 V              ; -0.0384 V           ; 0.169 V                              ; 0.089 V                              ; 2.7e-10 s                   ; 2.62e-10 s                  ; Yes                        ; Yes                        ; 2.62 V                      ; 2.74e-08 V                  ; 2.73 V             ; -0.0384 V          ; 0.169 V                             ; 0.089 V                             ; 2.7e-10 s                  ; 2.62e-10 s                 ; Yes                       ; Yes                       ;
; Res[10]       ; 2.5 V        ; 0 s                 ; 0 s                 ; 2.62 V                       ; 2.74e-08 V                   ; 2.71 V              ; -0.0317 V           ; 0.148 V                              ; 0.064 V                              ; 4.51e-10 s                  ; 4.15e-10 s                  ; No                         ; Yes                        ; 2.62 V                      ; 2.74e-08 V                  ; 2.71 V             ; -0.0317 V          ; 0.148 V                             ; 0.064 V                             ; 4.51e-10 s                 ; 4.15e-10 s                 ; No                        ; Yes                       ;
; Res[11]       ; 2.5 V        ; 0 s                 ; 0 s                 ; 2.62 V                       ; 2.74e-08 V                   ; 2.71 V              ; -0.0317 V           ; 0.148 V                              ; 0.064 V                              ; 4.51e-10 s                  ; 4.15e-10 s                  ; No                         ; Yes                        ; 2.62 V                      ; 2.74e-08 V                  ; 2.71 V             ; -0.0317 V          ; 0.148 V                             ; 0.064 V                             ; 4.51e-10 s                 ; 4.15e-10 s                 ; No                        ; Yes                       ;
; Res[12]       ; 2.5 V        ; 0 s                 ; 0 s                 ; 2.62 V                       ; 2.74e-08 V                   ; 2.71 V              ; -0.0317 V           ; 0.148 V                              ; 0.064 V                              ; 4.51e-10 s                  ; 4.15e-10 s                  ; No                         ; Yes                        ; 2.62 V                      ; 2.74e-08 V                  ; 2.71 V             ; -0.0317 V          ; 0.148 V                             ; 0.064 V                             ; 4.51e-10 s                 ; 4.15e-10 s                 ; No                        ; Yes                       ;
; Res[13]       ; 2.5 V        ; 0 s                 ; 0 s                 ; 2.62 V                       ; 2.74e-08 V                   ; 2.71 V              ; -0.0317 V           ; 0.148 V                              ; 0.064 V                              ; 4.51e-10 s                  ; 4.15e-10 s                  ; No                         ; Yes                        ; 2.62 V                      ; 2.74e-08 V                  ; 2.71 V             ; -0.0317 V          ; 0.148 V                             ; 0.064 V                             ; 4.51e-10 s                 ; 4.15e-10 s                 ; No                        ; Yes                       ;
; Res[14]       ; 2.5 V        ; 0 s                 ; 0 s                 ; 2.62 V                       ; 2.74e-08 V                   ; 2.71 V              ; -0.0317 V           ; 0.148 V                              ; 0.064 V                              ; 4.51e-10 s                  ; 4.15e-10 s                  ; No                         ; Yes                        ; 2.62 V                      ; 2.74e-08 V                  ; 2.71 V             ; -0.0317 V          ; 0.148 V                             ; 0.064 V                             ; 4.51e-10 s                 ; 4.15e-10 s                 ; No                        ; Yes                       ;
; Res[15]       ; 2.5 V        ; 0 s                 ; 0 s                 ; 2.62 V                       ; 2.74e-08 V                   ; 2.71 V              ; -0.0317 V           ; 0.148 V                              ; 0.064 V                              ; 4.51e-10 s                  ; 4.15e-10 s                  ; No                         ; Yes                        ; 2.62 V                      ; 2.74e-08 V                  ; 2.71 V             ; -0.0317 V          ; 0.148 V                             ; 0.064 V                             ; 4.51e-10 s                 ; 4.15e-10 s                 ; No                        ; Yes                       ;
; Res[16]       ; 2.5 V        ; 0 s                 ; 0 s                 ; 2.62 V                       ; 2.74e-08 V                   ; 2.71 V              ; -0.0317 V           ; 0.148 V                              ; 0.064 V                              ; 4.51e-10 s                  ; 4.15e-10 s                  ; No                         ; Yes                        ; 2.62 V                      ; 2.74e-08 V                  ; 2.71 V             ; -0.0317 V          ; 0.148 V                             ; 0.064 V                             ; 4.51e-10 s                 ; 4.15e-10 s                 ; No                        ; Yes                       ;
; Res[17]       ; 2.5 V        ; 0 s                 ; 0 s                 ; 2.62 V                       ; 2.74e-08 V                   ; 2.71 V              ; -0.0317 V           ; 0.148 V                              ; 0.064 V                              ; 4.51e-10 s                  ; 4.15e-10 s                  ; No                         ; Yes                        ; 2.62 V                      ; 2.74e-08 V                  ; 2.71 V             ; -0.0317 V          ; 0.148 V                             ; 0.064 V                             ; 4.51e-10 s                 ; 4.15e-10 s                 ; No                        ; Yes                       ;
; Res[18]       ; 2.5 V        ; 0 s                 ; 0 s                 ; 2.62 V                       ; 2.74e-08 V                   ; 2.71 V              ; -0.0317 V           ; 0.148 V                              ; 0.064 V                              ; 4.51e-10 s                  ; 4.15e-10 s                  ; No                         ; Yes                        ; 2.62 V                      ; 2.74e-08 V                  ; 2.71 V             ; -0.0317 V          ; 0.148 V                             ; 0.064 V                             ; 4.51e-10 s                 ; 4.15e-10 s                 ; No                        ; Yes                       ;
; Res[19]       ; 2.5 V        ; 0 s                 ; 0 s                 ; 2.62 V                       ; 2.74e-08 V                   ; 2.71 V              ; -0.0317 V           ; 0.148 V                              ; 0.064 V                              ; 4.51e-10 s                  ; 4.15e-10 s                  ; No                         ; Yes                        ; 2.62 V                      ; 2.74e-08 V                  ; 2.71 V             ; -0.0317 V          ; 0.148 V                             ; 0.064 V                             ; 4.51e-10 s                 ; 4.15e-10 s                 ; No                        ; Yes                       ;
; Res[20]       ; 2.5 V        ; 0 s                 ; 0 s                 ; 2.62 V                       ; 2.74e-08 V                   ; 2.71 V              ; -0.0317 V           ; 0.148 V                              ; 0.064 V                              ; 4.51e-10 s                  ; 4.15e-10 s                  ; No                         ; Yes                        ; 2.62 V                      ; 2.74e-08 V                  ; 2.71 V             ; -0.0317 V          ; 0.148 V                             ; 0.064 V                             ; 4.51e-10 s                 ; 4.15e-10 s                 ; No                        ; Yes                       ;
; Res[21]       ; 2.5 V        ; 0 s                 ; 0 s                 ; 2.62 V                       ; 2.74e-08 V                   ; 2.64 V              ; -0.0117 V           ; 0.202 V                              ; 0.176 V                              ; 2.38e-09 s                  ; 2.22e-09 s                  ; No                         ; Yes                        ; 2.62 V                      ; 2.74e-08 V                  ; 2.64 V             ; -0.0117 V          ; 0.202 V                             ; 0.176 V                             ; 2.38e-09 s                 ; 2.22e-09 s                 ; No                        ; Yes                       ;
; Res[22]       ; 2.5 V        ; 0 s                 ; 0 s                 ; 2.62 V                       ; 2.74e-08 V                   ; 2.71 V              ; -0.0317 V           ; 0.148 V                              ; 0.064 V                              ; 4.51e-10 s                  ; 4.15e-10 s                  ; No                         ; Yes                        ; 2.62 V                      ; 2.74e-08 V                  ; 2.71 V             ; -0.0317 V          ; 0.148 V                             ; 0.064 V                             ; 4.51e-10 s                 ; 4.15e-10 s                 ; No                        ; Yes                       ;
; Res[23]       ; 2.5 V        ; 0 s                 ; 0 s                 ; 2.62 V                       ; 2.74e-08 V                   ; 2.71 V              ; -0.0317 V           ; 0.148 V                              ; 0.064 V                              ; 4.51e-10 s                  ; 4.15e-10 s                  ; No                         ; Yes                        ; 2.62 V                      ; 2.74e-08 V                  ; 2.71 V             ; -0.0317 V          ; 0.148 V                             ; 0.064 V                             ; 4.51e-10 s                 ; 4.15e-10 s                 ; No                        ; Yes                       ;
; Res[24]       ; 2.5 V        ; 0 s                 ; 0 s                 ; 2.62 V                       ; 2.74e-08 V                   ; 2.71 V              ; -0.0317 V           ; 0.148 V                              ; 0.064 V                              ; 4.51e-10 s                  ; 4.15e-10 s                  ; No                         ; Yes                        ; 2.62 V                      ; 2.74e-08 V                  ; 2.71 V             ; -0.0317 V          ; 0.148 V                             ; 0.064 V                             ; 4.51e-10 s                 ; 4.15e-10 s                 ; No                        ; Yes                       ;
; Res[25]       ; 2.5 V        ; 0 s                 ; 0 s                 ; 2.62 V                       ; 2.74e-08 V                   ; 2.71 V              ; -0.0317 V           ; 0.148 V                              ; 0.064 V                              ; 4.51e-10 s                  ; 4.15e-10 s                  ; No                         ; Yes                        ; 2.62 V                      ; 2.74e-08 V                  ; 2.71 V             ; -0.0317 V          ; 0.148 V                             ; 0.064 V                             ; 4.51e-10 s                 ; 4.15e-10 s                 ; No                        ; Yes                       ;
; Res[26]       ; 2.5 V        ; 0 s                 ; 0 s                 ; 2.62 V                       ; 2.74e-08 V                   ; 2.71 V              ; -0.0317 V           ; 0.148 V                              ; 0.064 V                              ; 4.51e-10 s                  ; 4.15e-10 s                  ; No                         ; Yes                        ; 2.62 V                      ; 2.74e-08 V                  ; 2.71 V             ; -0.0317 V          ; 0.148 V                             ; 0.064 V                             ; 4.51e-10 s                 ; 4.15e-10 s                 ; No                        ; Yes                       ;
; Res[27]       ; 2.5 V        ; 0 s                 ; 0 s                 ; 2.62 V                       ; 2.74e-08 V                   ; 2.71 V              ; -0.0317 V           ; 0.148 V                              ; 0.064 V                              ; 4.51e-10 s                  ; 4.15e-10 s                  ; No                         ; Yes                        ; 2.62 V                      ; 2.74e-08 V                  ; 2.71 V             ; -0.0317 V          ; 0.148 V                             ; 0.064 V                             ; 4.51e-10 s                 ; 4.15e-10 s                 ; No                        ; Yes                       ;
; Res[28]       ; 2.5 V        ; 0 s                 ; 0 s                 ; 2.62 V                       ; 2.74e-08 V                   ; 2.71 V              ; -0.0317 V           ; 0.148 V                              ; 0.064 V                              ; 4.51e-10 s                  ; 4.15e-10 s                  ; No                         ; Yes                        ; 2.62 V                      ; 2.74e-08 V                  ; 2.71 V             ; -0.0317 V          ; 0.148 V                             ; 0.064 V                             ; 4.51e-10 s                 ; 4.15e-10 s                 ; No                        ; Yes                       ;
; Res[29]       ; 2.5 V        ; 0 s                 ; 0 s                 ; 2.62 V                       ; 2.74e-08 V                   ; 2.71 V              ; -0.0317 V           ; 0.148 V                              ; 0.064 V                              ; 4.51e-10 s                  ; 4.15e-10 s                  ; No                         ; Yes                        ; 2.62 V                      ; 2.74e-08 V                  ; 2.71 V             ; -0.0317 V          ; 0.148 V                             ; 0.064 V                             ; 4.51e-10 s                 ; 4.15e-10 s                 ; No                        ; Yes                       ;
; Res[30]       ; 2.5 V        ; 0 s                 ; 0 s                 ; 2.62 V                       ; 2.74e-08 V                   ; 2.71 V              ; -0.0317 V           ; 0.148 V                              ; 0.064 V                              ; 4.51e-10 s                  ; 4.15e-10 s                  ; No                         ; Yes                        ; 2.62 V                      ; 2.74e-08 V                  ; 2.71 V             ; -0.0317 V          ; 0.148 V                             ; 0.064 V                             ; 4.51e-10 s                 ; 4.15e-10 s                 ; No                        ; Yes                       ;
; Res[31]       ; 2.5 V        ; 0 s                 ; 0 s                 ; 2.62 V                       ; 2.74e-08 V                   ; 2.71 V              ; -0.0317 V           ; 0.148 V                              ; 0.064 V                              ; 4.51e-10 s                  ; 4.15e-10 s                  ; No                         ; Yes                        ; 2.62 V                      ; 2.74e-08 V                  ; 2.71 V             ; -0.0317 V          ; 0.148 V                             ; 0.064 V                             ; 4.51e-10 s                 ; 4.15e-10 s                 ; No                        ; Yes                       ;
; Done          ; 2.5 V        ; 0 s                 ; 0 s                 ; 2.62 V                       ; 4.05e-08 V                   ; 2.72 V              ; -0.0349 V           ; 0.173 V                              ; 0.1 V                                ; 2.72e-10 s                  ; 2.69e-10 s                  ; Yes                        ; Yes                        ; 2.62 V                      ; 4.05e-08 V                  ; 2.72 V             ; -0.0349 V          ; 0.173 V                             ; 0.1 V                               ; 2.72e-10 s                 ; 2.69e-10 s                 ; Yes                       ; Yes                       ;
; ~ALTERA_DCLK~ ; 2.5 V        ; 0 s                 ; 0 s                 ; 2.62 V                       ; 2.22e-08 V                   ; 2.74 V              ; -0.06 V             ; 0.158 V                              ; 0.08 V                               ; 2.68e-10 s                  ; 2.19e-10 s                  ; Yes                        ; Yes                        ; 2.62 V                      ; 2.22e-08 V                  ; 2.74 V             ; -0.06 V            ; 0.158 V                             ; 0.08 V                              ; 2.68e-10 s                 ; 2.19e-10 s                 ; Yes                       ; Yes                       ;
; ~ALTERA_nCEO~ ; 2.5 V        ; 0 s                 ; 0 s                 ; 2.62 V                       ; 3.54e-08 V                   ; 2.7 V               ; -0.00943 V          ; 0.276 V                              ; 0.035 V                              ; 3.19e-10 s                  ; 4.99e-10 s                  ; No                         ; Yes                        ; 2.62 V                      ; 3.54e-08 V                  ; 2.7 V              ; -0.00943 V         ; 0.276 V                             ; 0.035 V                             ; 3.19e-10 s                 ; 4.99e-10 s                 ; No                        ; Yes                       ;
+---------------+--------------+---------------------+---------------------+------------------------------+------------------------------+---------------------+---------------------+--------------------------------------+--------------------------------------+-----------------------------+-----------------------------+----------------------------+----------------------------+-----------------------------+-----------------------------+--------------------+--------------------+-------------------------------------+-------------------------------------+----------------------------+----------------------------+---------------------------+---------------------------+


+-------------------------------------------------------------------+
; Setup Transfers                                                   ;
+------------+----------+----------+----------+----------+----------+
; From Clock ; To Clock ; RR Paths ; FR Paths ; RF Paths ; FF Paths ;
+------------+----------+----------+----------+----------+----------+
; CLK        ; CLK      ; 102019   ; 0        ; 0        ; 0        ;
+------------+----------+----------+----------+----------+----------+
Entries labeled "false path" only account for clock-to-clock false paths and not path-based false paths. As a result, actual path counts may be lower than reported.


+-------------------------------------------------------------------+
; Hold Transfers                                                    ;
+------------+----------+----------+----------+----------+----------+
; From Clock ; To Clock ; RR Paths ; FR Paths ; RF Paths ; FF Paths ;
+------------+----------+----------+----------+----------+----------+
; CLK        ; CLK      ; 102019   ; 0        ; 0        ; 0        ;
+------------+----------+----------+----------+----------+----------+
Entries labeled "false path" only account for clock-to-clock false paths and not path-based false paths. As a result, actual path counts may be lower than reported.


+-------------------------------------------------------------------+
; Recovery Transfers                                                ;
+------------+----------+----------+----------+----------+----------+
; From Clock ; To Clock ; RR Paths ; FR Paths ; RF Paths ; FF Paths ;
+------------+----------+----------+----------+----------+----------+
; CLK        ; CLK      ; 4        ; 0        ; 0        ; 0        ;
+------------+----------+----------+----------+----------+----------+
Entries labeled "false path" only account for clock-to-clock false paths and not path-based false paths. As a result, actual path counts may be lower than reported.


+-------------------------------------------------------------------+
; Removal Transfers                                                 ;
+------------+----------+----------+----------+----------+----------+
; From Clock ; To Clock ; RR Paths ; FR Paths ; RF Paths ; FF Paths ;
+------------+----------+----------+----------+----------+----------+
; CLK        ; CLK      ; 4        ; 0        ; 0        ; 0        ;
+------------+----------+----------+----------+----------+----------+
Entries labeled "false path" only account for clock-to-clock false paths and not path-based false paths. As a result, actual path counts may be lower than reported.


---------------
; Report TCCS ;
---------------
No dedicated SERDES Transmitter circuitry present in device or used in design


---------------
; Report RSKM ;
---------------
No non-DPA dedicated SERDES Receiver circuitry present in device or used in design


+------------------------------------------------+
; Unconstrained Paths Summary                    ;
+---------------------------------+-------+------+
; Property                        ; Setup ; Hold ;
+---------------------------------+-------+------+
; Illegal Clocks                  ; 0     ; 0    ;
; Unconstrained Clocks            ; 0     ; 0    ;
; Unconstrained Input Ports       ; 66    ; 66   ;
; Unconstrained Input Port Paths  ; 7148  ; 7148 ;
; Unconstrained Output Ports      ; 65    ; 65   ;
; Unconstrained Output Port Paths ; 1153  ; 1153 ;
+---------------------------------+-------+------+


+-------------------------------------+
; Clock Status Summary                ;
+--------+-------+------+-------------+
; Target ; Clock ; Type ; Status      ;
+--------+-------+------+-------------+
; CLK    ; CLK   ; Base ; Constrained ;
+--------+-------+------+-------------+


+---------------------------------------------------------------------------------------------------+
; Unconstrained Input Ports                                                                         ;
+------------+--------------------------------------------------------------------------------------+
; Input Port ; Comment                                                                              ;
+------------+--------------------------------------------------------------------------------------+
; Den[0]     ; No input delay, min/max delays, false-path exceptions, or max skew assignments found ;
; Den[1]     ; No input delay, min/max delays, false-path exceptions, or max skew assignments found ;
; Den[2]     ; No input delay, min/max delays, false-path exceptions, or max skew assignments found ;
; Den[3]     ; No input delay, min/max delays, false-path exceptions, or max skew assignments found ;
; Den[4]     ; No input delay, min/max delays, false-path exceptions, or max skew assignments found ;
; Den[5]     ; No input delay, min/max delays, false-path exceptions, or max skew assignments found ;
; Den[6]     ; No input delay, min/max delays, false-path exceptions, or max skew assignments found ;
; Den[7]     ; No input delay, min/max delays, false-path exceptions, or max skew assignments found ;
; Den[8]     ; No input delay, min/max delays, false-path exceptions, or max skew assignments found ;
; Den[9]     ; No input delay, min/max delays, false-path exceptions, or max skew assignments found ;
; Den[10]    ; No input delay, min/max delays, false-path exceptions, or max skew assignments found ;
; Den[11]    ; No input delay, min/max delays, false-path exceptions, or max skew assignments found ;
; Den[12]    ; No input delay, min/max delays, false-path exceptions, or max skew assignments found ;
; Den[13]    ; No input delay, min/max delays, false-path exceptions, or max skew assignments found ;
; Den[14]    ; No input delay, min/max delays, false-path exceptions, or max skew assignments found ;
; Den[15]    ; No input delay, min/max delays, false-path exceptions, or max skew assignments found ;
; Den[16]    ; No input delay, min/max delays, false-path exceptions, or max skew assignments found ;
; Den[17]    ; No input delay, min/max delays, false-path exceptions, or max skew assignments found ;
; Den[18]    ; No input delay, min/max delays, false-path exceptions, or max skew assignments found ;
; Den[19]    ; No input delay, min/max delays, false-path exceptions, or max skew assignments found ;
; Den[20]    ; No input delay, min/max delays, false-path exceptions, or max skew assignments found ;
; Den[21]    ; No input delay, min/max delays, false-path exceptions, or max skew assignments found ;
; Den[22]    ; No input delay, min/max delays, false-path exceptions, or max skew assignments found ;
; Den[23]    ; No input delay, min/max delays, false-path exceptions, or max skew assignments found ;
; Den[24]    ; No input delay, min/max delays, false-path exceptions, or max skew assignments found ;
; Den[25]    ; No input delay, min/max delays, false-path exceptions, or max skew assignments found ;
; Den[26]    ; No input delay, min/max delays, false-path exceptions, or max skew assignments found ;
; Den[27]    ; No input delay, min/max delays, false-path exceptions, or max skew assignments found ;
; Den[28]    ; No input delay, min/max delays, false-path exceptions, or max skew assignments found ;
; Den[29]    ; No input delay, min/max delays, false-path exceptions, or max skew assignments found ;
; Den[30]    ; No input delay, min/max delays, false-path exceptions, or max skew assignments found ;
; Den[31]    ; No input delay, min/max delays, false-path exceptions, or max skew assignments found ;
; Num[0]     ; No input delay, min/max delays, false-path exceptions, or max skew assignments found ;
; Num[1]     ; No input delay, min/max delays, false-path exceptions, or max skew assignments found ;
; Num[2]     ; No input delay, min/max delays, false-path exceptions, or max skew assignments found ;
; Num[3]     ; No input delay, min/max delays, false-path exceptions, or max skew assignments found ;
; Num[4]     ; No input delay, min/max delays, false-path exceptions, or max skew assignments found ;
; Num[5]     ; No input delay, min/max delays, false-path exceptions, or max skew assignments found ;
; Num[6]     ; No input delay, min/max delays, false-path exceptions, or max skew assignments found ;
; Num[7]     ; No input delay, min/max delays, false-path exceptions, or max skew assignments found ;
; Num[8]     ; No input delay, min/max delays, false-path exceptions, or max skew assignments found ;
; Num[9]     ; No input delay, min/max delays, false-path exceptions, or max skew assignments found ;
; Num[10]    ; No input delay, min/max delays, false-path exceptions, or max skew assignments found ;
; Num[11]    ; No input delay, min/max delays, false-path exceptions, or max skew assignments found ;
; Num[12]    ; No input delay, min/max delays, false-path exceptions, or max skew assignments found ;
; Num[13]    ; No input delay, min/max delays, false-path exceptions, or max skew assignments found ;
; Num[14]    ; No input delay, min/max delays, false-path exceptions, or max skew assignments found ;
; Num[15]    ; No input delay, min/max delays, false-path exceptions, or max skew assignments found ;
; Num[16]    ; No input delay, min/max delays, false-path exceptions, or max skew assignments found ;
; Num[17]    ; No input delay, min/max delays, false-path exceptions, or max skew assignments found ;
; Num[18]    ; No input delay, min/max delays, false-path exceptions, or max skew assignments found ;
; Num[19]    ; No input delay, min/max delays, false-path exceptions, or max skew assignments found ;
; Num[20]    ; No input delay, min/max delays, false-path exceptions, or max skew assignments found ;
; Num[21]    ; No input delay, min/max delays, false-path exceptions, or max skew assignments found ;
; Num[22]    ; No input delay, min/max delays, false-path exceptions, or max skew assignments found ;
; Num[23]    ; No input delay, min/max delays, false-path exceptions, or max skew assignments found ;
; Num[24]    ; No input delay, min/max delays, false-path exceptions, or max skew assignments found ;
; Num[25]    ; No input delay, min/max delays, false-path exceptions, or max skew assignments found ;
; Num[26]    ; No input delay, min/max delays, false-path exceptions, or max skew assignments found ;
; Num[27]    ; No input delay, min/max delays, false-path exceptions, or max skew assignments found ;
; Num[28]    ; No input delay, min/max delays, false-path exceptions, or max skew assignments found ;
; Num[29]    ; No input delay, min/max delays, false-path exceptions, or max skew assignments found ;
; Num[30]    ; No input delay, min/max delays, false-path exceptions, or max skew assignments found ;
; Num[31]    ; No input delay, min/max delays, false-path exceptions, or max skew assignments found ;
; RSTa       ; No input delay, min/max delays, false-path exceptions, or max skew assignments found ;
; Start      ; No input delay, min/max delays, false-path exceptions, or max skew assignments found ;
+------------+--------------------------------------------------------------------------------------+


+-----------------------------------------------------------------------------------------------------+
; Unconstrained Output Ports                                                                          ;
+-------------+---------------------------------------------------------------------------------------+
; Output Port ; Comment                                                                               ;
+-------------+---------------------------------------------------------------------------------------+
; Coc[0]      ; No output delay, min/max delays, false-path exceptions, or max skew assignments found ;
; Coc[1]      ; No output delay, min/max delays, false-path exceptions, or max skew assignments found ;
; Coc[2]      ; No output delay, min/max delays, false-path exceptions, or max skew assignments found ;
; Coc[3]      ; No output delay, min/max delays, false-path exceptions, or max skew assignments found ;
; Coc[4]      ; No output delay, min/max delays, false-path exceptions, or max skew assignments found ;
; Coc[5]      ; No output delay, min/max delays, false-path exceptions, or max skew assignments found ;
; Coc[6]      ; No output delay, min/max delays, false-path exceptions, or max skew assignments found ;
; Coc[7]      ; No output delay, min/max delays, false-path exceptions, or max skew assignments found ;
; Coc[8]      ; No output delay, min/max delays, false-path exceptions, or max skew assignments found ;
; Coc[9]      ; No output delay, min/max delays, false-path exceptions, or max skew assignments found ;
; Coc[10]     ; No output delay, min/max delays, false-path exceptions, or max skew assignments found ;
; Coc[11]     ; No output delay, min/max delays, false-path exceptions, or max skew assignments found ;
; Coc[12]     ; No output delay, min/max delays, false-path exceptions, or max skew assignments found ;
; Coc[13]     ; No output delay, min/max delays, false-path exceptions, or max skew assignments found ;
; Coc[14]     ; No output delay, min/max delays, false-path exceptions, or max skew assignments found ;
; Coc[15]     ; No output delay, min/max delays, false-path exceptions, or max skew assignments found ;
; Coc[16]     ; No output delay, min/max delays, false-path exceptions, or max skew assignments found ;
; Coc[17]     ; No output delay, min/max delays, false-path exceptions, or max skew assignments found ;
; Coc[18]     ; No output delay, min/max delays, false-path exceptions, or max skew assignments found ;
; Coc[19]     ; No output delay, min/max delays, false-path exceptions, or max skew assignments found ;
; Coc[20]     ; No output delay, min/max delays, false-path exceptions, or max skew assignments found ;
; Coc[21]     ; No output delay, min/max delays, false-path exceptions, or max skew assignments found ;
; Coc[22]     ; No output delay, min/max delays, false-path exceptions, or max skew assignments found ;
; Coc[23]     ; No output delay, min/max delays, false-path exceptions, or max skew assignments found ;
; Coc[24]     ; No output delay, min/max delays, false-path exceptions, or max skew assignments found ;
; Coc[25]     ; No output delay, min/max delays, false-path exceptions, or max skew assignments found ;
; Coc[26]     ; No output delay, min/max delays, false-path exceptions, or max skew assignments found ;
; Coc[27]     ; No output delay, min/max delays, false-path exceptions, or max skew assignments found ;
; Coc[28]     ; No output delay, min/max delays, false-path exceptions, or max skew assignments found ;
; Coc[29]     ; No output delay, min/max delays, false-path exceptions, or max skew assignments found ;
; Coc[30]     ; No output delay, min/max delays, false-path exceptions, or max skew assignments found ;
; Coc[31]     ; No output delay, min/max delays, false-path exceptions, or max skew assignments found ;
; Done        ; No output delay, min/max delays, false-path exceptions, or max skew assignments found ;
; Res[0]      ; No output delay, min/max delays, false-path exceptions, or max skew assignments found ;
; Res[1]      ; No output delay, min/max delays, false-path exceptions, or max skew assignments found ;
; Res[2]      ; No output delay, min/max delays, false-path exceptions, or max skew assignments found ;
; Res[3]      ; No output delay, min/max delays, false-path exceptions, or max skew assignments found ;
; Res[4]      ; No output delay, min/max delays, false-path exceptions, or max skew assignments found ;
; Res[5]      ; No output delay, min/max delays, false-path exceptions, or max skew assignments found ;
; Res[6]      ; No output delay, min/max delays, false-path exceptions, or max skew assignments found ;
; Res[7]      ; No output delay, min/max delays, false-path exceptions, or max skew assignments found ;
; Res[8]      ; No output delay, min/max delays, false-path exceptions, or max skew assignments found ;
; Res[9]      ; No output delay, min/max delays, false-path exceptions, or max skew assignments found ;
; Res[10]     ; No output delay, min/max delays, false-path exceptions, or max skew assignments found ;
; Res[11]     ; No output delay, min/max delays, false-path exceptions, or max skew assignments found ;
; Res[12]     ; No output delay, min/max delays, false-path exceptions, or max skew assignments found ;
; Res[13]     ; No output delay, min/max delays, false-path exceptions, or max skew assignments found ;
; Res[14]     ; No output delay, min/max delays, false-path exceptions, or max skew assignments found ;
; Res[15]     ; No output delay, min/max delays, false-path exceptions, or max skew assignments found ;
; Res[16]     ; No output delay, min/max delays, false-path exceptions, or max skew assignments found ;
; Res[17]     ; No output delay, min/max delays, false-path exceptions, or max skew assignments found ;
; Res[18]     ; No output delay, min/max delays, false-path exceptions, or max skew assignments found ;
; Res[19]     ; No output delay, min/max delays, false-path exceptions, or max skew assignments found ;
; Res[20]     ; No output delay, min/max delays, false-path exceptions, or max skew assignments found ;
; Res[21]     ; No output delay, min/max delays, false-path exceptions, or max skew assignments found ;
; Res[22]     ; No output delay, min/max delays, false-path exceptions, or max skew assignments found ;
; Res[23]     ; No output delay, min/max delays, false-path exceptions, or max skew assignments found ;
; Res[24]     ; No output delay, min/max delays, false-path exceptions, or max skew assignments found ;
; Res[25]     ; No output delay, min/max delays, false-path exceptions, or max skew assignments found ;
; Res[26]     ; No output delay, min/max delays, false-path exceptions, or max skew assignments found ;
; Res[27]     ; No output delay, min/max delays, false-path exceptions, or max skew assignments found ;
; Res[28]     ; No output delay, min/max delays, false-path exceptions, or max skew assignments found ;
; Res[29]     ; No output delay, min/max delays, false-path exceptions, or max skew assignments found ;
; Res[30]     ; No output delay, min/max delays, false-path exceptions, or max skew assignments found ;
; Res[31]     ; No output delay, min/max delays, false-path exceptions, or max skew assignments found ;
+-------------+---------------------------------------------------------------------------------------+


+---------------------------------------------------------------------------------------------------+
; Unconstrained Input Ports                                                                         ;
+------------+--------------------------------------------------------------------------------------+
; Input Port ; Comment                                                                              ;
+------------+--------------------------------------------------------------------------------------+
; Den[0]     ; No input delay, min/max delays, false-path exceptions, or max skew assignments found ;
; Den[1]     ; No input delay, min/max delays, false-path exceptions, or max skew assignments found ;
; Den[2]     ; No input delay, min/max delays, false-path exceptions, or max skew assignments found ;
; Den[3]     ; No input delay, min/max delays, false-path exceptions, or max skew assignments found ;
; Den[4]     ; No input delay, min/max delays, false-path exceptions, or max skew assignments found ;
; Den[5]     ; No input delay, min/max delays, false-path exceptions, or max skew assignments found ;
; Den[6]     ; No input delay, min/max delays, false-path exceptions, or max skew assignments found ;
; Den[7]     ; No input delay, min/max delays, false-path exceptions, or max skew assignments found ;
; Den[8]     ; No input delay, min/max delays, false-path exceptions, or max skew assignments found ;
; Den[9]     ; No input delay, min/max delays, false-path exceptions, or max skew assignments found ;
; Den[10]    ; No input delay, min/max delays, false-path exceptions, or max skew assignments found ;
; Den[11]    ; No input delay, min/max delays, false-path exceptions, or max skew assignments found ;
; Den[12]    ; No input delay, min/max delays, false-path exceptions, or max skew assignments found ;
; Den[13]    ; No input delay, min/max delays, false-path exceptions, or max skew assignments found ;
; Den[14]    ; No input delay, min/max delays, false-path exceptions, or max skew assignments found ;
; Den[15]    ; No input delay, min/max delays, false-path exceptions, or max skew assignments found ;
; Den[16]    ; No input delay, min/max delays, false-path exceptions, or max skew assignments found ;
; Den[17]    ; No input delay, min/max delays, false-path exceptions, or max skew assignments found ;
; Den[18]    ; No input delay, min/max delays, false-path exceptions, or max skew assignments found ;
; Den[19]    ; No input delay, min/max delays, false-path exceptions, or max skew assignments found ;
; Den[20]    ; No input delay, min/max delays, false-path exceptions, or max skew assignments found ;
; Den[21]    ; No input delay, min/max delays, false-path exceptions, or max skew assignments found ;
; Den[22]    ; No input delay, min/max delays, false-path exceptions, or max skew assignments found ;
; Den[23]    ; No input delay, min/max delays, false-path exceptions, or max skew assignments found ;
; Den[24]    ; No input delay, min/max delays, false-path exceptions, or max skew assignments found ;
; Den[25]    ; No input delay, min/max delays, false-path exceptions, or max skew assignments found ;
; Den[26]    ; No input delay, min/max delays, false-path exceptions, or max skew assignments found ;
; Den[27]    ; No input delay, min/max delays, false-path exceptions, or max skew assignments found ;
; Den[28]    ; No input delay, min/max delays, false-path exceptions, or max skew assignments found ;
; Den[29]    ; No input delay, min/max delays, false-path exceptions, or max skew assignments found ;
; Den[30]    ; No input delay, min/max delays, false-path exceptions, or max skew assignments found ;
; Den[31]    ; No input delay, min/max delays, false-path exceptions, or max skew assignments found ;
; Num[0]     ; No input delay, min/max delays, false-path exceptions, or max skew assignments found ;
; Num[1]     ; No input delay, min/max delays, false-path exceptions, or max skew assignments found ;
; Num[2]     ; No input delay, min/max delays, false-path exceptions, or max skew assignments found ;
; Num[3]     ; No input delay, min/max delays, false-path exceptions, or max skew assignments found ;
; Num[4]     ; No input delay, min/max delays, false-path exceptions, or max skew assignments found ;
; Num[5]     ; No input delay, min/max delays, false-path exceptions, or max skew assignments found ;
; Num[6]     ; No input delay, min/max delays, false-path exceptions, or max skew assignments found ;
; Num[7]     ; No input delay, min/max delays, false-path exceptions, or max skew assignments found ;
; Num[8]     ; No input delay, min/max delays, false-path exceptions, or max skew assignments found ;
; Num[9]     ; No input delay, min/max delays, false-path exceptions, or max skew assignments found ;
; Num[10]    ; No input delay, min/max delays, false-path exceptions, or max skew assignments found ;
; Num[11]    ; No input delay, min/max delays, false-path exceptions, or max skew assignments found ;
; Num[12]    ; No input delay, min/max delays, false-path exceptions, or max skew assignments found ;
; Num[13]    ; No input delay, min/max delays, false-path exceptions, or max skew assignments found ;
; Num[14]    ; No input delay, min/max delays, false-path exceptions, or max skew assignments found ;
; Num[15]    ; No input delay, min/max delays, false-path exceptions, or max skew assignments found ;
; Num[16]    ; No input delay, min/max delays, false-path exceptions, or max skew assignments found ;
; Num[17]    ; No input delay, min/max delays, false-path exceptions, or max skew assignments found ;
; Num[18]    ; No input delay, min/max delays, false-path exceptions, or max skew assignments found ;
; Num[19]    ; No input delay, min/max delays, false-path exceptions, or max skew assignments found ;
; Num[20]    ; No input delay, min/max delays, false-path exceptions, or max skew assignments found ;
; Num[21]    ; No input delay, min/max delays, false-path exceptions, or max skew assignments found ;
; Num[22]    ; No input delay, min/max delays, false-path exceptions, or max skew assignments found ;
; Num[23]    ; No input delay, min/max delays, false-path exceptions, or max skew assignments found ;
; Num[24]    ; No input delay, min/max delays, false-path exceptions, or max skew assignments found ;
; Num[25]    ; No input delay, min/max delays, false-path exceptions, or max skew assignments found ;
; Num[26]    ; No input delay, min/max delays, false-path exceptions, or max skew assignments found ;
; Num[27]    ; No input delay, min/max delays, false-path exceptions, or max skew assignments found ;
; Num[28]    ; No input delay, min/max delays, false-path exceptions, or max skew assignments found ;
; Num[29]    ; No input delay, min/max delays, false-path exceptions, or max skew assignments found ;
; Num[30]    ; No input delay, min/max delays, false-path exceptions, or max skew assignments found ;
; Num[31]    ; No input delay, min/max delays, false-path exceptions, or max skew assignments found ;
; RSTa       ; No input delay, min/max delays, false-path exceptions, or max skew assignments found ;
; Start      ; No input delay, min/max delays, false-path exceptions, or max skew assignments found ;
+------------+--------------------------------------------------------------------------------------+


+-----------------------------------------------------------------------------------------------------+
; Unconstrained Output Ports                                                                          ;
+-------------+---------------------------------------------------------------------------------------+
; Output Port ; Comment                                                                               ;
+-------------+---------------------------------------------------------------------------------------+
; Coc[0]      ; No output delay, min/max delays, false-path exceptions, or max skew assignments found ;
; Coc[1]      ; No output delay, min/max delays, false-path exceptions, or max skew assignments found ;
; Coc[2]      ; No output delay, min/max delays, false-path exceptions, or max skew assignments found ;
; Coc[3]      ; No output delay, min/max delays, false-path exceptions, or max skew assignments found ;
; Coc[4]      ; No output delay, min/max delays, false-path exceptions, or max skew assignments found ;
; Coc[5]      ; No output delay, min/max delays, false-path exceptions, or max skew assignments found ;
; Coc[6]      ; No output delay, min/max delays, false-path exceptions, or max skew assignments found ;
; Coc[7]      ; No output delay, min/max delays, false-path exceptions, or max skew assignments found ;
; Coc[8]      ; No output delay, min/max delays, false-path exceptions, or max skew assignments found ;
; Coc[9]      ; No output delay, min/max delays, false-path exceptions, or max skew assignments found ;
; Coc[10]     ; No output delay, min/max delays, false-path exceptions, or max skew assignments found ;
; Coc[11]     ; No output delay, min/max delays, false-path exceptions, or max skew assignments found ;
; Coc[12]     ; No output delay, min/max delays, false-path exceptions, or max skew assignments found ;
; Coc[13]     ; No output delay, min/max delays, false-path exceptions, or max skew assignments found ;
; Coc[14]     ; No output delay, min/max delays, false-path exceptions, or max skew assignments found ;
; Coc[15]     ; No output delay, min/max delays, false-path exceptions, or max skew assignments found ;
; Coc[16]     ; No output delay, min/max delays, false-path exceptions, or max skew assignments found ;
; Coc[17]     ; No output delay, min/max delays, false-path exceptions, or max skew assignments found ;
; Coc[18]     ; No output delay, min/max delays, false-path exceptions, or max skew assignments found ;
; Coc[19]     ; No output delay, min/max delays, false-path exceptions, or max skew assignments found ;
; Coc[20]     ; No output delay, min/max delays, false-path exceptions, or max skew assignments found ;
; Coc[21]     ; No output delay, min/max delays, false-path exceptions, or max skew assignments found ;
; Coc[22]     ; No output delay, min/max delays, false-path exceptions, or max skew assignments found ;
; Coc[23]     ; No output delay, min/max delays, false-path exceptions, or max skew assignments found ;
; Coc[24]     ; No output delay, min/max delays, false-path exceptions, or max skew assignments found ;
; Coc[25]     ; No output delay, min/max delays, false-path exceptions, or max skew assignments found ;
; Coc[26]     ; No output delay, min/max delays, false-path exceptions, or max skew assignments found ;
; Coc[27]     ; No output delay, min/max delays, false-path exceptions, or max skew assignments found ;
; Coc[28]     ; No output delay, min/max delays, false-path exceptions, or max skew assignments found ;
; Coc[29]     ; No output delay, min/max delays, false-path exceptions, or max skew assignments found ;
; Coc[30]     ; No output delay, min/max delays, false-path exceptions, or max skew assignments found ;
; Coc[31]     ; No output delay, min/max delays, false-path exceptions, or max skew assignments found ;
; Done        ; No output delay, min/max delays, false-path exceptions, or max skew assignments found ;
; Res[0]      ; No output delay, min/max delays, false-path exceptions, or max skew assignments found ;
; Res[1]      ; No output delay, min/max delays, false-path exceptions, or max skew assignments found ;
; Res[2]      ; No output delay, min/max delays, false-path exceptions, or max skew assignments found ;
; Res[3]      ; No output delay, min/max delays, false-path exceptions, or max skew assignments found ;
; Res[4]      ; No output delay, min/max delays, false-path exceptions, or max skew assignments found ;
; Res[5]      ; No output delay, min/max delays, false-path exceptions, or max skew assignments found ;
; Res[6]      ; No output delay, min/max delays, false-path exceptions, or max skew assignments found ;
; Res[7]      ; No output delay, min/max delays, false-path exceptions, or max skew assignments found ;
; Res[8]      ; No output delay, min/max delays, false-path exceptions, or max skew assignments found ;
; Res[9]      ; No output delay, min/max delays, false-path exceptions, or max skew assignments found ;
; Res[10]     ; No output delay, min/max delays, false-path exceptions, or max skew assignments found ;
; Res[11]     ; No output delay, min/max delays, false-path exceptions, or max skew assignments found ;
; Res[12]     ; No output delay, min/max delays, false-path exceptions, or max skew assignments found ;
; Res[13]     ; No output delay, min/max delays, false-path exceptions, or max skew assignments found ;
; Res[14]     ; No output delay, min/max delays, false-path exceptions, or max skew assignments found ;
; Res[15]     ; No output delay, min/max delays, false-path exceptions, or max skew assignments found ;
; Res[16]     ; No output delay, min/max delays, false-path exceptions, or max skew assignments found ;
; Res[17]     ; No output delay, min/max delays, false-path exceptions, or max skew assignments found ;
; Res[18]     ; No output delay, min/max delays, false-path exceptions, or max skew assignments found ;
; Res[19]     ; No output delay, min/max delays, false-path exceptions, or max skew assignments found ;
; Res[20]     ; No output delay, min/max delays, false-path exceptions, or max skew assignments found ;
; Res[21]     ; No output delay, min/max delays, false-path exceptions, or max skew assignments found ;
; Res[22]     ; No output delay, min/max delays, false-path exceptions, or max skew assignments found ;
; Res[23]     ; No output delay, min/max delays, false-path exceptions, or max skew assignments found ;
; Res[24]     ; No output delay, min/max delays, false-path exceptions, or max skew assignments found ;
; Res[25]     ; No output delay, min/max delays, false-path exceptions, or max skew assignments found ;
; Res[26]     ; No output delay, min/max delays, false-path exceptions, or max skew assignments found ;
; Res[27]     ; No output delay, min/max delays, false-path exceptions, or max skew assignments found ;
; Res[28]     ; No output delay, min/max delays, false-path exceptions, or max skew assignments found ;
; Res[29]     ; No output delay, min/max delays, false-path exceptions, or max skew assignments found ;
; Res[30]     ; No output delay, min/max delays, false-path exceptions, or max skew assignments found ;
; Res[31]     ; No output delay, min/max delays, false-path exceptions, or max skew assignments found ;
+-------------+---------------------------------------------------------------------------------------+


+--------------------------+
; Timing Analyzer Messages ;
+--------------------------+
Info: *******************************************************************
Info: Running Quartus Prime Timing Analyzer
    Info: Version 23.1std.1 Build 993 05/14/2024 SC Lite Edition
    Info: Processing started: Sun Nov 24 21:45:14 2024
Info: Command: quartus_sta DivSec -c DivSec
Info: qsta_default_script.tcl version: #1
Warning (18236): Number of processors has not been specified which may cause overloading on shared machines.  Set the global assignment NUM_PARALLEL_PROCESSORS in your QSF to an appropriate value for best performance.
Info (20030): Parallel compilation is enabled and will use 6 of the 6 processors detected
Info (21077): Low junction temperature is 0 degrees C
Info (21077): High junction temperature is 85 degrees C
Critical Warning (332012): Synopsys Design Constraints File file not found: 'DivSec.sdc'. A Synopsys Design Constraints File is required by the Timing Analyzer to get proper timing constraints. Without it, the Compiler will not properly optimize the design.
Info (332142): No user constrained base clocks found in the design. Calling "derive_clocks -period 1.0"
Info (332105): Deriving Clocks
    Info (332105): create_clock -period 1.000 -name CLK CLK
Info (332143): No user constrained clock uncertainty found in the design. Calling "derive_clock_uncertainty"
Info (332123): Deriving Clock Uncertainty. Please refer to report_sdc in the Timing Analyzer to see clock uncertainties.
Info: Found TIMING_ANALYZER_REPORT_SCRIPT_INCLUDE_DEFAULT_ANALYSIS = ON
Info: Analyzing Slow 1200mV 85C Model
Critical Warning (332148): Timing requirements not met
    Info (11105): For recommendations on closing timing, run Report Timing Closure Recommendations in the Timing Analyzer.
Info (332146): Worst-case setup slack is -5.365
    Info (332119):     Slack       End Point TNS Clock 
    Info (332119): ========= =================== =====================
    Info (332119):    -5.365           -6149.546 CLK 
Info (332146): Worst-case hold slack is 0.411
    Info (332119):     Slack       End Point TNS Clock 
    Info (332119): ========= =================== =====================
    Info (332119):     0.411               0.000 CLK 
Info (332146): Worst-case recovery slack is -0.975
    Info (332119):     Slack       End Point TNS Clock 
    Info (332119): ========= =================== =====================
    Info (332119):    -0.975              -3.900 CLK 
Info (332146): Worst-case removal slack is 1.406
    Info (332119):     Slack       End Point TNS Clock 
    Info (332119): ========= =================== =====================
    Info (332119):     1.406               0.000 CLK 
Info (332146): Worst-case minimum pulse width slack is -3.000
    Info (332119):     Slack       End Point TNS Clock 
    Info (332119): ========= =================== =====================
    Info (332119):    -3.000           -7775.541 CLK 
Info (332114): Report Metastability: Found 63 synchronizer chains.
    Info (332114): Design MTBF is not calculated because the design doesn't meet its timing requirements.
Info: Analyzing Slow 1200mV 0C Model
Info (334003): Started post-fitting delay annotation
Info (334004): Delay annotation completed successfully
Info (332123): Deriving Clock Uncertainty. Please refer to report_sdc in the Timing Analyzer to see clock uncertainties.
Critical Warning (332148): Timing requirements not met
    Info (11105): For recommendations on closing timing, run Report Timing Closure Recommendations in the Timing Analyzer.
Info (332146): Worst-case setup slack is -4.730
    Info (332119):     Slack       End Point TNS Clock 
    Info (332119): ========= =================== =====================
    Info (332119):    -4.730           -5221.977 CLK 
Info (332146): Worst-case hold slack is 0.357
    Info (332119):     Slack       End Point TNS Clock 
    Info (332119): ========= =================== =====================
    Info (332119):     0.357               0.000 CLK 
Info (332146): Worst-case recovery slack is -0.809
    Info (332119):     Slack       End Point TNS Clock 
    Info (332119): ========= =================== =====================
    Info (332119):    -0.809              -3.236 CLK 
Info (332146): Worst-case removal slack is 1.270
    Info (332119):     Slack       End Point TNS Clock 
    Info (332119): ========= =================== =====================
    Info (332119):     1.270               0.000 CLK 
Info (332146): Worst-case minimum pulse width slack is -3.000
    Info (332119):     Slack       End Point TNS Clock 
    Info (332119): ========= =================== =====================
    Info (332119):    -3.000           -7775.233 CLK 
Info (332114): Report Metastability: Found 63 synchronizer chains.
    Info (332114): Design MTBF is not calculated because the design doesn't meet its timing requirements.
Info: Analyzing Fast 1200mV 0C Model
Info (332123): Deriving Clock Uncertainty. Please refer to report_sdc in the Timing Analyzer to see clock uncertainties.
Critical Warning (332148): Timing requirements not met
    Info (11105): For recommendations on closing timing, run Report Timing Closure Recommendations in the Timing Analyzer.
Info (332146): Worst-case setup slack is -2.209
    Info (332119):     Slack       End Point TNS Clock 
    Info (332119): ========= =================== =====================
    Info (332119):    -2.209           -1808.032 CLK 
Info (332146): Worst-case hold slack is 0.165
    Info (332119):     Slack       End Point TNS Clock 
    Info (332119): ========= =================== =====================
    Info (332119):     0.165               0.000 CLK 
Info (332146): Worst-case recovery slack is 0.034
    Info (332119):     Slack       End Point TNS Clock 
    Info (332119): ========= =================== =====================
    Info (332119):     0.034               0.000 CLK 
Info (332146): Worst-case removal slack is 0.667
    Info (332119):     Slack       End Point TNS Clock 
    Info (332119): ========= =================== =====================
    Info (332119):     0.667               0.000 CLK 
Info (332146): Worst-case minimum pulse width slack is -3.000
    Info (332119):     Slack       End Point TNS Clock 
    Info (332119): ========= =================== =====================
    Info (332119):    -3.000           -6439.764 CLK 
Info (332114): Report Metastability: Found 63 synchronizer chains.
    Info (332114): Design MTBF is not calculated because the design doesn't meet its timing requirements.
Info (332102): Design is not fully constrained for setup requirements
Info (332102): Design is not fully constrained for hold requirements
Info: Quartus Prime Timing Analyzer was successful. 0 errors, 5 warnings
    Info: Peak virtual memory: 4958 megabytes
    Info: Processing ended: Sun Nov 24 21:45:21 2024
    Info: Elapsed time: 00:00:07
    Info: Total CPU time (on all processors): 00:00:06


