TimeQuest Timing Analyzer report for P1
Mon Oct 07 11:51:19 2024
Quartus Prime Version 17.1.0 Build 590 10/25/2017 SJ Lite Edition


---------------------
; Table of Contents ;
---------------------
  1. Legal Notice
  2. TimeQuest Timing Analyzer Summary
  3. Parallel Compilation
  4. Clocks
  5. Slow 1200mV 85C Model Fmax Summary
  6. Timing Closure Recommendations
  7. Slow 1200mV 85C Model Setup Summary
  8. Slow 1200mV 85C Model Hold Summary
  9. Slow 1200mV 85C Model Recovery Summary
 10. Slow 1200mV 85C Model Removal Summary
 11. Slow 1200mV 85C Model Minimum Pulse Width Summary
 12. Slow 1200mV 85C Model Setup: 'CLOCK'
 13. Slow 1200mV 85C Model Hold: 'CLOCK'
 14. Slow 1200mV 85C Model Metastability Summary
 15. Slow 1200mV 0C Model Fmax Summary
 16. Slow 1200mV 0C Model Setup Summary
 17. Slow 1200mV 0C Model Hold Summary
 18. Slow 1200mV 0C Model Recovery Summary
 19. Slow 1200mV 0C Model Removal Summary
 20. Slow 1200mV 0C Model Minimum Pulse Width Summary
 21. Slow 1200mV 0C Model Setup: 'CLOCK'
 22. Slow 1200mV 0C Model Hold: 'CLOCK'
 23. Slow 1200mV 0C Model Metastability Summary
 24. Fast 1200mV 0C Model Setup Summary
 25. Fast 1200mV 0C Model Hold Summary
 26. Fast 1200mV 0C Model Recovery Summary
 27. Fast 1200mV 0C Model Removal Summary
 28. Fast 1200mV 0C Model Minimum Pulse Width Summary
 29. Fast 1200mV 0C Model Setup: 'CLOCK'
 30. Fast 1200mV 0C Model Hold: 'CLOCK'
 31. Fast 1200mV 0C Model Metastability Summary
 32. Multicorner Timing Analysis Summary
 33. Board Trace Model Assignments
 34. Input Transition Times
 35. Signal Integrity Metrics (Slow 1200mv 0c Model)
 36. Signal Integrity Metrics (Slow 1200mv 85c Model)
 37. Signal Integrity Metrics (Fast 1200mv 0c Model)
 38. Setup Transfers
 39. Hold Transfers
 40. Report TCCS
 41. Report RSKM
 42. Unconstrained Paths Summary
 43. Clock Status Summary
 44. Unconstrained Input Ports
 45. Unconstrained Output Ports
 46. Unconstrained Input Ports
 47. Unconstrained Output Ports
 48. TimeQuest Timing Analyzer Messages



----------------
; Legal Notice ;
----------------
Copyright (C) 2017  Intel Corporation. All rights reserved.
Your use of Intel Corporation's design tools, logic functions 
and other software and tools, and its AMPP partner logic 
functions, and any output files from any of the foregoing 
(including device programming or simulation files), and any 
associated documentation or information are expressly subject 
to the terms and conditions of the Intel Program License 
Subscription Agreement, the Intel Quartus Prime License Agreement,
the Intel FPGA IP License Agreement, or other applicable license
agreement, including, without limitation, that your use is for
the sole purpose of programming logic devices manufactured by
Intel and sold by Intel or its authorized distributors.  Please
refer to the applicable agreement for further details.



+-----------------------------------------------------------------------------+
; TimeQuest Timing Analyzer Summary                                           ;
+-----------------------+-----------------------------------------------------+
; Quartus Prime Version ; Version 17.1.0 Build 590 10/25/2017 SJ Lite Edition ;
; Timing Analyzer       ; TimeQuest                                           ;
; Revision Name         ; P1                                                  ;
; Device Family         ; Cyclone IV E                                        ;
; Device Name           ; EP4CE115F29C7                                       ;
; Timing Models         ; Final                                               ;
; Delay Model           ; Combined                                            ;
; Rise/Fall Delays      ; Enabled                                             ;
+-----------------------+-----------------------------------------------------+


+------------------------------------------+
; Parallel Compilation                     ;
+----------------------------+-------------+
; Processors                 ; Number      ;
+----------------------------+-------------+
; Number detected on machine ; 16          ;
; Maximum allowed            ; 8           ;
;                            ;             ;
; Average used               ; 1.02        ;
; Maximum used               ; 8           ;
;                            ;             ;
; Usage by Processor         ; % Time Used ;
;     Processor 1            ; 100.0%      ;
;     Processors 2-8         ;   0.3%      ;
+----------------------------+-------------+


+-----------------------------------------------------------------------------------------------------------------------------------------------------------------------------------+
; Clocks                                                                                                                                                                            ;
+------------+------+--------+------------+-------+-------+------------+-----------+-------------+-------+--------+-----------+------------+----------+--------+--------+-----------+
; Clock Name ; Type ; Period ; Frequency  ; Rise  ; Fall  ; Duty Cycle ; Divide by ; Multiply by ; Phase ; Offset ; Edge List ; Edge Shift ; Inverted ; Master ; Source ; Targets   ;
+------------+------+--------+------------+-------+-------+------------+-----------+-------------+-------+--------+-----------+------------+----------+--------+--------+-----------+
; CLOCK      ; Base ; 1.000  ; 1000.0 MHz ; 0.000 ; 0.500 ;            ;           ;             ;       ;        ;           ;            ;          ;        ;        ; { CLOCK } ;
+------------+------+--------+------------+-------+-------+------------+-----------+-------------+-------+--------+-----------+------------+----------+--------+--------+-----------+


+----------------------------------------------------------------------------------------------------------+
; Slow 1200mV 85C Model Fmax Summary                                                                       ;
+-----------+-----------------+------------+---------------------------------------------------------------+
; Fmax      ; Restricted Fmax ; Clock Name ; Note                                                          ;
+-----------+-----------------+------------+---------------------------------------------------------------+
; 386.1 MHz ; 250.0 MHz       ; CLOCK      ; limit due to minimum period restriction (max I/O toggle rate) ;
+-----------+-----------------+------------+---------------------------------------------------------------+
This panel reports FMAX for every clock in the design, regardless of the user-specified clock periods.  FMAX is only computed for paths where the source and destination registers or ports are driven by the same clock.  Paths of different clocks, including generated clocks, are ignored.  For paths between a clock and its inversion, FMAX is computed as if the rising and falling edges are scaled along with FMAX, such that the duty cycle (in terms of a percentage) is maintained. Altera recommends that you always use clock constraints and other slack reports for sign-off analysis.


----------------------------------
; Timing Closure Recommendations ;
----------------------------------
HTML report is unavailable in plain text report export.


+-------------------------------------+
; Slow 1200mV 85C Model Setup Summary ;
+-------+--------+--------------------+
; Clock ; Slack  ; End Point TNS      ;
+-------+--------+--------------------+
; CLOCK ; -1.590 ; -25.562            ;
+-------+--------+--------------------+


+------------------------------------+
; Slow 1200mV 85C Model Hold Summary ;
+-------+-------+--------------------+
; Clock ; Slack ; End Point TNS      ;
+-------+-------+--------------------+
; CLOCK ; 0.449 ; 0.000              ;
+-------+-------+--------------------+


------------------------------------------
; Slow 1200mV 85C Model Recovery Summary ;
------------------------------------------
No paths to report.


-----------------------------------------
; Slow 1200mV 85C Model Removal Summary ;
-----------------------------------------
No paths to report.


+---------------------------------------------------+
; Slow 1200mV 85C Model Minimum Pulse Width Summary ;
+-------+--------+----------------------------------+
; Clock ; Slack  ; End Point TNS                    ;
+-------+--------+----------------------------------+
; CLOCK ; -3.000 ; -35.125                          ;
+-------+--------+----------------------------------+


+------------------------------------------------------------------------------------------------------------------------------------+
; Slow 1200mV 85C Model Setup: 'CLOCK'                                                                                               ;
+--------+--------------------------+--------------------------+--------------+-------------+--------------+------------+------------+
; Slack  ; From Node                ; To Node                  ; Launch Clock ; Latch Clock ; Relationship ; Clock Skew ; Data Delay ;
+--------+--------------------------+--------------------------+--------------+-------------+--------------+------------+------------+
; -1.590 ; counter:counter|COUNT[0] ; state.otros              ; CLOCK        ; CLOCK       ; 1.000        ; -0.080     ; 2.508      ;
; -1.570 ; state.otros              ; USE_DW[4]~reg0           ; CLOCK        ; CLOCK       ; 1.000        ; -0.081     ; 2.487      ;
; -1.442 ; state.otros              ; USE_DW[3]~reg0           ; CLOCK        ; CLOCK       ; 1.000        ; -0.081     ; 2.359      ;
; -1.438 ; state.otros              ; USE_DW[2]~reg0           ; CLOCK        ; CLOCK       ; 1.000        ; -0.081     ; 2.355      ;
; -1.381 ; state.lleno              ; USE_DW[4]~reg0           ; CLOCK        ; CLOCK       ; 1.000        ; -0.081     ; 2.298      ;
; -1.363 ; counter:counter|COUNT[4] ; state.otros              ; CLOCK        ; CLOCK       ; 1.000        ; -0.080     ; 2.281      ;
; -1.332 ; counter:counter|COUNT[1] ; state.otros              ; CLOCK        ; CLOCK       ; 1.000        ; -0.080     ; 2.250      ;
; -1.286 ; state.lleno              ; USE_DW[3]~reg0           ; CLOCK        ; CLOCK       ; 1.000        ; -0.081     ; 2.203      ;
; -1.249 ; state.lleno              ; USE_DW[2]~reg0           ; CLOCK        ; CLOCK       ; 1.000        ; -0.081     ; 2.166      ;
; -1.226 ; counter:counter|COUNT[3] ; state.otros              ; CLOCK        ; CLOCK       ; 1.000        ; -0.080     ; 2.144      ;
; -1.184 ; UP_DN                    ; counter:counter|COUNT[3] ; CLOCK        ; CLOCK       ; 1.000        ; -0.081     ; 2.101      ;
; -1.165 ; UP_DN                    ; counter:counter|COUNT[4] ; CLOCK        ; CLOCK       ; 1.000        ; -0.081     ; 2.082      ;
; -1.147 ; state.otros              ; DATA_OUT[7]~reg0         ; CLOCK        ; CLOCK       ; 1.000        ; -0.080     ; 2.065      ;
; -1.147 ; state.otros              ; DATA_OUT[6]~reg0         ; CLOCK        ; CLOCK       ; 1.000        ; -0.080     ; 2.065      ;
; -1.147 ; state.otros              ; DATA_OUT[5]~reg0         ; CLOCK        ; CLOCK       ; 1.000        ; -0.080     ; 2.065      ;
; -1.147 ; state.otros              ; DATA_OUT[4]~reg0         ; CLOCK        ; CLOCK       ; 1.000        ; -0.080     ; 2.065      ;
; -1.147 ; state.otros              ; DATA_OUT[3]~reg0         ; CLOCK        ; CLOCK       ; 1.000        ; -0.080     ; 2.065      ;
; -1.147 ; state.otros              ; DATA_OUT[2]~reg0         ; CLOCK        ; CLOCK       ; 1.000        ; -0.080     ; 2.065      ;
; -1.147 ; state.otros              ; DATA_OUT[1]~reg0         ; CLOCK        ; CLOCK       ; 1.000        ; -0.080     ; 2.065      ;
; -1.147 ; state.otros              ; DATA_OUT[0]~reg0         ; CLOCK        ; CLOCK       ; 1.000        ; -0.080     ; 2.065      ;
; -1.105 ; state.lleno              ; USE_DW[1]~reg0           ; CLOCK        ; CLOCK       ; 1.000        ; -0.081     ; 2.022      ;
; -1.105 ; state.lleno              ; USE_DW[0]~reg0           ; CLOCK        ; CLOCK       ; 1.000        ; -0.081     ; 2.022      ;
; -1.104 ; state.lleno              ; DATA_OUT[7]~reg0         ; CLOCK        ; CLOCK       ; 1.000        ; -0.080     ; 2.022      ;
; -1.104 ; state.lleno              ; DATA_OUT[6]~reg0         ; CLOCK        ; CLOCK       ; 1.000        ; -0.080     ; 2.022      ;
; -1.104 ; state.lleno              ; DATA_OUT[5]~reg0         ; CLOCK        ; CLOCK       ; 1.000        ; -0.080     ; 2.022      ;
; -1.104 ; state.lleno              ; DATA_OUT[4]~reg0         ; CLOCK        ; CLOCK       ; 1.000        ; -0.080     ; 2.022      ;
; -1.104 ; state.lleno              ; DATA_OUT[3]~reg0         ; CLOCK        ; CLOCK       ; 1.000        ; -0.080     ; 2.022      ;
; -1.104 ; state.lleno              ; DATA_OUT[2]~reg0         ; CLOCK        ; CLOCK       ; 1.000        ; -0.080     ; 2.022      ;
; -1.104 ; state.lleno              ; DATA_OUT[1]~reg0         ; CLOCK        ; CLOCK       ; 1.000        ; -0.080     ; 2.022      ;
; -1.104 ; state.lleno              ; DATA_OUT[0]~reg0         ; CLOCK        ; CLOCK       ; 1.000        ; -0.080     ; 2.022      ;
; -1.103 ; USE_DW[1]~reg0           ; USE_DW[4]~reg0           ; CLOCK        ; CLOCK       ; 1.000        ; -0.081     ; 2.020      ;
; -1.087 ; counter:counter|COUNT[2] ; state.otros              ; CLOCK        ; CLOCK       ; 1.000        ; -0.080     ; 2.005      ;
; -1.077 ; counter:counter|COUNT[0] ; state.lleno              ; CLOCK        ; CLOCK       ; 1.000        ; -0.080     ; 1.995      ;
; -1.074 ; counter:counter|COUNT[0] ; state.vacio              ; CLOCK        ; CLOCK       ; 1.000        ; -0.081     ; 1.991      ;
; -0.991 ; state.otros              ; state.otros              ; CLOCK        ; CLOCK       ; 1.000        ; -0.081     ; 1.908      ;
; -0.971 ; USE_DW[1]~reg0           ; USE_DW[2]~reg0           ; CLOCK        ; CLOCK       ; 1.000        ; -0.081     ; 1.888      ;
; -0.966 ; counter:counter|COUNT[1] ; counter:counter|COUNT[4] ; CLOCK        ; CLOCK       ; 1.000        ; -0.081     ; 1.883      ;
; -0.962 ; state.otros              ; count_en                 ; CLOCK        ; CLOCK       ; 1.000        ; -0.082     ; 1.878      ;
; -0.952 ; USE_DW[1]~reg0           ; USE_DW[3]~reg0           ; CLOCK        ; CLOCK       ; 1.000        ; -0.081     ; 1.869      ;
; -0.937 ; state.lleno              ; state.otros              ; CLOCK        ; CLOCK       ; 1.000        ; -0.081     ; 1.854      ;
; -0.917 ; state.otros              ; USE_DW[1]~reg0           ; CLOCK        ; CLOCK       ; 1.000        ; -0.081     ; 1.834      ;
; -0.917 ; state.otros              ; USE_DW[0]~reg0           ; CLOCK        ; CLOCK       ; 1.000        ; -0.081     ; 1.834      ;
; -0.889 ; counter:counter|COUNT[0] ; counter:counter|COUNT[4] ; CLOCK        ; CLOCK       ; 1.000        ; -0.081     ; 1.806      ;
; -0.882 ; USE_DW[0]~reg0           ; USE_DW[4]~reg0           ; CLOCK        ; CLOCK       ; 1.000        ; -0.081     ; 1.799      ;
; -0.857 ; counter:counter|COUNT[3] ; state.lleno              ; CLOCK        ; CLOCK       ; 1.000        ; -0.080     ; 1.775      ;
; -0.853 ; counter:counter|COUNT[3] ; counter:counter|COUNT[4] ; CLOCK        ; CLOCK       ; 1.000        ; -0.081     ; 1.770      ;
; -0.851 ; USE_DW[0]~reg0           ; USE_DW[3]~reg0           ; CLOCK        ; CLOCK       ; 1.000        ; -0.081     ; 1.768      ;
; -0.843 ; counter:counter|COUNT[4] ; state.vacio              ; CLOCK        ; CLOCK       ; 1.000        ; -0.081     ; 1.760      ;
; -0.840 ; counter:counter|COUNT[0] ; counter:counter|COUNT[3] ; CLOCK        ; CLOCK       ; 1.000        ; -0.081     ; 1.757      ;
; -0.837 ; USE_DW[3]~reg0           ; USE_DW[4]~reg0           ; CLOCK        ; CLOCK       ; 1.000        ; -0.081     ; 1.754      ;
; -0.834 ; counter:counter|COUNT[1] ; counter:counter|COUNT[2] ; CLOCK        ; CLOCK       ; 1.000        ; -0.081     ; 1.751      ;
; -0.815 ; counter:counter|COUNT[1] ; counter:counter|COUNT[3] ; CLOCK        ; CLOCK       ; 1.000        ; -0.081     ; 1.732      ;
; -0.812 ; counter:counter|COUNT[1] ; state.vacio              ; CLOCK        ; CLOCK       ; 1.000        ; -0.081     ; 1.729      ;
; -0.795 ; counter:counter|COUNT[1] ; state.lleno              ; CLOCK        ; CLOCK       ; 1.000        ; -0.080     ; 1.713      ;
; -0.757 ; counter:counter|COUNT[0] ; counter:counter|COUNT[2] ; CLOCK        ; CLOCK       ; 1.000        ; -0.081     ; 1.674      ;
; -0.750 ; USE_DW[2]~reg0           ; USE_DW[4]~reg0           ; CLOCK        ; CLOCK       ; 1.000        ; -0.081     ; 1.667      ;
; -0.750 ; USE_DW[0]~reg0           ; USE_DW[2]~reg0           ; CLOCK        ; CLOCK       ; 1.000        ; -0.081     ; 1.667      ;
; -0.750 ; counter:counter|COUNT[2] ; counter:counter|COUNT[4] ; CLOCK        ; CLOCK       ; 1.000        ; -0.081     ; 1.667      ;
; -0.728 ; UP_DN                    ; counter:counter|COUNT[2] ; CLOCK        ; CLOCK       ; 1.000        ; -0.081     ; 1.645      ;
; -0.726 ; state.vacio              ; state.vacio              ; CLOCK        ; CLOCK       ; 1.000        ; -0.081     ; 1.643      ;
; -0.719 ; USE_DW[2]~reg0           ; USE_DW[3]~reg0           ; CLOCK        ; CLOCK       ; 1.000        ; -0.081     ; 1.636      ;
; -0.719 ; USE_DW[0]~reg0           ; USE_DW[1]~reg0           ; CLOCK        ; CLOCK       ; 1.000        ; -0.081     ; 1.636      ;
; -0.718 ; counter:counter|COUNT[4] ; state.lleno              ; CLOCK        ; CLOCK       ; 1.000        ; -0.080     ; 1.636      ;
; -0.713 ; counter:counter|COUNT[2] ; counter:counter|COUNT[3] ; CLOCK        ; CLOCK       ; 1.000        ; -0.081     ; 1.630      ;
; -0.708 ; counter:counter|COUNT[0] ; counter:counter|COUNT[1] ; CLOCK        ; CLOCK       ; 1.000        ; -0.081     ; 1.625      ;
; -0.706 ; counter:counter|COUNT[3] ; state.vacio              ; CLOCK        ; CLOCK       ; 1.000        ; -0.081     ; 1.623      ;
; -0.654 ; state.lleno              ; count_en                 ; CLOCK        ; CLOCK       ; 1.000        ; -0.082     ; 1.570      ;
; -0.630 ; state.lleno              ; state.lleno              ; CLOCK        ; CLOCK       ; 1.000        ; -0.081     ; 1.547      ;
; -0.610 ; state.otros              ; state.vacio              ; CLOCK        ; CLOCK       ; 1.000        ; -0.082     ; 1.526      ;
; -0.603 ; counter:counter|COUNT[2] ; state.lleno              ; CLOCK        ; CLOCK       ; 1.000        ; -0.080     ; 1.521      ;
; -0.567 ; counter:counter|COUNT[2] ; state.vacio              ; CLOCK        ; CLOCK       ; 1.000        ; -0.081     ; 1.484      ;
; -0.453 ; state.otros              ; state.lleno              ; CLOCK        ; CLOCK       ; 1.000        ; -0.081     ; 1.370      ;
; -0.366 ; USE_DW[1]~reg0           ; USE_DW[1]~reg0           ; CLOCK        ; CLOCK       ; 1.000        ; -0.081     ; 1.283      ;
; -0.327 ; state.vacio              ; DATA_OUT[2]~reg0         ; CLOCK        ; CLOCK       ; 1.000        ; -0.079     ; 1.246      ;
; -0.327 ; count_en                 ; counter:counter|COUNT[2] ; CLOCK        ; CLOCK       ; 1.000        ; -0.081     ; 1.244      ;
; -0.327 ; count_en                 ; counter:counter|COUNT[3] ; CLOCK        ; CLOCK       ; 1.000        ; -0.081     ; 1.244      ;
; -0.327 ; count_en                 ; counter:counter|COUNT[4] ; CLOCK        ; CLOCK       ; 1.000        ; -0.081     ; 1.244      ;
; -0.327 ; count_en                 ; counter:counter|COUNT[1] ; CLOCK        ; CLOCK       ; 1.000        ; -0.081     ; 1.244      ;
; -0.327 ; count_en                 ; counter:counter|COUNT[0] ; CLOCK        ; CLOCK       ; 1.000        ; -0.081     ; 1.244      ;
; -0.325 ; state.vacio              ; DATA_OUT[7]~reg0         ; CLOCK        ; CLOCK       ; 1.000        ; -0.079     ; 1.244      ;
; -0.325 ; state.vacio              ; DATA_OUT[4]~reg0         ; CLOCK        ; CLOCK       ; 1.000        ; -0.079     ; 1.244      ;
; -0.324 ; state.vacio              ; DATA_OUT[6]~reg0         ; CLOCK        ; CLOCK       ; 1.000        ; -0.079     ; 1.243      ;
; -0.324 ; state.vacio              ; DATA_OUT[5]~reg0         ; CLOCK        ; CLOCK       ; 1.000        ; -0.079     ; 1.243      ;
; -0.323 ; state.vacio              ; DATA_OUT[3]~reg0         ; CLOCK        ; CLOCK       ; 1.000        ; -0.079     ; 1.242      ;
; -0.322 ; state.vacio              ; DATA_OUT[1]~reg0         ; CLOCK        ; CLOCK       ; 1.000        ; -0.079     ; 1.241      ;
; -0.322 ; state.vacio              ; DATA_OUT[0]~reg0         ; CLOCK        ; CLOCK       ; 1.000        ; -0.079     ; 1.241      ;
; -0.298 ; state.lleno              ; UP_DN                    ; CLOCK        ; CLOCK       ; 1.000        ; -0.082     ; 1.214      ;
; -0.289 ; state.lleno              ; F_FULL_N~reg0            ; CLOCK        ; CLOCK       ; 1.000        ; -0.082     ; 1.205      ;
; -0.251 ; UP_DN                    ; counter:counter|COUNT[1] ; CLOCK        ; CLOCK       ; 1.000        ; -0.081     ; 1.168      ;
; -0.249 ; USE_DW[4]~reg0           ; USE_DW[4]~reg0           ; CLOCK        ; CLOCK       ; 1.000        ; -0.081     ; 1.166      ;
; -0.246 ; counter:counter|COUNT[0] ; counter:counter|COUNT[0] ; CLOCK        ; CLOCK       ; 1.000        ; -0.081     ; 1.163      ;
; -0.237 ; USE_DW[0]~reg0           ; USE_DW[0]~reg0           ; CLOCK        ; CLOCK       ; 1.000        ; -0.081     ; 1.154      ;
; -0.237 ; counter:counter|COUNT[2] ; counter:counter|COUNT[2] ; CLOCK        ; CLOCK       ; 1.000        ; -0.081     ; 1.154      ;
; -0.232 ; USE_DW[3]~reg0           ; USE_DW[3]~reg0           ; CLOCK        ; CLOCK       ; 1.000        ; -0.081     ; 1.149      ;
; -0.231 ; counter:counter|COUNT[3] ; counter:counter|COUNT[3] ; CLOCK        ; CLOCK       ; 1.000        ; -0.081     ; 1.148      ;
; -0.218 ; state.vacio              ; F_EMPTY_N~reg0           ; CLOCK        ; CLOCK       ; 1.000        ; -0.081     ; 1.135      ;
; -0.216 ; USE_DW[2]~reg0           ; USE_DW[2]~reg0           ; CLOCK        ; CLOCK       ; 1.000        ; -0.081     ; 1.133      ;
; -0.212 ; counter:counter|COUNT[1] ; counter:counter|COUNT[1] ; CLOCK        ; CLOCK       ; 1.000        ; -0.081     ; 1.129      ;
; 0.084  ; counter:counter|COUNT[4] ; counter:counter|COUNT[4] ; CLOCK        ; CLOCK       ; 1.000        ; -0.081     ; 0.833      ;
+--------+--------------------------+--------------------------+--------------+-------------+--------------+------------+------------+


+-----------------------------------------------------------------------------------------------------------------------------------+
; Slow 1200mV 85C Model Hold: 'CLOCK'                                                                                               ;
+-------+--------------------------+--------------------------+--------------+-------------+--------------+------------+------------+
; Slack ; From Node                ; To Node                  ; Launch Clock ; Latch Clock ; Relationship ; Clock Skew ; Data Delay ;
+-------+--------------------------+--------------------------+--------------+-------------+--------------+------------+------------+
; 0.449 ; counter:counter|COUNT[4] ; counter:counter|COUNT[4] ; CLOCK        ; CLOCK       ; 0.000        ; 0.081      ; 0.716      ;
; 0.649 ; counter:counter|COUNT[1] ; counter:counter|COUNT[1] ; CLOCK        ; CLOCK       ; 0.000        ; 0.081      ; 0.916      ;
; 0.656 ; counter:counter|COUNT[2] ; counter:counter|COUNT[2] ; CLOCK        ; CLOCK       ; 0.000        ; 0.081      ; 0.923      ;
; 0.658 ; USE_DW[3]~reg0           ; USE_DW[3]~reg0           ; CLOCK        ; CLOCK       ; 0.000        ; 0.081      ; 0.925      ;
; 0.659 ; USE_DW[2]~reg0           ; USE_DW[2]~reg0           ; CLOCK        ; CLOCK       ; 0.000        ; 0.081      ; 0.926      ;
; 0.667 ; counter:counter|COUNT[3] ; counter:counter|COUNT[3] ; CLOCK        ; CLOCK       ; 0.000        ; 0.081      ; 0.934      ;
; 0.667 ; UP_DN                    ; counter:counter|COUNT[1] ; CLOCK        ; CLOCK       ; 0.000        ; 0.081      ; 0.934      ;
; 0.670 ; state.vacio              ; F_EMPTY_N~reg0           ; CLOCK        ; CLOCK       ; 0.000        ; 0.081      ; 0.937      ;
; 0.670 ; counter:counter|COUNT[0] ; counter:counter|COUNT[0] ; CLOCK        ; CLOCK       ; 0.000        ; 0.081      ; 0.937      ;
; 0.671 ; UP_DN                    ; counter:counter|COUNT[4] ; CLOCK        ; CLOCK       ; 0.000        ; 0.081      ; 0.938      ;
; 0.685 ; USE_DW[0]~reg0           ; USE_DW[0]~reg0           ; CLOCK        ; CLOCK       ; 0.000        ; 0.081      ; 0.952      ;
; 0.805 ; USE_DW[1]~reg0           ; USE_DW[1]~reg0           ; CLOCK        ; CLOCK       ; 0.000        ; 0.081      ; 1.072      ;
; 0.819 ; USE_DW[4]~reg0           ; USE_DW[4]~reg0           ; CLOCK        ; CLOCK       ; 0.000        ; 0.081      ; 1.086      ;
; 0.854 ; state.lleno              ; UP_DN                    ; CLOCK        ; CLOCK       ; 0.000        ; 0.080      ; 1.120      ;
; 0.862 ; state.lleno              ; F_FULL_N~reg0            ; CLOCK        ; CLOCK       ; 0.000        ; 0.080      ; 1.128      ;
; 0.875 ; state.vacio              ; DATA_OUT[3]~reg0         ; CLOCK        ; CLOCK       ; 0.000        ; 0.083      ; 1.144      ;
; 0.875 ; state.vacio              ; DATA_OUT[1]~reg0         ; CLOCK        ; CLOCK       ; 0.000        ; 0.083      ; 1.144      ;
; 0.875 ; state.vacio              ; DATA_OUT[0]~reg0         ; CLOCK        ; CLOCK       ; 0.000        ; 0.083      ; 1.144      ;
; 0.876 ; state.vacio              ; DATA_OUT[6]~reg0         ; CLOCK        ; CLOCK       ; 0.000        ; 0.083      ; 1.145      ;
; 0.876 ; state.vacio              ; DATA_OUT[5]~reg0         ; CLOCK        ; CLOCK       ; 0.000        ; 0.083      ; 1.145      ;
; 0.877 ; state.vacio              ; DATA_OUT[4]~reg0         ; CLOCK        ; CLOCK       ; 0.000        ; 0.083      ; 1.146      ;
; 0.878 ; state.vacio              ; DATA_OUT[7]~reg0         ; CLOCK        ; CLOCK       ; 0.000        ; 0.083      ; 1.147      ;
; 0.879 ; state.vacio              ; DATA_OUT[2]~reg0         ; CLOCK        ; CLOCK       ; 0.000        ; 0.083      ; 1.148      ;
; 0.967 ; counter:counter|COUNT[1] ; counter:counter|COUNT[2] ; CLOCK        ; CLOCK       ; 0.000        ; 0.081      ; 1.234      ;
; 0.974 ; USE_DW[3]~reg0           ; USE_DW[4]~reg0           ; CLOCK        ; CLOCK       ; 0.000        ; 0.081      ; 1.241      ;
; 0.978 ; counter:counter|COUNT[0] ; counter:counter|COUNT[1] ; CLOCK        ; CLOCK       ; 0.000        ; 0.081      ; 1.245      ;
; 0.983 ; counter:counter|COUNT[2] ; counter:counter|COUNT[3] ; CLOCK        ; CLOCK       ; 0.000        ; 0.081      ; 1.250      ;
; 0.983 ; counter:counter|COUNT[0] ; counter:counter|COUNT[2] ; CLOCK        ; CLOCK       ; 0.000        ; 0.081      ; 1.250      ;
; 0.984 ; counter:counter|COUNT[3] ; counter:counter|COUNT[4] ; CLOCK        ; CLOCK       ; 0.000        ; 0.081      ; 1.251      ;
; 0.988 ; counter:counter|COUNT[2] ; counter:counter|COUNT[4] ; CLOCK        ; CLOCK       ; 0.000        ; 0.081      ; 1.255      ;
; 0.989 ; USE_DW[2]~reg0           ; USE_DW[3]~reg0           ; CLOCK        ; CLOCK       ; 0.000        ; 0.081      ; 1.256      ;
; 0.989 ; USE_DW[0]~reg0           ; USE_DW[1]~reg0           ; CLOCK        ; CLOCK       ; 0.000        ; 0.081      ; 1.256      ;
; 0.994 ; USE_DW[0]~reg0           ; USE_DW[2]~reg0           ; CLOCK        ; CLOCK       ; 0.000        ; 0.081      ; 1.261      ;
; 0.994 ; USE_DW[2]~reg0           ; USE_DW[4]~reg0           ; CLOCK        ; CLOCK       ; 0.000        ; 0.081      ; 1.261      ;
; 0.997 ; UP_DN                    ; counter:counter|COUNT[2] ; CLOCK        ; CLOCK       ; 0.000        ; 0.081      ; 1.264      ;
; 1.002 ; UP_DN                    ; counter:counter|COUNT[3] ; CLOCK        ; CLOCK       ; 0.000        ; 0.081      ; 1.269      ;
; 1.011 ; state.otros              ; state.lleno              ; CLOCK        ; CLOCK       ; 0.000        ; 0.081      ; 1.278      ;
; 1.024 ; state.lleno              ; state.lleno              ; CLOCK        ; CLOCK       ; 0.000        ; 0.081      ; 1.291      ;
; 1.027 ; count_en                 ; counter:counter|COUNT[2] ; CLOCK        ; CLOCK       ; 0.000        ; 0.081      ; 1.294      ;
; 1.027 ; count_en                 ; counter:counter|COUNT[3] ; CLOCK        ; CLOCK       ; 0.000        ; 0.081      ; 1.294      ;
; 1.027 ; count_en                 ; counter:counter|COUNT[4] ; CLOCK        ; CLOCK       ; 0.000        ; 0.081      ; 1.294      ;
; 1.027 ; count_en                 ; counter:counter|COUNT[1] ; CLOCK        ; CLOCK       ; 0.000        ; 0.081      ; 1.294      ;
; 1.027 ; count_en                 ; counter:counter|COUNT[0] ; CLOCK        ; CLOCK       ; 0.000        ; 0.081      ; 1.294      ;
; 1.052 ; state.lleno              ; USE_DW[3]~reg0           ; CLOCK        ; CLOCK       ; 0.000        ; 0.081      ; 1.319      ;
; 1.052 ; state.lleno              ; USE_DW[1]~reg0           ; CLOCK        ; CLOCK       ; 0.000        ; 0.081      ; 1.319      ;
; 1.075 ; counter:counter|COUNT[2] ; state.vacio              ; CLOCK        ; CLOCK       ; 0.000        ; 0.081      ; 1.342      ;
; 1.088 ; counter:counter|COUNT[1] ; counter:counter|COUNT[3] ; CLOCK        ; CLOCK       ; 0.000        ; 0.081      ; 1.355      ;
; 1.093 ; counter:counter|COUNT[1] ; counter:counter|COUNT[4] ; CLOCK        ; CLOCK       ; 0.000        ; 0.081      ; 1.360      ;
; 1.104 ; counter:counter|COUNT[0] ; counter:counter|COUNT[3] ; CLOCK        ; CLOCK       ; 0.000        ; 0.081      ; 1.371      ;
; 1.109 ; counter:counter|COUNT[0] ; counter:counter|COUNT[4] ; CLOCK        ; CLOCK       ; 0.000        ; 0.081      ; 1.376      ;
; 1.110 ; counter:counter|COUNT[2] ; state.lleno              ; CLOCK        ; CLOCK       ; 0.000        ; 0.082      ; 1.378      ;
; 1.115 ; USE_DW[0]~reg0           ; USE_DW[3]~reg0           ; CLOCK        ; CLOCK       ; 0.000        ; 0.081      ; 1.382      ;
; 1.120 ; USE_DW[0]~reg0           ; USE_DW[4]~reg0           ; CLOCK        ; CLOCK       ; 0.000        ; 0.081      ; 1.387      ;
; 1.121 ; USE_DW[1]~reg0           ; USE_DW[2]~reg0           ; CLOCK        ; CLOCK       ; 0.000        ; 0.081      ; 1.388      ;
; 1.149 ; state.otros              ; state.vacio              ; CLOCK        ; CLOCK       ; 0.000        ; 0.080      ; 1.415      ;
; 1.189 ; state.vacio              ; state.vacio              ; CLOCK        ; CLOCK       ; 0.000        ; 0.081      ; 1.456      ;
; 1.191 ; state.lleno              ; count_en                 ; CLOCK        ; CLOCK       ; 0.000        ; 0.080      ; 1.457      ;
; 1.201 ; state.otros              ; USE_DW[3]~reg0           ; CLOCK        ; CLOCK       ; 0.000        ; 0.081      ; 1.468      ;
; 1.201 ; state.otros              ; USE_DW[1]~reg0           ; CLOCK        ; CLOCK       ; 0.000        ; 0.081      ; 1.468      ;
; 1.206 ; state.lleno              ; USE_DW[2]~reg0           ; CLOCK        ; CLOCK       ; 0.000        ; 0.081      ; 1.473      ;
; 1.207 ; state.lleno              ; USE_DW[4]~reg0           ; CLOCK        ; CLOCK       ; 0.000        ; 0.081      ; 1.474      ;
; 1.212 ; counter:counter|COUNT[3] ; state.vacio              ; CLOCK        ; CLOCK       ; 0.000        ; 0.081      ; 1.479      ;
; 1.213 ; counter:counter|COUNT[4] ; state.lleno              ; CLOCK        ; CLOCK       ; 0.000        ; 0.082      ; 1.481      ;
; 1.225 ; state.otros              ; state.otros              ; CLOCK        ; CLOCK       ; 0.000        ; 0.081      ; 1.492      ;
; 1.242 ; USE_DW[1]~reg0           ; USE_DW[3]~reg0           ; CLOCK        ; CLOCK       ; 0.000        ; 0.081      ; 1.509      ;
; 1.247 ; state.lleno              ; USE_DW[0]~reg0           ; CLOCK        ; CLOCK       ; 0.000        ; 0.081      ; 1.514      ;
; 1.247 ; USE_DW[1]~reg0           ; USE_DW[4]~reg0           ; CLOCK        ; CLOCK       ; 0.000        ; 0.081      ; 1.514      ;
; 1.260 ; state.lleno              ; state.otros              ; CLOCK        ; CLOCK       ; 0.000        ; 0.081      ; 1.527      ;
; 1.290 ; counter:counter|COUNT[1] ; state.vacio              ; CLOCK        ; CLOCK       ; 0.000        ; 0.081      ; 1.557      ;
; 1.334 ; counter:counter|COUNT[1] ; state.lleno              ; CLOCK        ; CLOCK       ; 0.000        ; 0.082      ; 1.602      ;
; 1.355 ; state.otros              ; USE_DW[2]~reg0           ; CLOCK        ; CLOCK       ; 0.000        ; 0.081      ; 1.622      ;
; 1.356 ; state.otros              ; USE_DW[4]~reg0           ; CLOCK        ; CLOCK       ; 0.000        ; 0.081      ; 1.623      ;
; 1.364 ; counter:counter|COUNT[4] ; state.vacio              ; CLOCK        ; CLOCK       ; 0.000        ; 0.081      ; 1.631      ;
; 1.367 ; counter:counter|COUNT[3] ; state.lleno              ; CLOCK        ; CLOCK       ; 0.000        ; 0.082      ; 1.635      ;
; 1.439 ; counter:counter|COUNT[2] ; state.otros              ; CLOCK        ; CLOCK       ; 0.000        ; 0.082      ; 1.707      ;
; 1.523 ; state.otros              ; count_en                 ; CLOCK        ; CLOCK       ; 0.000        ; 0.080      ; 1.789      ;
; 1.541 ; counter:counter|COUNT[0] ; state.lleno              ; CLOCK        ; CLOCK       ; 0.000        ; 0.082      ; 1.809      ;
; 1.542 ; counter:counter|COUNT[4] ; state.otros              ; CLOCK        ; CLOCK       ; 0.000        ; 0.082      ; 1.810      ;
; 1.558 ; state.otros              ; USE_DW[0]~reg0           ; CLOCK        ; CLOCK       ; 0.000        ; 0.081      ; 1.825      ;
; 1.574 ; counter:counter|COUNT[0] ; state.vacio              ; CLOCK        ; CLOCK       ; 0.000        ; 0.081      ; 1.841      ;
; 1.663 ; counter:counter|COUNT[1] ; state.otros              ; CLOCK        ; CLOCK       ; 0.000        ; 0.082      ; 1.931      ;
; 1.696 ; counter:counter|COUNT[3] ; state.otros              ; CLOCK        ; CLOCK       ; 0.000        ; 0.082      ; 1.964      ;
; 1.764 ; state.lleno              ; DATA_OUT[7]~reg0         ; CLOCK        ; CLOCK       ; 0.000        ; 0.082      ; 2.032      ;
; 1.764 ; state.lleno              ; DATA_OUT[6]~reg0         ; CLOCK        ; CLOCK       ; 0.000        ; 0.082      ; 2.032      ;
; 1.764 ; state.lleno              ; DATA_OUT[5]~reg0         ; CLOCK        ; CLOCK       ; 0.000        ; 0.082      ; 2.032      ;
; 1.764 ; state.lleno              ; DATA_OUT[4]~reg0         ; CLOCK        ; CLOCK       ; 0.000        ; 0.082      ; 2.032      ;
; 1.764 ; state.lleno              ; DATA_OUT[3]~reg0         ; CLOCK        ; CLOCK       ; 0.000        ; 0.082      ; 2.032      ;
; 1.764 ; state.lleno              ; DATA_OUT[2]~reg0         ; CLOCK        ; CLOCK       ; 0.000        ; 0.082      ; 2.032      ;
; 1.764 ; state.lleno              ; DATA_OUT[1]~reg0         ; CLOCK        ; CLOCK       ; 0.000        ; 0.082      ; 2.032      ;
; 1.764 ; state.lleno              ; DATA_OUT[0]~reg0         ; CLOCK        ; CLOCK       ; 0.000        ; 0.082      ; 2.032      ;
; 1.844 ; state.otros              ; DATA_OUT[7]~reg0         ; CLOCK        ; CLOCK       ; 0.000        ; 0.082      ; 2.112      ;
; 1.844 ; state.otros              ; DATA_OUT[6]~reg0         ; CLOCK        ; CLOCK       ; 0.000        ; 0.082      ; 2.112      ;
; 1.844 ; state.otros              ; DATA_OUT[5]~reg0         ; CLOCK        ; CLOCK       ; 0.000        ; 0.082      ; 2.112      ;
; 1.844 ; state.otros              ; DATA_OUT[4]~reg0         ; CLOCK        ; CLOCK       ; 0.000        ; 0.082      ; 2.112      ;
; 1.844 ; state.otros              ; DATA_OUT[3]~reg0         ; CLOCK        ; CLOCK       ; 0.000        ; 0.082      ; 2.112      ;
; 1.844 ; state.otros              ; DATA_OUT[2]~reg0         ; CLOCK        ; CLOCK       ; 0.000        ; 0.082      ; 2.112      ;
; 1.844 ; state.otros              ; DATA_OUT[1]~reg0         ; CLOCK        ; CLOCK       ; 0.000        ; 0.082      ; 2.112      ;
; 1.844 ; state.otros              ; DATA_OUT[0]~reg0         ; CLOCK        ; CLOCK       ; 0.000        ; 0.082      ; 2.112      ;
; 1.870 ; counter:counter|COUNT[0] ; state.otros              ; CLOCK        ; CLOCK       ; 0.000        ; 0.082      ; 2.138      ;
+-------+--------------------------+--------------------------+--------------+-------------+--------------+------------+------------+


-----------------------------------------------
; Slow 1200mV 85C Model Metastability Summary ;
-----------------------------------------------
No synchronizer chains to report.


+-----------------------------------------------------------------------------------------------------------+
; Slow 1200mV 0C Model Fmax Summary                                                                         ;
+------------+-----------------+------------+---------------------------------------------------------------+
; Fmax       ; Restricted Fmax ; Clock Name ; Note                                                          ;
+------------+-----------------+------------+---------------------------------------------------------------+
; 427.17 MHz ; 250.0 MHz       ; CLOCK      ; limit due to minimum period restriction (max I/O toggle rate) ;
+------------+-----------------+------------+---------------------------------------------------------------+
This panel reports FMAX for every clock in the design, regardless of the user-specified clock periods.  FMAX is only computed for paths where the source and destination registers or ports are driven by the same clock.  Paths of different clocks, including generated clocks, are ignored.  For paths between a clock and its inversion, FMAX is computed as if the rising and falling edges are scaled along with FMAX, such that the duty cycle (in terms of a percentage) is maintained. Altera recommends that you always use clock constraints and other slack reports for sign-off analysis.


+------------------------------------+
; Slow 1200mV 0C Model Setup Summary ;
+-------+--------+-------------------+
; Clock ; Slack  ; End Point TNS     ;
+-------+--------+-------------------+
; CLOCK ; -1.341 ; -21.087           ;
+-------+--------+-------------------+


+-----------------------------------+
; Slow 1200mV 0C Model Hold Summary ;
+-------+-------+-------------------+
; Clock ; Slack ; End Point TNS     ;
+-------+-------+-------------------+
; CLOCK ; 0.407 ; 0.000             ;
+-------+-------+-------------------+


-----------------------------------------
; Slow 1200mV 0C Model Recovery Summary ;
-----------------------------------------
No paths to report.


----------------------------------------
; Slow 1200mV 0C Model Removal Summary ;
----------------------------------------
No paths to report.


+--------------------------------------------------+
; Slow 1200mV 0C Model Minimum Pulse Width Summary ;
+-------+--------+---------------------------------+
; Clock ; Slack  ; End Point TNS                   ;
+-------+--------+---------------------------------+
; CLOCK ; -3.000 ; -35.125                         ;
+-------+--------+---------------------------------+


+------------------------------------------------------------------------------------------------------------------------------------+
; Slow 1200mV 0C Model Setup: 'CLOCK'                                                                                                ;
+--------+--------------------------+--------------------------+--------------+-------------+--------------+------------+------------+
; Slack  ; From Node                ; To Node                  ; Launch Clock ; Latch Clock ; Relationship ; Clock Skew ; Data Delay ;
+--------+--------------------------+--------------------------+--------------+-------------+--------------+------------+------------+
; -1.341 ; counter:counter|COUNT[0] ; state.otros              ; CLOCK        ; CLOCK       ; 1.000        ; -0.071     ; 2.269      ;
; -1.303 ; state.otros              ; USE_DW[4]~reg0           ; CLOCK        ; CLOCK       ; 1.000        ; -0.072     ; 2.230      ;
; -1.227 ; state.otros              ; USE_DW[3]~reg0           ; CLOCK        ; CLOCK       ; 1.000        ; -0.072     ; 2.154      ;
; -1.187 ; state.otros              ; USE_DW[2]~reg0           ; CLOCK        ; CLOCK       ; 1.000        ; -0.072     ; 2.114      ;
; -1.144 ; counter:counter|COUNT[4] ; state.otros              ; CLOCK        ; CLOCK       ; 1.000        ; -0.071     ; 2.072      ;
; -1.133 ; counter:counter|COUNT[1] ; state.otros              ; CLOCK        ; CLOCK       ; 1.000        ; -0.071     ; 2.061      ;
; -1.133 ; state.lleno              ; USE_DW[4]~reg0           ; CLOCK        ; CLOCK       ; 1.000        ; -0.072     ; 2.060      ;
; -1.087 ; state.lleno              ; USE_DW[3]~reg0           ; CLOCK        ; CLOCK       ; 1.000        ; -0.072     ; 2.014      ;
; -1.024 ; counter:counter|COUNT[3] ; state.otros              ; CLOCK        ; CLOCK       ; 1.000        ; -0.071     ; 1.952      ;
; -1.017 ; state.lleno              ; USE_DW[2]~reg0           ; CLOCK        ; CLOCK       ; 1.000        ; -0.072     ; 1.944      ;
; -0.992 ; state.otros              ; DATA_OUT[7]~reg0         ; CLOCK        ; CLOCK       ; 1.000        ; -0.072     ; 1.919      ;
; -0.992 ; state.otros              ; DATA_OUT[6]~reg0         ; CLOCK        ; CLOCK       ; 1.000        ; -0.072     ; 1.919      ;
; -0.992 ; state.otros              ; DATA_OUT[5]~reg0         ; CLOCK        ; CLOCK       ; 1.000        ; -0.072     ; 1.919      ;
; -0.992 ; state.otros              ; DATA_OUT[4]~reg0         ; CLOCK        ; CLOCK       ; 1.000        ; -0.072     ; 1.919      ;
; -0.992 ; state.otros              ; DATA_OUT[3]~reg0         ; CLOCK        ; CLOCK       ; 1.000        ; -0.072     ; 1.919      ;
; -0.992 ; state.otros              ; DATA_OUT[2]~reg0         ; CLOCK        ; CLOCK       ; 1.000        ; -0.072     ; 1.919      ;
; -0.992 ; state.otros              ; DATA_OUT[1]~reg0         ; CLOCK        ; CLOCK       ; 1.000        ; -0.072     ; 1.919      ;
; -0.992 ; state.otros              ; DATA_OUT[0]~reg0         ; CLOCK        ; CLOCK       ; 1.000        ; -0.072     ; 1.919      ;
; -0.951 ; UP_DN                    ; counter:counter|COUNT[3] ; CLOCK        ; CLOCK       ; 1.000        ; -0.072     ; 1.878      ;
; -0.936 ; UP_DN                    ; counter:counter|COUNT[4] ; CLOCK        ; CLOCK       ; 1.000        ; -0.072     ; 1.863      ;
; -0.920 ; state.lleno              ; USE_DW[1]~reg0           ; CLOCK        ; CLOCK       ; 1.000        ; -0.072     ; 1.847      ;
; -0.920 ; state.lleno              ; USE_DW[0]~reg0           ; CLOCK        ; CLOCK       ; 1.000        ; -0.072     ; 1.847      ;
; -0.907 ; counter:counter|COUNT[2] ; state.otros              ; CLOCK        ; CLOCK       ; 1.000        ; -0.071     ; 1.835      ;
; -0.907 ; state.lleno              ; DATA_OUT[7]~reg0         ; CLOCK        ; CLOCK       ; 1.000        ; -0.072     ; 1.834      ;
; -0.907 ; state.lleno              ; DATA_OUT[6]~reg0         ; CLOCK        ; CLOCK       ; 1.000        ; -0.072     ; 1.834      ;
; -0.907 ; state.lleno              ; DATA_OUT[5]~reg0         ; CLOCK        ; CLOCK       ; 1.000        ; -0.072     ; 1.834      ;
; -0.907 ; state.lleno              ; DATA_OUT[4]~reg0         ; CLOCK        ; CLOCK       ; 1.000        ; -0.072     ; 1.834      ;
; -0.907 ; state.lleno              ; DATA_OUT[3]~reg0         ; CLOCK        ; CLOCK       ; 1.000        ; -0.072     ; 1.834      ;
; -0.907 ; state.lleno              ; DATA_OUT[2]~reg0         ; CLOCK        ; CLOCK       ; 1.000        ; -0.072     ; 1.834      ;
; -0.907 ; state.lleno              ; DATA_OUT[1]~reg0         ; CLOCK        ; CLOCK       ; 1.000        ; -0.072     ; 1.834      ;
; -0.907 ; state.lleno              ; DATA_OUT[0]~reg0         ; CLOCK        ; CLOCK       ; 1.000        ; -0.072     ; 1.834      ;
; -0.877 ; USE_DW[1]~reg0           ; USE_DW[4]~reg0           ; CLOCK        ; CLOCK       ; 1.000        ; -0.072     ; 1.804      ;
; -0.866 ; counter:counter|COUNT[0] ; state.vacio              ; CLOCK        ; CLOCK       ; 1.000        ; -0.072     ; 1.793      ;
; -0.857 ; counter:counter|COUNT[0] ; state.lleno              ; CLOCK        ; CLOCK       ; 1.000        ; -0.071     ; 1.785      ;
; -0.810 ; state.otros              ; count_en                 ; CLOCK        ; CLOCK       ; 1.000        ; -0.073     ; 1.736      ;
; -0.779 ; state.otros              ; state.otros              ; CLOCK        ; CLOCK       ; 1.000        ; -0.072     ; 1.706      ;
; -0.765 ; state.lleno              ; state.otros              ; CLOCK        ; CLOCK       ; 1.000        ; -0.072     ; 1.692      ;
; -0.761 ; USE_DW[1]~reg0           ; USE_DW[2]~reg0           ; CLOCK        ; CLOCK       ; 1.000        ; -0.072     ; 1.688      ;
; -0.759 ; counter:counter|COUNT[1] ; counter:counter|COUNT[4] ; CLOCK        ; CLOCK       ; 1.000        ; -0.072     ; 1.686      ;
; -0.747 ; state.otros              ; USE_DW[1]~reg0           ; CLOCK        ; CLOCK       ; 1.000        ; -0.072     ; 1.674      ;
; -0.747 ; state.otros              ; USE_DW[0]~reg0           ; CLOCK        ; CLOCK       ; 1.000        ; -0.072     ; 1.674      ;
; -0.732 ; USE_DW[1]~reg0           ; USE_DW[3]~reg0           ; CLOCK        ; CLOCK       ; 1.000        ; -0.072     ; 1.659      ;
; -0.695 ; counter:counter|COUNT[0] ; counter:counter|COUNT[4] ; CLOCK        ; CLOCK       ; 1.000        ; -0.072     ; 1.622      ;
; -0.686 ; USE_DW[0]~reg0           ; USE_DW[4]~reg0           ; CLOCK        ; CLOCK       ; 1.000        ; -0.072     ; 1.613      ;
; -0.672 ; counter:counter|COUNT[4] ; state.vacio              ; CLOCK        ; CLOCK       ; 1.000        ; -0.072     ; 1.599      ;
; -0.668 ; USE_DW[0]~reg0           ; USE_DW[3]~reg0           ; CLOCK        ; CLOCK       ; 1.000        ; -0.072     ; 1.595      ;
; -0.664 ; counter:counter|COUNT[3] ; state.lleno              ; CLOCK        ; CLOCK       ; 1.000        ; -0.071     ; 1.592      ;
; -0.661 ; counter:counter|COUNT[1] ; state.vacio              ; CLOCK        ; CLOCK       ; 1.000        ; -0.072     ; 1.588      ;
; -0.660 ; counter:counter|COUNT[3] ; counter:counter|COUNT[4] ; CLOCK        ; CLOCK       ; 1.000        ; -0.072     ; 1.587      ;
; -0.659 ; counter:counter|COUNT[0] ; counter:counter|COUNT[3] ; CLOCK        ; CLOCK       ; 1.000        ; -0.072     ; 1.586      ;
; -0.645 ; USE_DW[3]~reg0           ; USE_DW[4]~reg0           ; CLOCK        ; CLOCK       ; 1.000        ; -0.072     ; 1.572      ;
; -0.643 ; counter:counter|COUNT[1] ; counter:counter|COUNT[2] ; CLOCK        ; CLOCK       ; 1.000        ; -0.072     ; 1.570      ;
; -0.629 ; counter:counter|COUNT[1] ; state.lleno              ; CLOCK        ; CLOCK       ; 1.000        ; -0.071     ; 1.557      ;
; -0.614 ; counter:counter|COUNT[1] ; counter:counter|COUNT[3] ; CLOCK        ; CLOCK       ; 1.000        ; -0.072     ; 1.541      ;
; -0.579 ; counter:counter|COUNT[0] ; counter:counter|COUNT[2] ; CLOCK        ; CLOCK       ; 1.000        ; -0.072     ; 1.506      ;
; -0.570 ; USE_DW[2]~reg0           ; USE_DW[4]~reg0           ; CLOCK        ; CLOCK       ; 1.000        ; -0.072     ; 1.497      ;
; -0.570 ; USE_DW[0]~reg0           ; USE_DW[2]~reg0           ; CLOCK        ; CLOCK       ; 1.000        ; -0.072     ; 1.497      ;
; -0.569 ; counter:counter|COUNT[2] ; counter:counter|COUNT[4] ; CLOCK        ; CLOCK       ; 1.000        ; -0.072     ; 1.496      ;
; -0.560 ; UP_DN                    ; counter:counter|COUNT[2] ; CLOCK        ; CLOCK       ; 1.000        ; -0.072     ; 1.487      ;
; -0.555 ; state.vacio              ; state.vacio              ; CLOCK        ; CLOCK       ; 1.000        ; -0.072     ; 1.482      ;
; -0.552 ; USE_DW[2]~reg0           ; USE_DW[3]~reg0           ; CLOCK        ; CLOCK       ; 1.000        ; -0.072     ; 1.479      ;
; -0.552 ; counter:counter|COUNT[3] ; state.vacio              ; CLOCK        ; CLOCK       ; 1.000        ; -0.072     ; 1.479      ;
; -0.552 ; USE_DW[0]~reg0           ; USE_DW[1]~reg0           ; CLOCK        ; CLOCK       ; 1.000        ; -0.072     ; 1.479      ;
; -0.546 ; counter:counter|COUNT[2] ; counter:counter|COUNT[3] ; CLOCK        ; CLOCK       ; 1.000        ; -0.072     ; 1.473      ;
; -0.543 ; counter:counter|COUNT[0] ; counter:counter|COUNT[1] ; CLOCK        ; CLOCK       ; 1.000        ; -0.072     ; 1.470      ;
; -0.532 ; counter:counter|COUNT[4] ; state.lleno              ; CLOCK        ; CLOCK       ; 1.000        ; -0.071     ; 1.460      ;
; -0.504 ; state.lleno              ; count_en                 ; CLOCK        ; CLOCK       ; 1.000        ; -0.073     ; 1.430      ;
; -0.462 ; state.lleno              ; state.lleno              ; CLOCK        ; CLOCK       ; 1.000        ; -0.072     ; 1.389      ;
; -0.455 ; state.otros              ; state.vacio              ; CLOCK        ; CLOCK       ; 1.000        ; -0.073     ; 1.381      ;
; -0.435 ; counter:counter|COUNT[2] ; state.vacio              ; CLOCK        ; CLOCK       ; 1.000        ; -0.072     ; 1.362      ;
; -0.434 ; counter:counter|COUNT[2] ; state.lleno              ; CLOCK        ; CLOCK       ; 1.000        ; -0.071     ; 1.362      ;
; -0.319 ; state.otros              ; state.lleno              ; CLOCK        ; CLOCK       ; 1.000        ; -0.072     ; 1.246      ;
; -0.225 ; USE_DW[1]~reg0           ; USE_DW[1]~reg0           ; CLOCK        ; CLOCK       ; 1.000        ; -0.072     ; 1.152      ;
; -0.216 ; count_en                 ; counter:counter|COUNT[2] ; CLOCK        ; CLOCK       ; 1.000        ; -0.072     ; 1.143      ;
; -0.216 ; count_en                 ; counter:counter|COUNT[3] ; CLOCK        ; CLOCK       ; 1.000        ; -0.072     ; 1.143      ;
; -0.216 ; count_en                 ; counter:counter|COUNT[4] ; CLOCK        ; CLOCK       ; 1.000        ; -0.072     ; 1.143      ;
; -0.216 ; count_en                 ; counter:counter|COUNT[1] ; CLOCK        ; CLOCK       ; 1.000        ; -0.072     ; 1.143      ;
; -0.216 ; count_en                 ; counter:counter|COUNT[0] ; CLOCK        ; CLOCK       ; 1.000        ; -0.072     ; 1.143      ;
; -0.195 ; state.vacio              ; DATA_OUT[2]~reg0         ; CLOCK        ; CLOCK       ; 1.000        ; -0.071     ; 1.123      ;
; -0.194 ; state.vacio              ; DATA_OUT[7]~reg0         ; CLOCK        ; CLOCK       ; 1.000        ; -0.071     ; 1.122      ;
; -0.194 ; state.vacio              ; DATA_OUT[4]~reg0         ; CLOCK        ; CLOCK       ; 1.000        ; -0.071     ; 1.122      ;
; -0.193 ; state.vacio              ; DATA_OUT[6]~reg0         ; CLOCK        ; CLOCK       ; 1.000        ; -0.071     ; 1.121      ;
; -0.192 ; state.vacio              ; DATA_OUT[5]~reg0         ; CLOCK        ; CLOCK       ; 1.000        ; -0.071     ; 1.120      ;
; -0.192 ; state.vacio              ; DATA_OUT[3]~reg0         ; CLOCK        ; CLOCK       ; 1.000        ; -0.071     ; 1.120      ;
; -0.191 ; state.vacio              ; DATA_OUT[1]~reg0         ; CLOCK        ; CLOCK       ; 1.000        ; -0.071     ; 1.119      ;
; -0.191 ; state.vacio              ; DATA_OUT[0]~reg0         ; CLOCK        ; CLOCK       ; 1.000        ; -0.071     ; 1.119      ;
; -0.174 ; state.lleno              ; F_FULL_N~reg0            ; CLOCK        ; CLOCK       ; 1.000        ; -0.073     ; 1.100      ;
; -0.166 ; state.lleno              ; UP_DN                    ; CLOCK        ; CLOCK       ; 1.000        ; -0.073     ; 1.092      ;
; -0.144 ; USE_DW[4]~reg0           ; USE_DW[4]~reg0           ; CLOCK        ; CLOCK       ; 1.000        ; -0.072     ; 1.071      ;
; -0.121 ; UP_DN                    ; counter:counter|COUNT[1] ; CLOCK        ; CLOCK       ; 1.000        ; -0.072     ; 1.048      ;
; -0.118 ; counter:counter|COUNT[0] ; counter:counter|COUNT[0] ; CLOCK        ; CLOCK       ; 1.000        ; -0.072     ; 1.045      ;
; -0.109 ; USE_DW[0]~reg0           ; USE_DW[0]~reg0           ; CLOCK        ; CLOCK       ; 1.000        ; -0.072     ; 1.036      ;
; -0.109 ; USE_DW[3]~reg0           ; USE_DW[3]~reg0           ; CLOCK        ; CLOCK       ; 1.000        ; -0.072     ; 1.036      ;
; -0.109 ; counter:counter|COUNT[3] ; counter:counter|COUNT[3] ; CLOCK        ; CLOCK       ; 1.000        ; -0.072     ; 1.036      ;
; -0.108 ; counter:counter|COUNT[2] ; counter:counter|COUNT[2] ; CLOCK        ; CLOCK       ; 1.000        ; -0.072     ; 1.035      ;
; -0.094 ; counter:counter|COUNT[1] ; counter:counter|COUNT[1] ; CLOCK        ; CLOCK       ; 1.000        ; -0.072     ; 1.021      ;
; -0.092 ; USE_DW[2]~reg0           ; USE_DW[2]~reg0           ; CLOCK        ; CLOCK       ; 1.000        ; -0.072     ; 1.019      ;
; -0.091 ; state.vacio              ; F_EMPTY_N~reg0           ; CLOCK        ; CLOCK       ; 1.000        ; -0.072     ; 1.018      ;
; 0.171  ; counter:counter|COUNT[4] ; counter:counter|COUNT[4] ; CLOCK        ; CLOCK       ; 1.000        ; -0.072     ; 0.756      ;
+--------+--------------------------+--------------------------+--------------+-------------+--------------+------------+------------+


+-----------------------------------------------------------------------------------------------------------------------------------+
; Slow 1200mV 0C Model Hold: 'CLOCK'                                                                                                ;
+-------+--------------------------+--------------------------+--------------+-------------+--------------+------------+------------+
; Slack ; From Node                ; To Node                  ; Launch Clock ; Latch Clock ; Relationship ; Clock Skew ; Data Delay ;
+-------+--------------------------+--------------------------+--------------+-------------+--------------+------------+------------+
; 0.407 ; counter:counter|COUNT[4] ; counter:counter|COUNT[4] ; CLOCK        ; CLOCK       ; 0.000        ; 0.072      ; 0.650      ;
; 0.593 ; counter:counter|COUNT[1] ; counter:counter|COUNT[1] ; CLOCK        ; CLOCK       ; 0.000        ; 0.072      ; 0.836      ;
; 0.600 ; counter:counter|COUNT[2] ; counter:counter|COUNT[2] ; CLOCK        ; CLOCK       ; 0.000        ; 0.072      ; 0.843      ;
; 0.601 ; USE_DW[3]~reg0           ; USE_DW[3]~reg0           ; CLOCK        ; CLOCK       ; 0.000        ; 0.072      ; 0.844      ;
; 0.604 ; USE_DW[2]~reg0           ; USE_DW[2]~reg0           ; CLOCK        ; CLOCK       ; 0.000        ; 0.072      ; 0.847      ;
; 0.611 ; counter:counter|COUNT[3] ; counter:counter|COUNT[3] ; CLOCK        ; CLOCK       ; 0.000        ; 0.072      ; 0.854      ;
; 0.611 ; UP_DN                    ; counter:counter|COUNT[1] ; CLOCK        ; CLOCK       ; 0.000        ; 0.072      ; 0.854      ;
; 0.612 ; state.vacio              ; F_EMPTY_N~reg0           ; CLOCK        ; CLOCK       ; 0.000        ; 0.072      ; 0.855      ;
; 0.613 ; UP_DN                    ; counter:counter|COUNT[4] ; CLOCK        ; CLOCK       ; 0.000        ; 0.072      ; 0.856      ;
; 0.615 ; counter:counter|COUNT[0] ; counter:counter|COUNT[0] ; CLOCK        ; CLOCK       ; 0.000        ; 0.072      ; 0.858      ;
; 0.627 ; USE_DW[0]~reg0           ; USE_DW[0]~reg0           ; CLOCK        ; CLOCK       ; 0.000        ; 0.072      ; 0.870      ;
; 0.733 ; USE_DW[4]~reg0           ; USE_DW[4]~reg0           ; CLOCK        ; CLOCK       ; 0.000        ; 0.072      ; 0.976      ;
; 0.747 ; USE_DW[1]~reg0           ; USE_DW[1]~reg0           ; CLOCK        ; CLOCK       ; 0.000        ; 0.072      ; 0.990      ;
; 0.778 ; state.lleno              ; F_FULL_N~reg0            ; CLOCK        ; CLOCK       ; 0.000        ; 0.071      ; 1.020      ;
; 0.793 ; state.lleno              ; UP_DN                    ; CLOCK        ; CLOCK       ; 0.000        ; 0.071      ; 1.035      ;
; 0.816 ; state.vacio              ; DATA_OUT[1]~reg0         ; CLOCK        ; CLOCK       ; 0.000        ; 0.074      ; 1.061      ;
; 0.817 ; state.vacio              ; DATA_OUT[3]~reg0         ; CLOCK        ; CLOCK       ; 0.000        ; 0.074      ; 1.062      ;
; 0.817 ; state.vacio              ; DATA_OUT[0]~reg0         ; CLOCK        ; CLOCK       ; 0.000        ; 0.074      ; 1.062      ;
; 0.818 ; state.vacio              ; DATA_OUT[6]~reg0         ; CLOCK        ; CLOCK       ; 0.000        ; 0.074      ; 1.063      ;
; 0.818 ; state.vacio              ; DATA_OUT[5]~reg0         ; CLOCK        ; CLOCK       ; 0.000        ; 0.074      ; 1.063      ;
; 0.819 ; state.vacio              ; DATA_OUT[7]~reg0         ; CLOCK        ; CLOCK       ; 0.000        ; 0.074      ; 1.064      ;
; 0.819 ; state.vacio              ; DATA_OUT[4]~reg0         ; CLOCK        ; CLOCK       ; 0.000        ; 0.074      ; 1.064      ;
; 0.820 ; state.vacio              ; DATA_OUT[2]~reg0         ; CLOCK        ; CLOCK       ; 0.000        ; 0.074      ; 1.065      ;
; 0.879 ; counter:counter|COUNT[1] ; counter:counter|COUNT[2] ; CLOCK        ; CLOCK       ; 0.000        ; 0.072      ; 1.122      ;
; 0.884 ; counter:counter|COUNT[0] ; counter:counter|COUNT[1] ; CLOCK        ; CLOCK       ; 0.000        ; 0.072      ; 1.127      ;
; 0.886 ; USE_DW[3]~reg0           ; USE_DW[4]~reg0           ; CLOCK        ; CLOCK       ; 0.000        ; 0.072      ; 1.129      ;
; 0.888 ; counter:counter|COUNT[2] ; counter:counter|COUNT[3] ; CLOCK        ; CLOCK       ; 0.000        ; 0.072      ; 1.131      ;
; 0.894 ; USE_DW[2]~reg0           ; USE_DW[3]~reg0           ; CLOCK        ; CLOCK       ; 0.000        ; 0.072      ; 1.137      ;
; 0.894 ; USE_DW[0]~reg0           ; USE_DW[1]~reg0           ; CLOCK        ; CLOCK       ; 0.000        ; 0.072      ; 1.137      ;
; 0.895 ; counter:counter|COUNT[0] ; counter:counter|COUNT[2] ; CLOCK        ; CLOCK       ; 0.000        ; 0.072      ; 1.138      ;
; 0.898 ; counter:counter|COUNT[3] ; counter:counter|COUNT[4] ; CLOCK        ; CLOCK       ; 0.000        ; 0.072      ; 1.141      ;
; 0.899 ; counter:counter|COUNT[2] ; counter:counter|COUNT[4] ; CLOCK        ; CLOCK       ; 0.000        ; 0.072      ; 1.142      ;
; 0.901 ; UP_DN                    ; counter:counter|COUNT[2] ; CLOCK        ; CLOCK       ; 0.000        ; 0.072      ; 1.144      ;
; 0.905 ; USE_DW[0]~reg0           ; USE_DW[2]~reg0           ; CLOCK        ; CLOCK       ; 0.000        ; 0.072      ; 1.148      ;
; 0.905 ; USE_DW[2]~reg0           ; USE_DW[4]~reg0           ; CLOCK        ; CLOCK       ; 0.000        ; 0.072      ; 1.148      ;
; 0.912 ; UP_DN                    ; counter:counter|COUNT[3] ; CLOCK        ; CLOCK       ; 0.000        ; 0.072      ; 1.155      ;
; 0.923 ; state.otros              ; state.lleno              ; CLOCK        ; CLOCK       ; 0.000        ; 0.072      ; 1.166      ;
; 0.940 ; state.lleno              ; state.lleno              ; CLOCK        ; CLOCK       ; 0.000        ; 0.072      ; 1.183      ;
; 0.943 ; count_en                 ; counter:counter|COUNT[2] ; CLOCK        ; CLOCK       ; 0.000        ; 0.072      ; 1.186      ;
; 0.943 ; count_en                 ; counter:counter|COUNT[3] ; CLOCK        ; CLOCK       ; 0.000        ; 0.072      ; 1.186      ;
; 0.943 ; count_en                 ; counter:counter|COUNT[4] ; CLOCK        ; CLOCK       ; 0.000        ; 0.072      ; 1.186      ;
; 0.943 ; count_en                 ; counter:counter|COUNT[1] ; CLOCK        ; CLOCK       ; 0.000        ; 0.072      ; 1.186      ;
; 0.943 ; count_en                 ; counter:counter|COUNT[0] ; CLOCK        ; CLOCK       ; 0.000        ; 0.072      ; 1.186      ;
; 0.966 ; state.lleno              ; USE_DW[3]~reg0           ; CLOCK        ; CLOCK       ; 0.000        ; 0.072      ; 1.209      ;
; 0.966 ; state.lleno              ; USE_DW[1]~reg0           ; CLOCK        ; CLOCK       ; 0.000        ; 0.072      ; 1.209      ;
; 0.971 ; counter:counter|COUNT[2] ; state.vacio              ; CLOCK        ; CLOCK       ; 0.000        ; 0.072      ; 1.214      ;
; 0.978 ; counter:counter|COUNT[1] ; counter:counter|COUNT[3] ; CLOCK        ; CLOCK       ; 0.000        ; 0.072      ; 1.221      ;
; 0.989 ; counter:counter|COUNT[1] ; counter:counter|COUNT[4] ; CLOCK        ; CLOCK       ; 0.000        ; 0.072      ; 1.232      ;
; 0.994 ; counter:counter|COUNT[0] ; counter:counter|COUNT[3] ; CLOCK        ; CLOCK       ; 0.000        ; 0.072      ; 1.237      ;
; 1.004 ; USE_DW[0]~reg0           ; USE_DW[3]~reg0           ; CLOCK        ; CLOCK       ; 0.000        ; 0.072      ; 1.247      ;
; 1.005 ; counter:counter|COUNT[0] ; counter:counter|COUNT[4] ; CLOCK        ; CLOCK       ; 0.000        ; 0.072      ; 1.248      ;
; 1.015 ; USE_DW[0]~reg0           ; USE_DW[4]~reg0           ; CLOCK        ; CLOCK       ; 0.000        ; 0.072      ; 1.258      ;
; 1.031 ; state.otros              ; state.vacio              ; CLOCK        ; CLOCK       ; 0.000        ; 0.071      ; 1.273      ;
; 1.032 ; USE_DW[1]~reg0           ; USE_DW[2]~reg0           ; CLOCK        ; CLOCK       ; 0.000        ; 0.072      ; 1.275      ;
; 1.034 ; counter:counter|COUNT[2] ; state.lleno              ; CLOCK        ; CLOCK       ; 0.000        ; 0.073      ; 1.278      ;
; 1.080 ; state.lleno              ; count_en                 ; CLOCK        ; CLOCK       ; 0.000        ; 0.071      ; 1.322      ;
; 1.086 ; state.vacio              ; state.vacio              ; CLOCK        ; CLOCK       ; 0.000        ; 0.072      ; 1.329      ;
; 1.098 ; state.otros              ; USE_DW[3]~reg0           ; CLOCK        ; CLOCK       ; 0.000        ; 0.072      ; 1.341      ;
; 1.098 ; state.otros              ; USE_DW[1]~reg0           ; CLOCK        ; CLOCK       ; 0.000        ; 0.072      ; 1.341      ;
; 1.099 ; counter:counter|COUNT[3] ; state.vacio              ; CLOCK        ; CLOCK       ; 0.000        ; 0.072      ; 1.342      ;
; 1.108 ; USE_DW[1]~reg0           ; USE_DW[3]~reg0           ; CLOCK        ; CLOCK       ; 0.000        ; 0.072      ; 1.351      ;
; 1.111 ; state.otros              ; state.otros              ; CLOCK        ; CLOCK       ; 0.000        ; 0.072      ; 1.354      ;
; 1.120 ; state.lleno              ; USE_DW[2]~reg0           ; CLOCK        ; CLOCK       ; 0.000        ; 0.072      ; 1.363      ;
; 1.121 ; state.lleno              ; USE_DW[4]~reg0           ; CLOCK        ; CLOCK       ; 0.000        ; 0.072      ; 1.364      ;
; 1.127 ; counter:counter|COUNT[4] ; state.lleno              ; CLOCK        ; CLOCK       ; 0.000        ; 0.073      ; 1.371      ;
; 1.142 ; USE_DW[1]~reg0           ; USE_DW[4]~reg0           ; CLOCK        ; CLOCK       ; 0.000        ; 0.072      ; 1.385      ;
; 1.147 ; state.lleno              ; USE_DW[0]~reg0           ; CLOCK        ; CLOCK       ; 0.000        ; 0.072      ; 1.390      ;
; 1.165 ; counter:counter|COUNT[1] ; state.vacio              ; CLOCK        ; CLOCK       ; 0.000        ; 0.072      ; 1.408      ;
; 1.167 ; state.lleno              ; state.otros              ; CLOCK        ; CLOCK       ; 0.000        ; 0.072      ; 1.410      ;
; 1.215 ; counter:counter|COUNT[1] ; state.lleno              ; CLOCK        ; CLOCK       ; 0.000        ; 0.073      ; 1.459      ;
; 1.252 ; counter:counter|COUNT[4] ; state.vacio              ; CLOCK        ; CLOCK       ; 0.000        ; 0.072      ; 1.495      ;
; 1.252 ; state.otros              ; USE_DW[2]~reg0           ; CLOCK        ; CLOCK       ; 0.000        ; 0.072      ; 1.495      ;
; 1.253 ; state.otros              ; USE_DW[4]~reg0           ; CLOCK        ; CLOCK       ; 0.000        ; 0.072      ; 1.496      ;
; 1.260 ; counter:counter|COUNT[3] ; state.lleno              ; CLOCK        ; CLOCK       ; 0.000        ; 0.073      ; 1.504      ;
; 1.322 ; counter:counter|COUNT[2] ; state.otros              ; CLOCK        ; CLOCK       ; 0.000        ; 0.073      ; 1.566      ;
; 1.359 ; state.otros              ; count_en                 ; CLOCK        ; CLOCK       ; 0.000        ; 0.071      ; 1.601      ;
; 1.415 ; counter:counter|COUNT[4] ; state.otros              ; CLOCK        ; CLOCK       ; 0.000        ; 0.073      ; 1.659      ;
; 1.428 ; state.otros              ; USE_DW[0]~reg0           ; CLOCK        ; CLOCK       ; 0.000        ; 0.072      ; 1.671      ;
; 1.432 ; counter:counter|COUNT[0] ; state.lleno              ; CLOCK        ; CLOCK       ; 0.000        ; 0.073      ; 1.676      ;
; 1.458 ; counter:counter|COUNT[0] ; state.vacio              ; CLOCK        ; CLOCK       ; 0.000        ; 0.072      ; 1.701      ;
; 1.534 ; counter:counter|COUNT[1] ; state.otros              ; CLOCK        ; CLOCK       ; 0.000        ; 0.073      ; 1.778      ;
; 1.555 ; counter:counter|COUNT[3] ; state.otros              ; CLOCK        ; CLOCK       ; 0.000        ; 0.073      ; 1.799      ;
; 1.635 ; state.lleno              ; DATA_OUT[7]~reg0         ; CLOCK        ; CLOCK       ; 0.000        ; 0.073      ; 1.879      ;
; 1.635 ; state.lleno              ; DATA_OUT[6]~reg0         ; CLOCK        ; CLOCK       ; 0.000        ; 0.073      ; 1.879      ;
; 1.635 ; state.lleno              ; DATA_OUT[5]~reg0         ; CLOCK        ; CLOCK       ; 0.000        ; 0.073      ; 1.879      ;
; 1.635 ; state.lleno              ; DATA_OUT[4]~reg0         ; CLOCK        ; CLOCK       ; 0.000        ; 0.073      ; 1.879      ;
; 1.635 ; state.lleno              ; DATA_OUT[3]~reg0         ; CLOCK        ; CLOCK       ; 0.000        ; 0.073      ; 1.879      ;
; 1.635 ; state.lleno              ; DATA_OUT[2]~reg0         ; CLOCK        ; CLOCK       ; 0.000        ; 0.073      ; 1.879      ;
; 1.635 ; state.lleno              ; DATA_OUT[1]~reg0         ; CLOCK        ; CLOCK       ; 0.000        ; 0.073      ; 1.879      ;
; 1.635 ; state.lleno              ; DATA_OUT[0]~reg0         ; CLOCK        ; CLOCK       ; 0.000        ; 0.073      ; 1.879      ;
; 1.668 ; state.otros              ; DATA_OUT[7]~reg0         ; CLOCK        ; CLOCK       ; 0.000        ; 0.073      ; 1.912      ;
; 1.668 ; state.otros              ; DATA_OUT[6]~reg0         ; CLOCK        ; CLOCK       ; 0.000        ; 0.073      ; 1.912      ;
; 1.668 ; state.otros              ; DATA_OUT[5]~reg0         ; CLOCK        ; CLOCK       ; 0.000        ; 0.073      ; 1.912      ;
; 1.668 ; state.otros              ; DATA_OUT[4]~reg0         ; CLOCK        ; CLOCK       ; 0.000        ; 0.073      ; 1.912      ;
; 1.668 ; state.otros              ; DATA_OUT[3]~reg0         ; CLOCK        ; CLOCK       ; 0.000        ; 0.073      ; 1.912      ;
; 1.668 ; state.otros              ; DATA_OUT[2]~reg0         ; CLOCK        ; CLOCK       ; 0.000        ; 0.073      ; 1.912      ;
; 1.668 ; state.otros              ; DATA_OUT[1]~reg0         ; CLOCK        ; CLOCK       ; 0.000        ; 0.073      ; 1.912      ;
; 1.668 ; state.otros              ; DATA_OUT[0]~reg0         ; CLOCK        ; CLOCK       ; 0.000        ; 0.073      ; 1.912      ;
; 1.720 ; counter:counter|COUNT[0] ; state.otros              ; CLOCK        ; CLOCK       ; 0.000        ; 0.073      ; 1.964      ;
+-------+--------------------------+--------------------------+--------------+-------------+--------------+------------+------------+


----------------------------------------------
; Slow 1200mV 0C Model Metastability Summary ;
----------------------------------------------
No synchronizer chains to report.


+------------------------------------+
; Fast 1200mV 0C Model Setup Summary ;
+-------+--------+-------------------+
; Clock ; Slack  ; End Point TNS     ;
+-------+--------+-------------------+
; CLOCK ; -0.248 ; -1.551            ;
+-------+--------+-------------------+


+-----------------------------------+
; Fast 1200mV 0C Model Hold Summary ;
+-------+-------+-------------------+
; Clock ; Slack ; End Point TNS     ;
+-------+-------+-------------------+
; CLOCK ; 0.204 ; 0.000             ;
+-------+-------+-------------------+


-----------------------------------------
; Fast 1200mV 0C Model Recovery Summary ;
-----------------------------------------
No paths to report.


----------------------------------------
; Fast 1200mV 0C Model Removal Summary ;
----------------------------------------
No paths to report.


+--------------------------------------------------+
; Fast 1200mV 0C Model Minimum Pulse Width Summary ;
+-------+--------+---------------------------------+
; Clock ; Slack  ; End Point TNS                   ;
+-------+--------+---------------------------------+
; CLOCK ; -3.000 ; -29.582                         ;
+-------+--------+---------------------------------+


+------------------------------------------------------------------------------------------------------------------------------------+
; Fast 1200mV 0C Model Setup: 'CLOCK'                                                                                                ;
+--------+--------------------------+--------------------------+--------------+-------------+--------------+------------+------------+
; Slack  ; From Node                ; To Node                  ; Launch Clock ; Latch Clock ; Relationship ; Clock Skew ; Data Delay ;
+--------+--------------------------+--------------------------+--------------+-------------+--------------+------------+------------+
; -0.248 ; state.otros              ; USE_DW[4]~reg0           ; CLOCK        ; CLOCK       ; 1.000        ; -0.042     ; 1.193      ;
; -0.247 ; counter:counter|COUNT[0] ; state.otros              ; CLOCK        ; CLOCK       ; 1.000        ; -0.042     ; 1.192      ;
; -0.184 ; state.otros              ; USE_DW[3]~reg0           ; CLOCK        ; CLOCK       ; 1.000        ; -0.042     ; 1.129      ;
; -0.180 ; state.otros              ; USE_DW[2]~reg0           ; CLOCK        ; CLOCK       ; 1.000        ; -0.042     ; 1.125      ;
; -0.163 ; state.lleno              ; USE_DW[4]~reg0           ; CLOCK        ; CLOCK       ; 1.000        ; -0.042     ; 1.108      ;
; -0.136 ; counter:counter|COUNT[4] ; state.otros              ; CLOCK        ; CLOCK       ; 1.000        ; -0.042     ; 1.081      ;
; -0.099 ; state.lleno              ; USE_DW[3]~reg0           ; CLOCK        ; CLOCK       ; 1.000        ; -0.042     ; 1.044      ;
; -0.095 ; state.lleno              ; USE_DW[2]~reg0           ; CLOCK        ; CLOCK       ; 1.000        ; -0.042     ; 1.040      ;
; -0.093 ; counter:counter|COUNT[1] ; state.otros              ; CLOCK        ; CLOCK       ; 1.000        ; -0.042     ; 1.038      ;
; -0.083 ; counter:counter|COUNT[3] ; state.otros              ; CLOCK        ; CLOCK       ; 1.000        ; -0.042     ; 1.028      ;
; -0.079 ; UP_DN                    ; counter:counter|COUNT[4] ; CLOCK        ; CLOCK       ; 1.000        ; -0.042     ; 1.024      ;
; -0.075 ; UP_DN                    ; counter:counter|COUNT[3] ; CLOCK        ; CLOCK       ; 1.000        ; -0.042     ; 1.020      ;
; -0.059 ; state.otros              ; DATA_OUT[7]~reg0         ; CLOCK        ; CLOCK       ; 1.000        ; -0.041     ; 1.005      ;
; -0.059 ; state.otros              ; DATA_OUT[6]~reg0         ; CLOCK        ; CLOCK       ; 1.000        ; -0.041     ; 1.005      ;
; -0.059 ; state.otros              ; DATA_OUT[5]~reg0         ; CLOCK        ; CLOCK       ; 1.000        ; -0.041     ; 1.005      ;
; -0.059 ; state.otros              ; DATA_OUT[4]~reg0         ; CLOCK        ; CLOCK       ; 1.000        ; -0.041     ; 1.005      ;
; -0.059 ; state.otros              ; DATA_OUT[3]~reg0         ; CLOCK        ; CLOCK       ; 1.000        ; -0.041     ; 1.005      ;
; -0.059 ; state.otros              ; DATA_OUT[2]~reg0         ; CLOCK        ; CLOCK       ; 1.000        ; -0.041     ; 1.005      ;
; -0.059 ; state.otros              ; DATA_OUT[1]~reg0         ; CLOCK        ; CLOCK       ; 1.000        ; -0.041     ; 1.005      ;
; -0.059 ; state.otros              ; DATA_OUT[0]~reg0         ; CLOCK        ; CLOCK       ; 1.000        ; -0.041     ; 1.005      ;
; -0.031 ; counter:counter|COUNT[0] ; state.lleno              ; CLOCK        ; CLOCK       ; 1.000        ; -0.042     ; 0.976      ;
; -0.031 ; USE_DW[1]~reg0           ; USE_DW[4]~reg0           ; CLOCK        ; CLOCK       ; 1.000        ; -0.042     ; 0.976      ;
; -0.027 ; state.lleno              ; DATA_OUT[7]~reg0         ; CLOCK        ; CLOCK       ; 1.000        ; -0.041     ; 0.973      ;
; -0.027 ; state.lleno              ; DATA_OUT[6]~reg0         ; CLOCK        ; CLOCK       ; 1.000        ; -0.041     ; 0.973      ;
; -0.027 ; state.lleno              ; DATA_OUT[5]~reg0         ; CLOCK        ; CLOCK       ; 1.000        ; -0.041     ; 0.973      ;
; -0.027 ; state.lleno              ; DATA_OUT[4]~reg0         ; CLOCK        ; CLOCK       ; 1.000        ; -0.041     ; 0.973      ;
; -0.027 ; state.lleno              ; DATA_OUT[3]~reg0         ; CLOCK        ; CLOCK       ; 1.000        ; -0.041     ; 0.973      ;
; -0.027 ; state.lleno              ; DATA_OUT[2]~reg0         ; CLOCK        ; CLOCK       ; 1.000        ; -0.041     ; 0.973      ;
; -0.027 ; state.lleno              ; DATA_OUT[1]~reg0         ; CLOCK        ; CLOCK       ; 1.000        ; -0.041     ; 0.973      ;
; -0.027 ; state.lleno              ; DATA_OUT[0]~reg0         ; CLOCK        ; CLOCK       ; 1.000        ; -0.041     ; 0.973      ;
; -0.017 ; counter:counter|COUNT[0] ; state.vacio              ; CLOCK        ; CLOCK       ; 1.000        ; -0.042     ; 0.962      ;
; -0.009 ; state.lleno              ; USE_DW[1]~reg0           ; CLOCK        ; CLOCK       ; 1.000        ; -0.042     ; 0.954      ;
; -0.009 ; state.lleno              ; USE_DW[0]~reg0           ; CLOCK        ; CLOCK       ; 1.000        ; -0.042     ; 0.954      ;
; 0.008  ; state.otros              ; state.otros              ; CLOCK        ; CLOCK       ; 1.000        ; -0.042     ; 0.937      ;
; 0.018  ; counter:counter|COUNT[2] ; state.otros              ; CLOCK        ; CLOCK       ; 1.000        ; -0.042     ; 0.927      ;
; 0.019  ; state.otros              ; count_en                 ; CLOCK        ; CLOCK       ; 1.000        ; -0.042     ; 0.926      ;
; 0.033  ; USE_DW[1]~reg0           ; USE_DW[3]~reg0           ; CLOCK        ; CLOCK       ; 1.000        ; -0.042     ; 0.912      ;
; 0.037  ; USE_DW[1]~reg0           ; USE_DW[2]~reg0           ; CLOCK        ; CLOCK       ; 1.000        ; -0.042     ; 0.908      ;
; 0.046  ; counter:counter|COUNT[1] ; counter:counter|COUNT[4] ; CLOCK        ; CLOCK       ; 1.000        ; -0.042     ; 0.899      ;
; 0.062  ; state.lleno              ; state.otros              ; CLOCK        ; CLOCK       ; 1.000        ; -0.042     ; 0.883      ;
; 0.071  ; counter:counter|COUNT[3] ; state.lleno              ; CLOCK        ; CLOCK       ; 1.000        ; -0.042     ; 0.874      ;
; 0.076  ; state.otros              ; USE_DW[1]~reg0           ; CLOCK        ; CLOCK       ; 1.000        ; -0.042     ; 0.869      ;
; 0.076  ; state.otros              ; USE_DW[0]~reg0           ; CLOCK        ; CLOCK       ; 1.000        ; -0.042     ; 0.869      ;
; 0.087  ; counter:counter|COUNT[0] ; counter:counter|COUNT[4] ; CLOCK        ; CLOCK       ; 1.000        ; -0.042     ; 0.858      ;
; 0.089  ; USE_DW[0]~reg0           ; USE_DW[4]~reg0           ; CLOCK        ; CLOCK       ; 1.000        ; -0.042     ; 0.856      ;
; 0.102  ; counter:counter|COUNT[3] ; counter:counter|COUNT[4] ; CLOCK        ; CLOCK       ; 1.000        ; -0.042     ; 0.843      ;
; 0.108  ; counter:counter|COUNT[1] ; state.lleno              ; CLOCK        ; CLOCK       ; 1.000        ; -0.042     ; 0.837      ;
; 0.109  ; counter:counter|COUNT[4] ; state.vacio              ; CLOCK        ; CLOCK       ; 1.000        ; -0.042     ; 0.836      ;
; 0.110  ; counter:counter|COUNT[1] ; counter:counter|COUNT[3] ; CLOCK        ; CLOCK       ; 1.000        ; -0.042     ; 0.835      ;
; 0.113  ; USE_DW[3]~reg0           ; USE_DW[4]~reg0           ; CLOCK        ; CLOCK       ; 1.000        ; -0.042     ; 0.832      ;
; 0.114  ; counter:counter|COUNT[1] ; counter:counter|COUNT[2] ; CLOCK        ; CLOCK       ; 1.000        ; -0.042     ; 0.831      ;
; 0.119  ; USE_DW[0]~reg0           ; USE_DW[3]~reg0           ; CLOCK        ; CLOCK       ; 1.000        ; -0.042     ; 0.826      ;
; 0.120  ; counter:counter|COUNT[0] ; counter:counter|COUNT[3] ; CLOCK        ; CLOCK       ; 1.000        ; -0.042     ; 0.825      ;
; 0.142  ; counter:counter|COUNT[4] ; state.lleno              ; CLOCK        ; CLOCK       ; 1.000        ; -0.042     ; 0.803      ;
; 0.152  ; counter:counter|COUNT[1] ; state.vacio              ; CLOCK        ; CLOCK       ; 1.000        ; -0.042     ; 0.793      ;
; 0.155  ; counter:counter|COUNT[2] ; counter:counter|COUNT[4] ; CLOCK        ; CLOCK       ; 1.000        ; -0.042     ; 0.790      ;
; 0.155  ; counter:counter|COUNT[0] ; counter:counter|COUNT[2] ; CLOCK        ; CLOCK       ; 1.000        ; -0.042     ; 0.790      ;
; 0.157  ; USE_DW[2]~reg0           ; USE_DW[4]~reg0           ; CLOCK        ; CLOCK       ; 1.000        ; -0.042     ; 0.788      ;
; 0.157  ; USE_DW[0]~reg0           ; USE_DW[2]~reg0           ; CLOCK        ; CLOCK       ; 1.000        ; -0.042     ; 0.788      ;
; 0.162  ; state.vacio              ; state.vacio              ; CLOCK        ; CLOCK       ; 1.000        ; -0.042     ; 0.783      ;
; 0.176  ; state.lleno              ; count_en                 ; CLOCK        ; CLOCK       ; 1.000        ; -0.042     ; 0.769      ;
; 0.180  ; UP_DN                    ; counter:counter|COUNT[2] ; CLOCK        ; CLOCK       ; 1.000        ; -0.042     ; 0.765      ;
; 0.186  ; counter:counter|COUNT[3] ; state.vacio              ; CLOCK        ; CLOCK       ; 1.000        ; -0.042     ; 0.759      ;
; 0.187  ; USE_DW[2]~reg0           ; USE_DW[3]~reg0           ; CLOCK        ; CLOCK       ; 1.000        ; -0.042     ; 0.758      ;
; 0.187  ; USE_DW[0]~reg0           ; USE_DW[1]~reg0           ; CLOCK        ; CLOCK       ; 1.000        ; -0.042     ; 0.758      ;
; 0.188  ; counter:counter|COUNT[0] ; counter:counter|COUNT[1] ; CLOCK        ; CLOCK       ; 1.000        ; -0.042     ; 0.757      ;
; 0.189  ; counter:counter|COUNT[2] ; counter:counter|COUNT[3] ; CLOCK        ; CLOCK       ; 1.000        ; -0.042     ; 0.756      ;
; 0.192  ; state.otros              ; state.vacio              ; CLOCK        ; CLOCK       ; 1.000        ; -0.042     ; 0.753      ;
; 0.202  ; state.lleno              ; state.lleno              ; CLOCK        ; CLOCK       ; 1.000        ; -0.042     ; 0.743      ;
; 0.207  ; counter:counter|COUNT[2] ; state.lleno              ; CLOCK        ; CLOCK       ; 1.000        ; -0.042     ; 0.738      ;
; 0.263  ; counter:counter|COUNT[2] ; state.vacio              ; CLOCK        ; CLOCK       ; 1.000        ; -0.042     ; 0.682      ;
; 0.275  ; state.otros              ; state.lleno              ; CLOCK        ; CLOCK       ; 1.000        ; -0.042     ; 0.670      ;
; 0.321  ; USE_DW[1]~reg0           ; USE_DW[1]~reg0           ; CLOCK        ; CLOCK       ; 1.000        ; -0.042     ; 0.624      ;
; 0.337  ; state.vacio              ; DATA_OUT[2]~reg0         ; CLOCK        ; CLOCK       ; 1.000        ; -0.041     ; 0.609      ;
; 0.338  ; state.vacio              ; DATA_OUT[7]~reg0         ; CLOCK        ; CLOCK       ; 1.000        ; -0.041     ; 0.608      ;
; 0.338  ; state.vacio              ; DATA_OUT[4]~reg0         ; CLOCK        ; CLOCK       ; 1.000        ; -0.041     ; 0.608      ;
; 0.339  ; state.vacio              ; DATA_OUT[6]~reg0         ; CLOCK        ; CLOCK       ; 1.000        ; -0.041     ; 0.607      ;
; 0.340  ; state.vacio              ; DATA_OUT[5]~reg0         ; CLOCK        ; CLOCK       ; 1.000        ; -0.041     ; 0.606      ;
; 0.340  ; state.vacio              ; DATA_OUT[3]~reg0         ; CLOCK        ; CLOCK       ; 1.000        ; -0.041     ; 0.606      ;
; 0.340  ; state.vacio              ; DATA_OUT[0]~reg0         ; CLOCK        ; CLOCK       ; 1.000        ; -0.041     ; 0.606      ;
; 0.341  ; state.vacio              ; DATA_OUT[1]~reg0         ; CLOCK        ; CLOCK       ; 1.000        ; -0.041     ; 0.605      ;
; 0.346  ; state.lleno              ; F_FULL_N~reg0            ; CLOCK        ; CLOCK       ; 1.000        ; -0.042     ; 0.599      ;
; 0.349  ; state.lleno              ; UP_DN                    ; CLOCK        ; CLOCK       ; 1.000        ; -0.042     ; 0.596      ;
; 0.358  ; count_en                 ; counter:counter|COUNT[2] ; CLOCK        ; CLOCK       ; 1.000        ; -0.042     ; 0.587      ;
; 0.358  ; count_en                 ; counter:counter|COUNT[3] ; CLOCK        ; CLOCK       ; 1.000        ; -0.042     ; 0.587      ;
; 0.358  ; count_en                 ; counter:counter|COUNT[4] ; CLOCK        ; CLOCK       ; 1.000        ; -0.042     ; 0.587      ;
; 0.358  ; count_en                 ; counter:counter|COUNT[1] ; CLOCK        ; CLOCK       ; 1.000        ; -0.042     ; 0.587      ;
; 0.358  ; count_en                 ; counter:counter|COUNT[0] ; CLOCK        ; CLOCK       ; 1.000        ; -0.042     ; 0.587      ;
; 0.374  ; USE_DW[4]~reg0           ; USE_DW[4]~reg0           ; CLOCK        ; CLOCK       ; 1.000        ; -0.042     ; 0.571      ;
; 0.382  ; UP_DN                    ; counter:counter|COUNT[1] ; CLOCK        ; CLOCK       ; 1.000        ; -0.042     ; 0.563      ;
; 0.390  ; counter:counter|COUNT[0] ; counter:counter|COUNT[0] ; CLOCK        ; CLOCK       ; 1.000        ; -0.042     ; 0.555      ;
; 0.391  ; counter:counter|COUNT[2] ; counter:counter|COUNT[2] ; CLOCK        ; CLOCK       ; 1.000        ; -0.042     ; 0.554      ;
; 0.393  ; USE_DW[0]~reg0           ; USE_DW[0]~reg0           ; CLOCK        ; CLOCK       ; 1.000        ; -0.042     ; 0.552      ;
; 0.395  ; counter:counter|COUNT[3] ; counter:counter|COUNT[3] ; CLOCK        ; CLOCK       ; 1.000        ; -0.042     ; 0.550      ;
; 0.397  ; USE_DW[3]~reg0           ; USE_DW[3]~reg0           ; CLOCK        ; CLOCK       ; 1.000        ; -0.042     ; 0.548      ;
; 0.401  ; state.vacio              ; F_EMPTY_N~reg0           ; CLOCK        ; CLOCK       ; 1.000        ; -0.042     ; 0.544      ;
; 0.406  ; counter:counter|COUNT[1] ; counter:counter|COUNT[1] ; CLOCK        ; CLOCK       ; 1.000        ; -0.042     ; 0.539      ;
; 0.407  ; USE_DW[2]~reg0           ; USE_DW[2]~reg0           ; CLOCK        ; CLOCK       ; 1.000        ; -0.042     ; 0.538      ;
; 0.554  ; counter:counter|COUNT[4] ; counter:counter|COUNT[4] ; CLOCK        ; CLOCK       ; 1.000        ; -0.042     ; 0.391      ;
+--------+--------------------------+--------------------------+--------------+-------------+--------------+------------+------------+


+-----------------------------------------------------------------------------------------------------------------------------------+
; Fast 1200mV 0C Model Hold: 'CLOCK'                                                                                                ;
+-------+--------------------------+--------------------------+--------------+-------------+--------------+------------+------------+
; Slack ; From Node                ; To Node                  ; Launch Clock ; Latch Clock ; Relationship ; Clock Skew ; Data Delay ;
+-------+--------------------------+--------------------------+--------------+-------------+--------------+------------+------------+
; 0.204 ; counter:counter|COUNT[4] ; counter:counter|COUNT[4] ; CLOCK        ; CLOCK       ; 0.000        ; 0.042      ; 0.330      ;
; 0.296 ; counter:counter|COUNT[1] ; counter:counter|COUNT[1] ; CLOCK        ; CLOCK       ; 0.000        ; 0.042      ; 0.422      ;
; 0.299 ; counter:counter|COUNT[2] ; counter:counter|COUNT[2] ; CLOCK        ; CLOCK       ; 0.000        ; 0.042      ; 0.425      ;
; 0.300 ; USE_DW[3]~reg0           ; USE_DW[3]~reg0           ; CLOCK        ; CLOCK       ; 0.000        ; 0.042      ; 0.426      ;
; 0.301 ; USE_DW[2]~reg0           ; USE_DW[2]~reg0           ; CLOCK        ; CLOCK       ; 0.000        ; 0.042      ; 0.427      ;
; 0.305 ; state.vacio              ; F_EMPTY_N~reg0           ; CLOCK        ; CLOCK       ; 0.000        ; 0.042      ; 0.431      ;
; 0.305 ; counter:counter|COUNT[3] ; counter:counter|COUNT[3] ; CLOCK        ; CLOCK       ; 0.000        ; 0.042      ; 0.431      ;
; 0.307 ; UP_DN                    ; counter:counter|COUNT[4] ; CLOCK        ; CLOCK       ; 0.000        ; 0.042      ; 0.433      ;
; 0.307 ; UP_DN                    ; counter:counter|COUNT[1] ; CLOCK        ; CLOCK       ; 0.000        ; 0.042      ; 0.433      ;
; 0.308 ; counter:counter|COUNT[0] ; counter:counter|COUNT[0] ; CLOCK        ; CLOCK       ; 0.000        ; 0.042      ; 0.434      ;
; 0.312 ; USE_DW[0]~reg0           ; USE_DW[0]~reg0           ; CLOCK        ; CLOCK       ; 0.000        ; 0.042      ; 0.438      ;
; 0.357 ; USE_DW[4]~reg0           ; USE_DW[4]~reg0           ; CLOCK        ; CLOCK       ; 0.000        ; 0.042      ; 0.483      ;
; 0.360 ; USE_DW[1]~reg0           ; USE_DW[1]~reg0           ; CLOCK        ; CLOCK       ; 0.000        ; 0.042      ; 0.486      ;
; 0.382 ; state.lleno              ; F_FULL_N~reg0            ; CLOCK        ; CLOCK       ; 0.000        ; 0.042      ; 0.508      ;
; 0.387 ; state.lleno              ; UP_DN                    ; CLOCK        ; CLOCK       ; 0.000        ; 0.042      ; 0.513      ;
; 0.397 ; state.vacio              ; DATA_OUT[3]~reg0         ; CLOCK        ; CLOCK       ; 0.000        ; 0.043      ; 0.524      ;
; 0.397 ; state.vacio              ; DATA_OUT[1]~reg0         ; CLOCK        ; CLOCK       ; 0.000        ; 0.043      ; 0.524      ;
; 0.397 ; state.vacio              ; DATA_OUT[0]~reg0         ; CLOCK        ; CLOCK       ; 0.000        ; 0.043      ; 0.524      ;
; 0.398 ; state.vacio              ; DATA_OUT[6]~reg0         ; CLOCK        ; CLOCK       ; 0.000        ; 0.043      ; 0.525      ;
; 0.398 ; state.vacio              ; DATA_OUT[5]~reg0         ; CLOCK        ; CLOCK       ; 0.000        ; 0.043      ; 0.525      ;
; 0.399 ; state.vacio              ; DATA_OUT[7]~reg0         ; CLOCK        ; CLOCK       ; 0.000        ; 0.043      ; 0.526      ;
; 0.399 ; state.vacio              ; DATA_OUT[4]~reg0         ; CLOCK        ; CLOCK       ; 0.000        ; 0.043      ; 0.526      ;
; 0.401 ; state.vacio              ; DATA_OUT[2]~reg0         ; CLOCK        ; CLOCK       ; 0.000        ; 0.043      ; 0.528      ;
; 0.445 ; counter:counter|COUNT[1] ; counter:counter|COUNT[2] ; CLOCK        ; CLOCK       ; 0.000        ; 0.042      ; 0.571      ;
; 0.448 ; state.otros              ; state.lleno              ; CLOCK        ; CLOCK       ; 0.000        ; 0.042      ; 0.574      ;
; 0.448 ; USE_DW[3]~reg0           ; USE_DW[4]~reg0           ; CLOCK        ; CLOCK       ; 0.000        ; 0.042      ; 0.574      ;
; 0.454 ; counter:counter|COUNT[3] ; counter:counter|COUNT[4] ; CLOCK        ; CLOCK       ; 0.000        ; 0.042      ; 0.580      ;
; 0.457 ; counter:counter|COUNT[0] ; counter:counter|COUNT[1] ; CLOCK        ; CLOCK       ; 0.000        ; 0.042      ; 0.583      ;
; 0.457 ; counter:counter|COUNT[2] ; counter:counter|COUNT[3] ; CLOCK        ; CLOCK       ; 0.000        ; 0.042      ; 0.583      ;
; 0.459 ; USE_DW[0]~reg0           ; USE_DW[1]~reg0           ; CLOCK        ; CLOCK       ; 0.000        ; 0.042      ; 0.585      ;
; 0.460 ; USE_DW[2]~reg0           ; USE_DW[3]~reg0           ; CLOCK        ; CLOCK       ; 0.000        ; 0.042      ; 0.586      ;
; 0.460 ; counter:counter|COUNT[0] ; counter:counter|COUNT[2] ; CLOCK        ; CLOCK       ; 0.000        ; 0.042      ; 0.586      ;
; 0.460 ; counter:counter|COUNT[2] ; counter:counter|COUNT[4] ; CLOCK        ; CLOCK       ; 0.000        ; 0.042      ; 0.586      ;
; 0.462 ; USE_DW[0]~reg0           ; USE_DW[2]~reg0           ; CLOCK        ; CLOCK       ; 0.000        ; 0.042      ; 0.588      ;
; 0.463 ; state.lleno              ; state.lleno              ; CLOCK        ; CLOCK       ; 0.000        ; 0.042      ; 0.589      ;
; 0.463 ; USE_DW[2]~reg0           ; USE_DW[4]~reg0           ; CLOCK        ; CLOCK       ; 0.000        ; 0.042      ; 0.589      ;
; 0.466 ; UP_DN                    ; counter:counter|COUNT[2] ; CLOCK        ; CLOCK       ; 0.000        ; 0.042      ; 0.592      ;
; 0.467 ; UP_DN                    ; counter:counter|COUNT[3] ; CLOCK        ; CLOCK       ; 0.000        ; 0.042      ; 0.593      ;
; 0.477 ; count_en                 ; counter:counter|COUNT[2] ; CLOCK        ; CLOCK       ; 0.000        ; 0.042      ; 0.603      ;
; 0.477 ; count_en                 ; counter:counter|COUNT[3] ; CLOCK        ; CLOCK       ; 0.000        ; 0.042      ; 0.603      ;
; 0.477 ; count_en                 ; counter:counter|COUNT[4] ; CLOCK        ; CLOCK       ; 0.000        ; 0.042      ; 0.603      ;
; 0.477 ; count_en                 ; counter:counter|COUNT[1] ; CLOCK        ; CLOCK       ; 0.000        ; 0.042      ; 0.603      ;
; 0.477 ; count_en                 ; counter:counter|COUNT[0] ; CLOCK        ; CLOCK       ; 0.000        ; 0.042      ; 0.603      ;
; 0.478 ; state.lleno              ; USE_DW[1]~reg0           ; CLOCK        ; CLOCK       ; 0.000        ; 0.042      ; 0.604      ;
; 0.479 ; state.lleno              ; USE_DW[3]~reg0           ; CLOCK        ; CLOCK       ; 0.000        ; 0.042      ; 0.605      ;
; 0.494 ; counter:counter|COUNT[2] ; state.lleno              ; CLOCK        ; CLOCK       ; 0.000        ; 0.042      ; 0.620      ;
; 0.508 ; counter:counter|COUNT[1] ; counter:counter|COUNT[3] ; CLOCK        ; CLOCK       ; 0.000        ; 0.042      ; 0.634      ;
; 0.508 ; USE_DW[1]~reg0           ; USE_DW[2]~reg0           ; CLOCK        ; CLOCK       ; 0.000        ; 0.042      ; 0.634      ;
; 0.510 ; counter:counter|COUNT[2] ; state.vacio              ; CLOCK        ; CLOCK       ; 0.000        ; 0.042      ; 0.636      ;
; 0.511 ; counter:counter|COUNT[1] ; counter:counter|COUNT[4] ; CLOCK        ; CLOCK       ; 0.000        ; 0.042      ; 0.637      ;
; 0.515 ; state.otros              ; state.vacio              ; CLOCK        ; CLOCK       ; 0.000        ; 0.042      ; 0.641      ;
; 0.523 ; counter:counter|COUNT[0] ; counter:counter|COUNT[3] ; CLOCK        ; CLOCK       ; 0.000        ; 0.042      ; 0.649      ;
; 0.525 ; USE_DW[0]~reg0           ; USE_DW[3]~reg0           ; CLOCK        ; CLOCK       ; 0.000        ; 0.042      ; 0.651      ;
; 0.526 ; counter:counter|COUNT[0] ; counter:counter|COUNT[4] ; CLOCK        ; CLOCK       ; 0.000        ; 0.042      ; 0.652      ;
; 0.528 ; USE_DW[0]~reg0           ; USE_DW[4]~reg0           ; CLOCK        ; CLOCK       ; 0.000        ; 0.042      ; 0.654      ;
; 0.533 ; state.lleno              ; count_en                 ; CLOCK        ; CLOCK       ; 0.000        ; 0.042      ; 0.659      ;
; 0.544 ; state.lleno              ; USE_DW[2]~reg0           ; CLOCK        ; CLOCK       ; 0.000        ; 0.042      ; 0.670      ;
; 0.544 ; counter:counter|COUNT[4] ; state.lleno              ; CLOCK        ; CLOCK       ; 0.000        ; 0.042      ; 0.670      ;
; 0.545 ; state.lleno              ; USE_DW[4]~reg0           ; CLOCK        ; CLOCK       ; 0.000        ; 0.042      ; 0.671      ;
; 0.550 ; state.otros              ; USE_DW[1]~reg0           ; CLOCK        ; CLOCK       ; 0.000        ; 0.042      ; 0.676      ;
; 0.550 ; state.vacio              ; state.vacio              ; CLOCK        ; CLOCK       ; 0.000        ; 0.042      ; 0.676      ;
; 0.551 ; state.otros              ; USE_DW[3]~reg0           ; CLOCK        ; CLOCK       ; 0.000        ; 0.042      ; 0.677      ;
; 0.562 ; state.lleno              ; state.otros              ; CLOCK        ; CLOCK       ; 0.000        ; 0.042      ; 0.688      ;
; 0.569 ; state.lleno              ; USE_DW[0]~reg0           ; CLOCK        ; CLOCK       ; 0.000        ; 0.042      ; 0.695      ;
; 0.571 ; USE_DW[1]~reg0           ; USE_DW[3]~reg0           ; CLOCK        ; CLOCK       ; 0.000        ; 0.042      ; 0.697      ;
; 0.572 ; counter:counter|COUNT[3] ; state.vacio              ; CLOCK        ; CLOCK       ; 0.000        ; 0.042      ; 0.698      ;
; 0.574 ; state.otros              ; state.otros              ; CLOCK        ; CLOCK       ; 0.000        ; 0.042      ; 0.700      ;
; 0.574 ; USE_DW[1]~reg0           ; USE_DW[4]~reg0           ; CLOCK        ; CLOCK       ; 0.000        ; 0.042      ; 0.700      ;
; 0.588 ; counter:counter|COUNT[1] ; state.lleno              ; CLOCK        ; CLOCK       ; 0.000        ; 0.042      ; 0.714      ;
; 0.606 ; counter:counter|COUNT[3] ; state.lleno              ; CLOCK        ; CLOCK       ; 0.000        ; 0.042      ; 0.732      ;
; 0.616 ; state.otros              ; USE_DW[2]~reg0           ; CLOCK        ; CLOCK       ; 0.000        ; 0.042      ; 0.742      ;
; 0.617 ; state.otros              ; USE_DW[4]~reg0           ; CLOCK        ; CLOCK       ; 0.000        ; 0.042      ; 0.743      ;
; 0.621 ; counter:counter|COUNT[1] ; state.vacio              ; CLOCK        ; CLOCK       ; 0.000        ; 0.042      ; 0.747      ;
; 0.633 ; counter:counter|COUNT[4] ; state.vacio              ; CLOCK        ; CLOCK       ; 0.000        ; 0.042      ; 0.759      ;
; 0.664 ; counter:counter|COUNT[2] ; state.otros              ; CLOCK        ; CLOCK       ; 0.000        ; 0.042      ; 0.790      ;
; 0.685 ; state.otros              ; count_en                 ; CLOCK        ; CLOCK       ; 0.000        ; 0.042      ; 0.811      ;
; 0.690 ; counter:counter|COUNT[0] ; state.lleno              ; CLOCK        ; CLOCK       ; 0.000        ; 0.042      ; 0.816      ;
; 0.714 ; counter:counter|COUNT[4] ; state.otros              ; CLOCK        ; CLOCK       ; 0.000        ; 0.042      ; 0.840      ;
; 0.715 ; counter:counter|COUNT[0] ; state.vacio              ; CLOCK        ; CLOCK       ; 0.000        ; 0.042      ; 0.841      ;
; 0.721 ; state.otros              ; USE_DW[0]~reg0           ; CLOCK        ; CLOCK       ; 0.000        ; 0.042      ; 0.847      ;
; 0.758 ; counter:counter|COUNT[1] ; state.otros              ; CLOCK        ; CLOCK       ; 0.000        ; 0.042      ; 0.884      ;
; 0.776 ; counter:counter|COUNT[3] ; state.otros              ; CLOCK        ; CLOCK       ; 0.000        ; 0.042      ; 0.902      ;
; 0.801 ; state.lleno              ; DATA_OUT[7]~reg0         ; CLOCK        ; CLOCK       ; 0.000        ; 0.043      ; 0.928      ;
; 0.801 ; state.lleno              ; DATA_OUT[6]~reg0         ; CLOCK        ; CLOCK       ; 0.000        ; 0.043      ; 0.928      ;
; 0.801 ; state.lleno              ; DATA_OUT[5]~reg0         ; CLOCK        ; CLOCK       ; 0.000        ; 0.043      ; 0.928      ;
; 0.801 ; state.lleno              ; DATA_OUT[4]~reg0         ; CLOCK        ; CLOCK       ; 0.000        ; 0.043      ; 0.928      ;
; 0.801 ; state.lleno              ; DATA_OUT[3]~reg0         ; CLOCK        ; CLOCK       ; 0.000        ; 0.043      ; 0.928      ;
; 0.801 ; state.lleno              ; DATA_OUT[2]~reg0         ; CLOCK        ; CLOCK       ; 0.000        ; 0.043      ; 0.928      ;
; 0.801 ; state.lleno              ; DATA_OUT[1]~reg0         ; CLOCK        ; CLOCK       ; 0.000        ; 0.043      ; 0.928      ;
; 0.801 ; state.lleno              ; DATA_OUT[0]~reg0         ; CLOCK        ; CLOCK       ; 0.000        ; 0.043      ; 0.928      ;
; 0.839 ; state.otros              ; DATA_OUT[7]~reg0         ; CLOCK        ; CLOCK       ; 0.000        ; 0.043      ; 0.966      ;
; 0.839 ; state.otros              ; DATA_OUT[6]~reg0         ; CLOCK        ; CLOCK       ; 0.000        ; 0.043      ; 0.966      ;
; 0.839 ; state.otros              ; DATA_OUT[5]~reg0         ; CLOCK        ; CLOCK       ; 0.000        ; 0.043      ; 0.966      ;
; 0.839 ; state.otros              ; DATA_OUT[4]~reg0         ; CLOCK        ; CLOCK       ; 0.000        ; 0.043      ; 0.966      ;
; 0.839 ; state.otros              ; DATA_OUT[3]~reg0         ; CLOCK        ; CLOCK       ; 0.000        ; 0.043      ; 0.966      ;
; 0.839 ; state.otros              ; DATA_OUT[2]~reg0         ; CLOCK        ; CLOCK       ; 0.000        ; 0.043      ; 0.966      ;
; 0.839 ; state.otros              ; DATA_OUT[1]~reg0         ; CLOCK        ; CLOCK       ; 0.000        ; 0.043      ; 0.966      ;
; 0.839 ; state.otros              ; DATA_OUT[0]~reg0         ; CLOCK        ; CLOCK       ; 0.000        ; 0.043      ; 0.966      ;
; 0.860 ; counter:counter|COUNT[0] ; state.otros              ; CLOCK        ; CLOCK       ; 0.000        ; 0.042      ; 0.986      ;
+-------+--------------------------+--------------------------+--------------+-------------+--------------+------------+------------+


----------------------------------------------
; Fast 1200mV 0C Model Metastability Summary ;
----------------------------------------------
No synchronizer chains to report.


+-------------------------------------------------------------------------------+
; Multicorner Timing Analysis Summary                                           ;
+------------------+---------+-------+----------+---------+---------------------+
; Clock            ; Setup   ; Hold  ; Recovery ; Removal ; Minimum Pulse Width ;
+------------------+---------+-------+----------+---------+---------------------+
; Worst-case Slack ; -1.590  ; 0.204 ; N/A      ; N/A     ; -3.000              ;
;  CLOCK           ; -1.590  ; 0.204 ; N/A      ; N/A     ; -3.000              ;
; Design-wide TNS  ; -25.562 ; 0.0   ; 0.0      ; 0.0     ; -35.125             ;
;  CLOCK           ; -25.562 ; 0.000 ; N/A      ; N/A     ; -35.125             ;
+------------------+---------+-------+----------+---------+---------------------+


+------------------------------------------------------------------------------------------------------------------------------------------------------------------------------------------------------------------------------------------------------------------------------------------------------------------------------------------------------------------------------------------------------------------+
; Board Trace Model Assignments                                                                                                                                                                                                                                                                                                                                                                                    ;
+---------------+--------------+-------------------+-------------------------+-------------------------+---------------+---------------------+----------------+------------------+--------+------------------+------------------------+------------------------+--------------+---------------+-----------------+-------+---------------------+--------------------+---------------+-----------------+-------------+
; Pin           ; I/O Standard ; Near Tline Length ; Near Tline L per Length ; Near Tline C per Length ; Near Series R ; Near Differential R ; Near Pull-up R ; Near Pull-down R ; Near C ; Far Tline Length ; Far Tline L per Length ; Far Tline C per Length ; Far Series R ; Far Pull-up R ; Far Pull-down R ; Far C ; Termination Voltage ; Far Differential R ; EBD File Name ; EBD Signal Name ; EBD Far-end ;
+---------------+--------------+-------------------+-------------------------+-------------------------+---------------+---------------------+----------------+------------------+--------+------------------+------------------------+------------------------+--------------+---------------+-----------------+-------+---------------------+--------------------+---------------+-----------------+-------------+
; F_EMPTY_N     ; 2.5 V        ; 0 in              ; 0 H/in                  ; 0 F/in                  ; short         ; -                   ; open           ; open             ; open   ; 0 in             ; 0 H/in                 ; 0 F/in                 ; short        ; open          ; open            ; open  ; 0 V                 ; -                  ; n/a           ; n/a             ; n/a         ;
; F_FULL_N      ; 2.5 V        ; 0 in              ; 0 H/in                  ; 0 F/in                  ; short         ; -                   ; open           ; open             ; open   ; 0 in             ; 0 H/in                 ; 0 F/in                 ; short        ; open          ; open            ; open  ; 0 V                 ; -                  ; n/a           ; n/a             ; n/a         ;
; DATA_OUT[0]   ; 2.5 V        ; 0 in              ; 0 H/in                  ; 0 F/in                  ; short         ; -                   ; open           ; open             ; open   ; 0 in             ; 0 H/in                 ; 0 F/in                 ; short        ; open          ; open            ; open  ; 0 V                 ; -                  ; n/a           ; n/a             ; n/a         ;
; DATA_OUT[1]   ; 2.5 V        ; 0 in              ; 0 H/in                  ; 0 F/in                  ; short         ; -                   ; open           ; open             ; open   ; 0 in             ; 0 H/in                 ; 0 F/in                 ; short        ; open          ; open            ; open  ; 0 V                 ; -                  ; n/a           ; n/a             ; n/a         ;
; DATA_OUT[2]   ; 2.5 V        ; 0 in              ; 0 H/in                  ; 0 F/in                  ; short         ; -                   ; open           ; open             ; open   ; 0 in             ; 0 H/in                 ; 0 F/in                 ; short        ; open          ; open            ; open  ; 0 V                 ; -                  ; n/a           ; n/a             ; n/a         ;
; DATA_OUT[3]   ; 2.5 V        ; 0 in              ; 0 H/in                  ; 0 F/in                  ; short         ; -                   ; open           ; open             ; open   ; 0 in             ; 0 H/in                 ; 0 F/in                 ; short        ; open          ; open            ; open  ; 0 V                 ; -                  ; n/a           ; n/a             ; n/a         ;
; DATA_OUT[4]   ; 2.5 V        ; 0 in              ; 0 H/in                  ; 0 F/in                  ; short         ; -                   ; open           ; open             ; open   ; 0 in             ; 0 H/in                 ; 0 F/in                 ; short        ; open          ; open            ; open  ; 0 V                 ; -                  ; n/a           ; n/a             ; n/a         ;
; DATA_OUT[5]   ; 2.5 V        ; 0 in              ; 0 H/in                  ; 0 F/in                  ; short         ; -                   ; open           ; open             ; open   ; 0 in             ; 0 H/in                 ; 0 F/in                 ; short        ; open          ; open            ; open  ; 0 V                 ; -                  ; n/a           ; n/a             ; n/a         ;
; DATA_OUT[6]   ; 2.5 V        ; 0 in              ; 0 H/in                  ; 0 F/in                  ; short         ; -                   ; open           ; open             ; open   ; 0 in             ; 0 H/in                 ; 0 F/in                 ; short        ; open          ; open            ; open  ; 0 V                 ; -                  ; n/a           ; n/a             ; n/a         ;
; DATA_OUT[7]   ; 2.5 V        ; 0 in              ; 0 H/in                  ; 0 F/in                  ; short         ; -                   ; open           ; open             ; open   ; 0 in             ; 0 H/in                 ; 0 F/in                 ; short        ; open          ; open            ; open  ; 0 V                 ; -                  ; n/a           ; n/a             ; n/a         ;
; USE_DW[0]     ; 2.5 V        ; 0 in              ; 0 H/in                  ; 0 F/in                  ; short         ; -                   ; open           ; open             ; open   ; 0 in             ; 0 H/in                 ; 0 F/in                 ; short        ; open          ; open            ; open  ; 0 V                 ; -                  ; n/a           ; n/a             ; n/a         ;
; USE_DW[1]     ; 2.5 V        ; 0 in              ; 0 H/in                  ; 0 F/in                  ; short         ; -                   ; open           ; open             ; open   ; 0 in             ; 0 H/in                 ; 0 F/in                 ; short        ; open          ; open            ; open  ; 0 V                 ; -                  ; n/a           ; n/a             ; n/a         ;
; USE_DW[2]     ; 2.5 V        ; 0 in              ; 0 H/in                  ; 0 F/in                  ; short         ; -                   ; open           ; open             ; open   ; 0 in             ; 0 H/in                 ; 0 F/in                 ; short        ; open          ; open            ; open  ; 0 V                 ; -                  ; n/a           ; n/a             ; n/a         ;
; USE_DW[3]     ; 2.5 V        ; 0 in              ; 0 H/in                  ; 0 F/in                  ; short         ; -                   ; open           ; open             ; open   ; 0 in             ; 0 H/in                 ; 0 F/in                 ; short        ; open          ; open            ; open  ; 0 V                 ; -                  ; n/a           ; n/a             ; n/a         ;
; USE_DW[4]     ; 2.5 V        ; 0 in              ; 0 H/in                  ; 0 F/in                  ; short         ; -                   ; open           ; open             ; open   ; 0 in             ; 0 H/in                 ; 0 F/in                 ; short        ; open          ; open            ; open  ; 0 V                 ; -                  ; n/a           ; n/a             ; n/a         ;
; ~ALTERA_DCLK~ ; 2.5 V        ; 0 in              ; 0 H/in                  ; 0 F/in                  ; short         ; -                   ; open           ; open             ; open   ; 0 in             ; 0 H/in                 ; 0 F/in                 ; short        ; open          ; open            ; open  ; 0 V                 ; -                  ; n/a           ; n/a             ; n/a         ;
; ~ALTERA_nCEO~ ; 2.5 V        ; 0 in              ; 0 H/in                  ; 0 F/in                  ; short         ; -                   ; open           ; open             ; open   ; 0 in             ; 0 H/in                 ; 0 F/in                 ; short        ; open          ; open            ; open  ; 0 V                 ; -                  ; n/a           ; n/a             ; n/a         ;
+---------------+--------------+-------------------+-------------------------+-------------------------+---------------+---------------------+----------------+------------------+--------+------------------+------------------------+------------------------+--------------+---------------+-----------------+-------+---------------------+--------------------+---------------+-----------------+-------------+


+----------------------------------------------------------------------------+
; Input Transition Times                                                     ;
+-------------------------+--------------+-----------------+-----------------+
; Pin                     ; I/O Standard ; 10-90 Rise Time ; 90-10 Fall Time ;
+-------------------------+--------------+-----------------+-----------------+
; CLEAR_N                 ; 2.5 V        ; 2000 ps         ; 2000 ps         ;
; CLOCK                   ; 2.5 V        ; 2000 ps         ; 2000 ps         ;
; RESET_N                 ; 2.5 V        ; 2000 ps         ; 2000 ps         ;
; DATA_IN[0]              ; 2.5 V        ; 2000 ps         ; 2000 ps         ;
; READ                    ; 2.5 V        ; 2000 ps         ; 2000 ps         ;
; WRITE                   ; 2.5 V        ; 2000 ps         ; 2000 ps         ;
; DATA_IN[1]              ; 2.5 V        ; 2000 ps         ; 2000 ps         ;
; DATA_IN[2]              ; 2.5 V        ; 2000 ps         ; 2000 ps         ;
; DATA_IN[3]              ; 2.5 V        ; 2000 ps         ; 2000 ps         ;
; DATA_IN[4]              ; 2.5 V        ; 2000 ps         ; 2000 ps         ;
; DATA_IN[5]              ; 2.5 V        ; 2000 ps         ; 2000 ps         ;
; DATA_IN[6]              ; 2.5 V        ; 2000 ps         ; 2000 ps         ;
; DATA_IN[7]              ; 2.5 V        ; 2000 ps         ; 2000 ps         ;
; ~ALTERA_ASDO_DATA1~     ; 2.5 V        ; 2000 ps         ; 2000 ps         ;
; ~ALTERA_FLASH_nCE_nCSO~ ; 2.5 V        ; 2000 ps         ; 2000 ps         ;
; ~ALTERA_DATA0~          ; 2.5 V        ; 2000 ps         ; 2000 ps         ;
+-------------------------+--------------+-----------------+-----------------+


+--------------------------------------------------------------------------------------------------------------------------------------------------------------------------------------------------------------------------------------------------------------------------------------------------------------------------------------------------------------------------------------------------------------------------------------------------------------------------------------------------------------------------------------------------------------------------------------------------------------------------------------------------------------------------------------------+
; Signal Integrity Metrics (Slow 1200mv 0c Model)                                                                                                                                                                                                                                                                                                                                                                                                                                                                                                                                                                                                                                            ;
+---------------+--------------+---------------------+---------------------+------------------------------+------------------------------+---------------------+---------------------+--------------------------------------+--------------------------------------+-----------------------------+-----------------------------+----------------------------+----------------------------+-----------------------------+-----------------------------+--------------------+--------------------+-------------------------------------+-------------------------------------+----------------------------+----------------------------+---------------------------+---------------------------+
; Pin           ; I/O Standard ; Board Delay on Rise ; Board Delay on Fall ; Steady State Voh at FPGA Pin ; Steady State Vol at FPGA Pin ; Voh Max at FPGA Pin ; Vol Min at FPGA Pin ; Ringback Voltage on Rise at FPGA Pin ; Ringback Voltage on Fall at FPGA Pin ; 10-90 Rise Time at FPGA Pin ; 90-10 Fall Time at FPGA Pin ; Monotonic Rise at FPGA Pin ; Monotonic Fall at FPGA Pin ; Steady State Voh at Far-end ; Steady State Vol at Far-end ; Voh Max at Far-end ; Vol Min at Far-end ; Ringback Voltage on Rise at Far-end ; Ringback Voltage on Fall at Far-end ; 10-90 Rise Time at Far-end ; 90-10 Fall Time at Far-end ; Monotonic Rise at Far-end ; Monotonic Fall at Far-end ;
+---------------+--------------+---------------------+---------------------+------------------------------+------------------------------+---------------------+---------------------+--------------------------------------+--------------------------------------+-----------------------------+-----------------------------+----------------------------+----------------------------+-----------------------------+-----------------------------+--------------------+--------------------+-------------------------------------+-------------------------------------+----------------------------+----------------------------+---------------------------+---------------------------+
; F_EMPTY_N     ; 2.5 V        ; 0 s                 ; 0 s                 ; 2.32 V                       ; 4.49e-09 V                   ; 2.38 V              ; -0.00552 V          ; 0.096 V                              ; 0.019 V                              ; 4.18e-10 s                  ; 3.59e-10 s                  ; No                         ; Yes                        ; 2.32 V                      ; 4.49e-09 V                  ; 2.38 V             ; -0.00552 V         ; 0.096 V                             ; 0.019 V                             ; 4.18e-10 s                 ; 3.59e-10 s                 ; No                        ; Yes                       ;
; F_FULL_N      ; 2.5 V        ; 0 s                 ; 0 s                 ; 2.32 V                       ; 4.49e-09 V                   ; 2.38 V              ; -0.00552 V          ; 0.096 V                              ; 0.019 V                              ; 4.18e-10 s                  ; 3.59e-10 s                  ; No                         ; Yes                        ; 2.32 V                      ; 4.49e-09 V                  ; 2.38 V             ; -0.00552 V         ; 0.096 V                             ; 0.019 V                             ; 4.18e-10 s                 ; 3.59e-10 s                 ; No                        ; Yes                       ;
; DATA_OUT[0]   ; 2.5 V        ; 0 s                 ; 0 s                 ; 2.32 V                       ; 3.07e-09 V                   ; 2.37 V              ; -0.00994 V          ; 0.186 V                              ; 0.028 V                              ; 4.98e-10 s                  ; 4.96e-10 s                  ; Yes                        ; Yes                        ; 2.32 V                      ; 3.07e-09 V                  ; 2.37 V             ; -0.00994 V         ; 0.186 V                             ; 0.028 V                             ; 4.98e-10 s                 ; 4.96e-10 s                 ; Yes                       ; Yes                       ;
; DATA_OUT[1]   ; 2.5 V        ; 0 s                 ; 0 s                 ; 2.32 V                       ; 4.49e-09 V                   ; 2.38 V              ; -0.00552 V          ; 0.096 V                              ; 0.019 V                              ; 4.18e-10 s                  ; 3.59e-10 s                  ; No                         ; Yes                        ; 2.32 V                      ; 4.49e-09 V                  ; 2.38 V             ; -0.00552 V         ; 0.096 V                             ; 0.019 V                             ; 4.18e-10 s                 ; 3.59e-10 s                 ; No                        ; Yes                       ;
; DATA_OUT[2]   ; 2.5 V        ; 0 s                 ; 0 s                 ; 2.32 V                       ; 3.07e-09 V                   ; 2.37 V              ; -0.00994 V          ; 0.186 V                              ; 0.028 V                              ; 4.98e-10 s                  ; 4.96e-10 s                  ; Yes                        ; Yes                        ; 2.32 V                      ; 3.07e-09 V                  ; 2.37 V             ; -0.00994 V         ; 0.186 V                             ; 0.028 V                             ; 4.98e-10 s                 ; 4.96e-10 s                 ; Yes                       ; Yes                       ;
; DATA_OUT[3]   ; 2.5 V        ; 0 s                 ; 0 s                 ; 2.32 V                       ; 4.49e-09 V                   ; 2.38 V              ; -0.00552 V          ; 0.096 V                              ; 0.019 V                              ; 4.18e-10 s                  ; 3.59e-10 s                  ; No                         ; Yes                        ; 2.32 V                      ; 4.49e-09 V                  ; 2.38 V             ; -0.00552 V         ; 0.096 V                             ; 0.019 V                             ; 4.18e-10 s                 ; 3.59e-10 s                 ; No                        ; Yes                       ;
; DATA_OUT[4]   ; 2.5 V        ; 0 s                 ; 0 s                 ; 2.32 V                       ; 4.49e-09 V                   ; 2.38 V              ; -0.00552 V          ; 0.096 V                              ; 0.019 V                              ; 4.18e-10 s                  ; 3.59e-10 s                  ; No                         ; Yes                        ; 2.32 V                      ; 4.49e-09 V                  ; 2.38 V             ; -0.00552 V         ; 0.096 V                             ; 0.019 V                             ; 4.18e-10 s                 ; 3.59e-10 s                 ; No                        ; Yes                       ;
; DATA_OUT[5]   ; 2.5 V        ; 0 s                 ; 0 s                 ; 2.32 V                       ; 4.49e-09 V                   ; 2.38 V              ; -0.00552 V          ; 0.096 V                              ; 0.019 V                              ; 4.18e-10 s                  ; 3.59e-10 s                  ; No                         ; Yes                        ; 2.32 V                      ; 4.49e-09 V                  ; 2.38 V             ; -0.00552 V         ; 0.096 V                             ; 0.019 V                             ; 4.18e-10 s                 ; 3.59e-10 s                 ; No                        ; Yes                       ;
; DATA_OUT[6]   ; 2.5 V        ; 0 s                 ; 0 s                 ; 2.32 V                       ; 3.07e-09 V                   ; 2.37 V              ; -0.00994 V          ; 0.186 V                              ; 0.028 V                              ; 4.98e-10 s                  ; 4.96e-10 s                  ; Yes                        ; Yes                        ; 2.32 V                      ; 3.07e-09 V                  ; 2.37 V             ; -0.00994 V         ; 0.186 V                             ; 0.028 V                             ; 4.98e-10 s                 ; 4.96e-10 s                 ; Yes                       ; Yes                       ;
; DATA_OUT[7]   ; 2.5 V        ; 0 s                 ; 0 s                 ; 2.32 V                       ; 3.07e-09 V                   ; 2.37 V              ; -0.00994 V          ; 0.186 V                              ; 0.028 V                              ; 4.98e-10 s                  ; 4.96e-10 s                  ; Yes                        ; Yes                        ; 2.32 V                      ; 3.07e-09 V                  ; 2.37 V             ; -0.00994 V         ; 0.186 V                             ; 0.028 V                             ; 4.98e-10 s                 ; 4.96e-10 s                 ; Yes                       ; Yes                       ;
; USE_DW[0]     ; 2.5 V        ; 0 s                 ; 0 s                 ; 2.32 V                       ; 4.49e-09 V                   ; 2.38 V              ; -0.00552 V          ; 0.096 V                              ; 0.019 V                              ; 4.18e-10 s                  ; 3.59e-10 s                  ; No                         ; Yes                        ; 2.32 V                      ; 4.49e-09 V                  ; 2.38 V             ; -0.00552 V         ; 0.096 V                             ; 0.019 V                             ; 4.18e-10 s                 ; 3.59e-10 s                 ; No                        ; Yes                       ;
; USE_DW[1]     ; 2.5 V        ; 0 s                 ; 0 s                 ; 2.32 V                       ; 4.49e-09 V                   ; 2.38 V              ; -0.00552 V          ; 0.096 V                              ; 0.019 V                              ; 4.18e-10 s                  ; 3.59e-10 s                  ; No                         ; Yes                        ; 2.32 V                      ; 4.49e-09 V                  ; 2.38 V             ; -0.00552 V         ; 0.096 V                             ; 0.019 V                             ; 4.18e-10 s                 ; 3.59e-10 s                 ; No                        ; Yes                       ;
; USE_DW[2]     ; 2.5 V        ; 0 s                 ; 0 s                 ; 2.32 V                       ; 4.49e-09 V                   ; 2.38 V              ; -0.00552 V          ; 0.096 V                              ; 0.019 V                              ; 4.18e-10 s                  ; 3.59e-10 s                  ; No                         ; Yes                        ; 2.32 V                      ; 4.49e-09 V                  ; 2.38 V             ; -0.00552 V         ; 0.096 V                             ; 0.019 V                             ; 4.18e-10 s                 ; 3.59e-10 s                 ; No                        ; Yes                       ;
; USE_DW[3]     ; 2.5 V        ; 0 s                 ; 0 s                 ; 2.32 V                       ; 4.49e-09 V                   ; 2.38 V              ; -0.00552 V          ; 0.096 V                              ; 0.019 V                              ; 4.18e-10 s                  ; 3.59e-10 s                  ; No                         ; Yes                        ; 2.32 V                      ; 4.49e-09 V                  ; 2.38 V             ; -0.00552 V         ; 0.096 V                             ; 0.019 V                             ; 4.18e-10 s                 ; 3.59e-10 s                 ; No                        ; Yes                       ;
; USE_DW[4]     ; 2.5 V        ; 0 s                 ; 0 s                 ; 2.32 V                       ; 4.49e-09 V                   ; 2.38 V              ; -0.00552 V          ; 0.096 V                              ; 0.019 V                              ; 4.18e-10 s                  ; 3.59e-10 s                  ; No                         ; Yes                        ; 2.32 V                      ; 4.49e-09 V                  ; 2.38 V             ; -0.00552 V         ; 0.096 V                             ; 0.019 V                             ; 4.18e-10 s                 ; 3.59e-10 s                 ; No                        ; Yes                       ;
; ~ALTERA_DCLK~ ; 2.5 V        ; 0 s                 ; 0 s                 ; 2.32 V                       ; 2.67e-09 V                   ; 2.38 V              ; -0.0485 V           ; 0.167 V                              ; 0.096 V                              ; 2.95e-10 s                  ; 2.73e-10 s                  ; Yes                        ; Yes                        ; 2.32 V                      ; 2.67e-09 V                  ; 2.38 V             ; -0.0485 V          ; 0.167 V                             ; 0.096 V                             ; 2.95e-10 s                 ; 2.73e-10 s                 ; Yes                       ; Yes                       ;
; ~ALTERA_nCEO~ ; 2.5 V        ; 0 s                 ; 0 s                 ; 2.32 V                       ; 4.18e-09 V                   ; 2.38 V              ; -0.00483 V          ; 0.152 V                              ; 0.012 V                              ; 4.81e-10 s                  ; 6.29e-10 s                  ; Yes                        ; Yes                        ; 2.32 V                      ; 4.18e-09 V                  ; 2.38 V             ; -0.00483 V         ; 0.152 V                             ; 0.012 V                             ; 4.81e-10 s                 ; 6.29e-10 s                 ; Yes                       ; Yes                       ;
+---------------+--------------+---------------------+---------------------+------------------------------+------------------------------+---------------------+---------------------+--------------------------------------+--------------------------------------+-----------------------------+-----------------------------+----------------------------+----------------------------+-----------------------------+-----------------------------+--------------------+--------------------+-------------------------------------+-------------------------------------+----------------------------+----------------------------+---------------------------+---------------------------+


+--------------------------------------------------------------------------------------------------------------------------------------------------------------------------------------------------------------------------------------------------------------------------------------------------------------------------------------------------------------------------------------------------------------------------------------------------------------------------------------------------------------------------------------------------------------------------------------------------------------------------------------------------------------------------------------------+
; Signal Integrity Metrics (Slow 1200mv 85c Model)                                                                                                                                                                                                                                                                                                                                                                                                                                                                                                                                                                                                                                           ;
+---------------+--------------+---------------------+---------------------+------------------------------+------------------------------+---------------------+---------------------+--------------------------------------+--------------------------------------+-----------------------------+-----------------------------+----------------------------+----------------------------+-----------------------------+-----------------------------+--------------------+--------------------+-------------------------------------+-------------------------------------+----------------------------+----------------------------+---------------------------+---------------------------+
; Pin           ; I/O Standard ; Board Delay on Rise ; Board Delay on Fall ; Steady State Voh at FPGA Pin ; Steady State Vol at FPGA Pin ; Voh Max at FPGA Pin ; Vol Min at FPGA Pin ; Ringback Voltage on Rise at FPGA Pin ; Ringback Voltage on Fall at FPGA Pin ; 10-90 Rise Time at FPGA Pin ; 90-10 Fall Time at FPGA Pin ; Monotonic Rise at FPGA Pin ; Monotonic Fall at FPGA Pin ; Steady State Voh at Far-end ; Steady State Vol at Far-end ; Voh Max at Far-end ; Vol Min at Far-end ; Ringback Voltage on Rise at Far-end ; Ringback Voltage on Fall at Far-end ; 10-90 Rise Time at Far-end ; 90-10 Fall Time at Far-end ; Monotonic Rise at Far-end ; Monotonic Fall at Far-end ;
+---------------+--------------+---------------------+---------------------+------------------------------+------------------------------+---------------------+---------------------+--------------------------------------+--------------------------------------+-----------------------------+-----------------------------+----------------------------+----------------------------+-----------------------------+-----------------------------+--------------------+--------------------+-------------------------------------+-------------------------------------+----------------------------+----------------------------+---------------------------+---------------------------+
; F_EMPTY_N     ; 2.5 V        ; 0 s                 ; 0 s                 ; 2.32 V                       ; 6.92e-07 V                   ; 2.35 V              ; -0.00996 V          ; 0.121 V                              ; 0.03 V                               ; 4.64e-10 s                  ; 4.47e-10 s                  ; Yes                        ; Yes                        ; 2.32 V                      ; 6.92e-07 V                  ; 2.35 V             ; -0.00996 V         ; 0.121 V                             ; 0.03 V                              ; 4.64e-10 s                 ; 4.47e-10 s                 ; Yes                       ; Yes                       ;
; F_FULL_N      ; 2.5 V        ; 0 s                 ; 0 s                 ; 2.32 V                       ; 6.92e-07 V                   ; 2.35 V              ; -0.00996 V          ; 0.121 V                              ; 0.03 V                               ; 4.64e-10 s                  ; 4.47e-10 s                  ; Yes                        ; Yes                        ; 2.32 V                      ; 6.92e-07 V                  ; 2.35 V             ; -0.00996 V         ; 0.121 V                             ; 0.03 V                              ; 4.64e-10 s                 ; 4.47e-10 s                 ; Yes                       ; Yes                       ;
; DATA_OUT[0]   ; 2.5 V        ; 0 s                 ; 0 s                 ; 2.32 V                       ; 4.67e-07 V                   ; 2.35 V              ; -0.00942 V          ; 0.116 V                              ; 0.033 V                              ; 6.66e-10 s                  ; 6.27e-10 s                  ; Yes                        ; Yes                        ; 2.32 V                      ; 4.67e-07 V                  ; 2.35 V             ; -0.00942 V         ; 0.116 V                             ; 0.033 V                             ; 6.66e-10 s                 ; 6.27e-10 s                 ; Yes                       ; Yes                       ;
; DATA_OUT[1]   ; 2.5 V        ; 0 s                 ; 0 s                 ; 2.32 V                       ; 6.92e-07 V                   ; 2.35 V              ; -0.00996 V          ; 0.121 V                              ; 0.03 V                               ; 4.64e-10 s                  ; 4.47e-10 s                  ; Yes                        ; Yes                        ; 2.32 V                      ; 6.92e-07 V                  ; 2.35 V             ; -0.00996 V         ; 0.121 V                             ; 0.03 V                              ; 4.64e-10 s                 ; 4.47e-10 s                 ; Yes                       ; Yes                       ;
; DATA_OUT[2]   ; 2.5 V        ; 0 s                 ; 0 s                 ; 2.32 V                       ; 4.67e-07 V                   ; 2.35 V              ; -0.00942 V          ; 0.116 V                              ; 0.033 V                              ; 6.66e-10 s                  ; 6.27e-10 s                  ; Yes                        ; Yes                        ; 2.32 V                      ; 4.67e-07 V                  ; 2.35 V             ; -0.00942 V         ; 0.116 V                             ; 0.033 V                             ; 6.66e-10 s                 ; 6.27e-10 s                 ; Yes                       ; Yes                       ;
; DATA_OUT[3]   ; 2.5 V        ; 0 s                 ; 0 s                 ; 2.32 V                       ; 6.92e-07 V                   ; 2.35 V              ; -0.00996 V          ; 0.121 V                              ; 0.03 V                               ; 4.64e-10 s                  ; 4.47e-10 s                  ; Yes                        ; Yes                        ; 2.32 V                      ; 6.92e-07 V                  ; 2.35 V             ; -0.00996 V         ; 0.121 V                             ; 0.03 V                              ; 4.64e-10 s                 ; 4.47e-10 s                 ; Yes                       ; Yes                       ;
; DATA_OUT[4]   ; 2.5 V        ; 0 s                 ; 0 s                 ; 2.32 V                       ; 6.92e-07 V                   ; 2.35 V              ; -0.00996 V          ; 0.121 V                              ; 0.03 V                               ; 4.64e-10 s                  ; 4.47e-10 s                  ; Yes                        ; Yes                        ; 2.32 V                      ; 6.92e-07 V                  ; 2.35 V             ; -0.00996 V         ; 0.121 V                             ; 0.03 V                              ; 4.64e-10 s                 ; 4.47e-10 s                 ; Yes                       ; Yes                       ;
; DATA_OUT[5]   ; 2.5 V        ; 0 s                 ; 0 s                 ; 2.32 V                       ; 6.92e-07 V                   ; 2.35 V              ; -0.00996 V          ; 0.121 V                              ; 0.03 V                               ; 4.64e-10 s                  ; 4.47e-10 s                  ; Yes                        ; Yes                        ; 2.32 V                      ; 6.92e-07 V                  ; 2.35 V             ; -0.00996 V         ; 0.121 V                             ; 0.03 V                              ; 4.64e-10 s                 ; 4.47e-10 s                 ; Yes                       ; Yes                       ;
; DATA_OUT[6]   ; 2.5 V        ; 0 s                 ; 0 s                 ; 2.32 V                       ; 4.67e-07 V                   ; 2.35 V              ; -0.00942 V          ; 0.116 V                              ; 0.033 V                              ; 6.66e-10 s                  ; 6.27e-10 s                  ; Yes                        ; Yes                        ; 2.32 V                      ; 4.67e-07 V                  ; 2.35 V             ; -0.00942 V         ; 0.116 V                             ; 0.033 V                             ; 6.66e-10 s                 ; 6.27e-10 s                 ; Yes                       ; Yes                       ;
; DATA_OUT[7]   ; 2.5 V        ; 0 s                 ; 0 s                 ; 2.32 V                       ; 4.67e-07 V                   ; 2.35 V              ; -0.00942 V          ; 0.116 V                              ; 0.033 V                              ; 6.66e-10 s                  ; 6.27e-10 s                  ; Yes                        ; Yes                        ; 2.32 V                      ; 4.67e-07 V                  ; 2.35 V             ; -0.00942 V         ; 0.116 V                             ; 0.033 V                             ; 6.66e-10 s                 ; 6.27e-10 s                 ; Yes                       ; Yes                       ;
; USE_DW[0]     ; 2.5 V        ; 0 s                 ; 0 s                 ; 2.32 V                       ; 6.92e-07 V                   ; 2.35 V              ; -0.00996 V          ; 0.121 V                              ; 0.03 V                               ; 4.64e-10 s                  ; 4.47e-10 s                  ; Yes                        ; Yes                        ; 2.32 V                      ; 6.92e-07 V                  ; 2.35 V             ; -0.00996 V         ; 0.121 V                             ; 0.03 V                              ; 4.64e-10 s                 ; 4.47e-10 s                 ; Yes                       ; Yes                       ;
; USE_DW[1]     ; 2.5 V        ; 0 s                 ; 0 s                 ; 2.32 V                       ; 6.92e-07 V                   ; 2.35 V              ; -0.00996 V          ; 0.121 V                              ; 0.03 V                               ; 4.64e-10 s                  ; 4.47e-10 s                  ; Yes                        ; Yes                        ; 2.32 V                      ; 6.92e-07 V                  ; 2.35 V             ; -0.00996 V         ; 0.121 V                             ; 0.03 V                              ; 4.64e-10 s                 ; 4.47e-10 s                 ; Yes                       ; Yes                       ;
; USE_DW[2]     ; 2.5 V        ; 0 s                 ; 0 s                 ; 2.32 V                       ; 6.92e-07 V                   ; 2.35 V              ; -0.00996 V          ; 0.121 V                              ; 0.03 V                               ; 4.64e-10 s                  ; 4.47e-10 s                  ; Yes                        ; Yes                        ; 2.32 V                      ; 6.92e-07 V                  ; 2.35 V             ; -0.00996 V         ; 0.121 V                             ; 0.03 V                              ; 4.64e-10 s                 ; 4.47e-10 s                 ; Yes                       ; Yes                       ;
; USE_DW[3]     ; 2.5 V        ; 0 s                 ; 0 s                 ; 2.32 V                       ; 6.92e-07 V                   ; 2.35 V              ; -0.00996 V          ; 0.121 V                              ; 0.03 V                               ; 4.64e-10 s                  ; 4.47e-10 s                  ; Yes                        ; Yes                        ; 2.32 V                      ; 6.92e-07 V                  ; 2.35 V             ; -0.00996 V         ; 0.121 V                             ; 0.03 V                              ; 4.64e-10 s                 ; 4.47e-10 s                 ; Yes                       ; Yes                       ;
; USE_DW[4]     ; 2.5 V        ; 0 s                 ; 0 s                 ; 2.32 V                       ; 6.92e-07 V                   ; 2.35 V              ; -0.00996 V          ; 0.121 V                              ; 0.03 V                               ; 4.64e-10 s                  ; 4.47e-10 s                  ; Yes                        ; Yes                        ; 2.32 V                      ; 6.92e-07 V                  ; 2.35 V             ; -0.00996 V         ; 0.121 V                             ; 0.03 V                              ; 4.64e-10 s                 ; 4.47e-10 s                 ; Yes                       ; Yes                       ;
; ~ALTERA_DCLK~ ; 2.5 V        ; 0 s                 ; 0 s                 ; 2.32 V                       ; 3.75e-07 V                   ; 2.35 V              ; -0.0109 V           ; 0.084 V                              ; 0.027 V                              ; 4.31e-10 s                  ; 3.61e-10 s                  ; Yes                        ; Yes                        ; 2.32 V                      ; 3.75e-07 V                  ; 2.35 V             ; -0.0109 V          ; 0.084 V                             ; 0.027 V                             ; 4.31e-10 s                 ; 3.61e-10 s                 ; Yes                       ; Yes                       ;
; ~ALTERA_nCEO~ ; 2.5 V        ; 0 s                 ; 0 s                 ; 2.32 V                       ; 6.15e-07 V                   ; 2.35 V              ; -0.00712 V          ; 0.093 V                              ; 0.02 V                               ; 6.21e-10 s                  ; 7.9e-10 s                   ; Yes                        ; Yes                        ; 2.32 V                      ; 6.15e-07 V                  ; 2.35 V             ; -0.00712 V         ; 0.093 V                             ; 0.02 V                              ; 6.21e-10 s                 ; 7.9e-10 s                  ; Yes                       ; Yes                       ;
+---------------+--------------+---------------------+---------------------+------------------------------+------------------------------+---------------------+---------------------+--------------------------------------+--------------------------------------+-----------------------------+-----------------------------+----------------------------+----------------------------+-----------------------------+-----------------------------+--------------------+--------------------+-------------------------------------+-------------------------------------+----------------------------+----------------------------+---------------------------+---------------------------+


+--------------------------------------------------------------------------------------------------------------------------------------------------------------------------------------------------------------------------------------------------------------------------------------------------------------------------------------------------------------------------------------------------------------------------------------------------------------------------------------------------------------------------------------------------------------------------------------------------------------------------------------------------------------------------------------------+
; Signal Integrity Metrics (Fast 1200mv 0c Model)                                                                                                                                                                                                                                                                                                                                                                                                                                                                                                                                                                                                                                            ;
+---------------+--------------+---------------------+---------------------+------------------------------+------------------------------+---------------------+---------------------+--------------------------------------+--------------------------------------+-----------------------------+-----------------------------+----------------------------+----------------------------+-----------------------------+-----------------------------+--------------------+--------------------+-------------------------------------+-------------------------------------+----------------------------+----------------------------+---------------------------+---------------------------+
; Pin           ; I/O Standard ; Board Delay on Rise ; Board Delay on Fall ; Steady State Voh at FPGA Pin ; Steady State Vol at FPGA Pin ; Voh Max at FPGA Pin ; Vol Min at FPGA Pin ; Ringback Voltage on Rise at FPGA Pin ; Ringback Voltage on Fall at FPGA Pin ; 10-90 Rise Time at FPGA Pin ; 90-10 Fall Time at FPGA Pin ; Monotonic Rise at FPGA Pin ; Monotonic Fall at FPGA Pin ; Steady State Voh at Far-end ; Steady State Vol at Far-end ; Voh Max at Far-end ; Vol Min at Far-end ; Ringback Voltage on Rise at Far-end ; Ringback Voltage on Fall at Far-end ; 10-90 Rise Time at Far-end ; 90-10 Fall Time at Far-end ; Monotonic Rise at Far-end ; Monotonic Fall at Far-end ;
+---------------+--------------+---------------------+---------------------+------------------------------+------------------------------+---------------------+---------------------+--------------------------------------+--------------------------------------+-----------------------------+-----------------------------+----------------------------+----------------------------+-----------------------------+-----------------------------+--------------------+--------------------+-------------------------------------+-------------------------------------+----------------------------+----------------------------+---------------------------+---------------------------+
; F_EMPTY_N     ; 2.5 V        ; 0 s                 ; 0 s                 ; 2.62 V                       ; 4.05e-08 V                   ; 2.72 V              ; -0.0349 V           ; 0.173 V                              ; 0.1 V                                ; 2.72e-10 s                  ; 2.69e-10 s                  ; Yes                        ; Yes                        ; 2.62 V                      ; 4.05e-08 V                  ; 2.72 V             ; -0.0349 V          ; 0.173 V                             ; 0.1 V                               ; 2.72e-10 s                 ; 2.69e-10 s                 ; Yes                       ; Yes                       ;
; F_FULL_N      ; 2.5 V        ; 0 s                 ; 0 s                 ; 2.62 V                       ; 4.05e-08 V                   ; 2.72 V              ; -0.0349 V           ; 0.173 V                              ; 0.1 V                                ; 2.72e-10 s                  ; 2.69e-10 s                  ; Yes                        ; Yes                        ; 2.62 V                      ; 4.05e-08 V                  ; 2.72 V             ; -0.0349 V          ; 0.173 V                             ; 0.1 V                               ; 2.72e-10 s                 ; 2.69e-10 s                 ; Yes                       ; Yes                       ;
; DATA_OUT[0]   ; 2.5 V        ; 0 s                 ; 0 s                 ; 2.62 V                       ; 2.74e-08 V                   ; 2.71 V              ; -0.0317 V           ; 0.148 V                              ; 0.064 V                              ; 4.51e-10 s                  ; 4.15e-10 s                  ; No                         ; Yes                        ; 2.62 V                      ; 2.74e-08 V                  ; 2.71 V             ; -0.0317 V          ; 0.148 V                             ; 0.064 V                             ; 4.51e-10 s                 ; 4.15e-10 s                 ; No                        ; Yes                       ;
; DATA_OUT[1]   ; 2.5 V        ; 0 s                 ; 0 s                 ; 2.62 V                       ; 4.05e-08 V                   ; 2.72 V              ; -0.0349 V           ; 0.173 V                              ; 0.1 V                                ; 2.72e-10 s                  ; 2.69e-10 s                  ; Yes                        ; Yes                        ; 2.62 V                      ; 4.05e-08 V                  ; 2.72 V             ; -0.0349 V          ; 0.173 V                             ; 0.1 V                               ; 2.72e-10 s                 ; 2.69e-10 s                 ; Yes                       ; Yes                       ;
; DATA_OUT[2]   ; 2.5 V        ; 0 s                 ; 0 s                 ; 2.62 V                       ; 2.74e-08 V                   ; 2.71 V              ; -0.0317 V           ; 0.148 V                              ; 0.064 V                              ; 4.51e-10 s                  ; 4.15e-10 s                  ; No                         ; Yes                        ; 2.62 V                      ; 2.74e-08 V                  ; 2.71 V             ; -0.0317 V          ; 0.148 V                             ; 0.064 V                             ; 4.51e-10 s                 ; 4.15e-10 s                 ; No                        ; Yes                       ;
; DATA_OUT[3]   ; 2.5 V        ; 0 s                 ; 0 s                 ; 2.62 V                       ; 4.05e-08 V                   ; 2.72 V              ; -0.0349 V           ; 0.173 V                              ; 0.1 V                                ; 2.72e-10 s                  ; 2.69e-10 s                  ; Yes                        ; Yes                        ; 2.62 V                      ; 4.05e-08 V                  ; 2.72 V             ; -0.0349 V          ; 0.173 V                             ; 0.1 V                               ; 2.72e-10 s                 ; 2.69e-10 s                 ; Yes                       ; Yes                       ;
; DATA_OUT[4]   ; 2.5 V        ; 0 s                 ; 0 s                 ; 2.62 V                       ; 4.05e-08 V                   ; 2.72 V              ; -0.0349 V           ; 0.173 V                              ; 0.1 V                                ; 2.72e-10 s                  ; 2.69e-10 s                  ; Yes                        ; Yes                        ; 2.62 V                      ; 4.05e-08 V                  ; 2.72 V             ; -0.0349 V          ; 0.173 V                             ; 0.1 V                               ; 2.72e-10 s                 ; 2.69e-10 s                 ; Yes                       ; Yes                       ;
; DATA_OUT[5]   ; 2.5 V        ; 0 s                 ; 0 s                 ; 2.62 V                       ; 4.05e-08 V                   ; 2.72 V              ; -0.0349 V           ; 0.173 V                              ; 0.1 V                                ; 2.72e-10 s                  ; 2.69e-10 s                  ; Yes                        ; Yes                        ; 2.62 V                      ; 4.05e-08 V                  ; 2.72 V             ; -0.0349 V          ; 0.173 V                             ; 0.1 V                               ; 2.72e-10 s                 ; 2.69e-10 s                 ; Yes                       ; Yes                       ;
; DATA_OUT[6]   ; 2.5 V        ; 0 s                 ; 0 s                 ; 2.62 V                       ; 2.74e-08 V                   ; 2.71 V              ; -0.0317 V           ; 0.148 V                              ; 0.064 V                              ; 4.51e-10 s                  ; 4.15e-10 s                  ; No                         ; Yes                        ; 2.62 V                      ; 2.74e-08 V                  ; 2.71 V             ; -0.0317 V          ; 0.148 V                             ; 0.064 V                             ; 4.51e-10 s                 ; 4.15e-10 s                 ; No                        ; Yes                       ;
; DATA_OUT[7]   ; 2.5 V        ; 0 s                 ; 0 s                 ; 2.62 V                       ; 2.74e-08 V                   ; 2.71 V              ; -0.0317 V           ; 0.148 V                              ; 0.064 V                              ; 4.51e-10 s                  ; 4.15e-10 s                  ; No                         ; Yes                        ; 2.62 V                      ; 2.74e-08 V                  ; 2.71 V             ; -0.0317 V          ; 0.148 V                             ; 0.064 V                             ; 4.51e-10 s                 ; 4.15e-10 s                 ; No                        ; Yes                       ;
; USE_DW[0]     ; 2.5 V        ; 0 s                 ; 0 s                 ; 2.62 V                       ; 4.05e-08 V                   ; 2.72 V              ; -0.0349 V           ; 0.173 V                              ; 0.1 V                                ; 2.72e-10 s                  ; 2.69e-10 s                  ; Yes                        ; Yes                        ; 2.62 V                      ; 4.05e-08 V                  ; 2.72 V             ; -0.0349 V          ; 0.173 V                             ; 0.1 V                               ; 2.72e-10 s                 ; 2.69e-10 s                 ; Yes                       ; Yes                       ;
; USE_DW[1]     ; 2.5 V        ; 0 s                 ; 0 s                 ; 2.62 V                       ; 4.05e-08 V                   ; 2.72 V              ; -0.0349 V           ; 0.173 V                              ; 0.1 V                                ; 2.72e-10 s                  ; 2.69e-10 s                  ; Yes                        ; Yes                        ; 2.62 V                      ; 4.05e-08 V                  ; 2.72 V             ; -0.0349 V          ; 0.173 V                             ; 0.1 V                               ; 2.72e-10 s                 ; 2.69e-10 s                 ; Yes                       ; Yes                       ;
; USE_DW[2]     ; 2.5 V        ; 0 s                 ; 0 s                 ; 2.62 V                       ; 4.05e-08 V                   ; 2.72 V              ; -0.0349 V           ; 0.173 V                              ; 0.1 V                                ; 2.72e-10 s                  ; 2.69e-10 s                  ; Yes                        ; Yes                        ; 2.62 V                      ; 4.05e-08 V                  ; 2.72 V             ; -0.0349 V          ; 0.173 V                             ; 0.1 V                               ; 2.72e-10 s                 ; 2.69e-10 s                 ; Yes                       ; Yes                       ;
; USE_DW[3]     ; 2.5 V        ; 0 s                 ; 0 s                 ; 2.62 V                       ; 4.05e-08 V                   ; 2.72 V              ; -0.0349 V           ; 0.173 V                              ; 0.1 V                                ; 2.72e-10 s                  ; 2.69e-10 s                  ; Yes                        ; Yes                        ; 2.62 V                      ; 4.05e-08 V                  ; 2.72 V             ; -0.0349 V          ; 0.173 V                             ; 0.1 V                               ; 2.72e-10 s                 ; 2.69e-10 s                 ; Yes                       ; Yes                       ;
; USE_DW[4]     ; 2.5 V        ; 0 s                 ; 0 s                 ; 2.62 V                       ; 4.05e-08 V                   ; 2.72 V              ; -0.0349 V           ; 0.173 V                              ; 0.1 V                                ; 2.72e-10 s                  ; 2.69e-10 s                  ; Yes                        ; Yes                        ; 2.62 V                      ; 4.05e-08 V                  ; 2.72 V             ; -0.0349 V          ; 0.173 V                             ; 0.1 V                               ; 2.72e-10 s                 ; 2.69e-10 s                 ; Yes                       ; Yes                       ;
; ~ALTERA_DCLK~ ; 2.5 V        ; 0 s                 ; 0 s                 ; 2.62 V                       ; 2.22e-08 V                   ; 2.74 V              ; -0.06 V             ; 0.158 V                              ; 0.08 V                               ; 2.68e-10 s                  ; 2.19e-10 s                  ; Yes                        ; Yes                        ; 2.62 V                      ; 2.22e-08 V                  ; 2.74 V             ; -0.06 V            ; 0.158 V                             ; 0.08 V                              ; 2.68e-10 s                 ; 2.19e-10 s                 ; Yes                       ; Yes                       ;
; ~ALTERA_nCEO~ ; 2.5 V        ; 0 s                 ; 0 s                 ; 2.62 V                       ; 3.54e-08 V                   ; 2.7 V               ; -0.00943 V          ; 0.276 V                              ; 0.035 V                              ; 3.19e-10 s                  ; 4.99e-10 s                  ; No                         ; Yes                        ; 2.62 V                      ; 3.54e-08 V                  ; 2.7 V              ; -0.00943 V         ; 0.276 V                             ; 0.035 V                             ; 3.19e-10 s                 ; 4.99e-10 s                 ; No                        ; Yes                       ;
+---------------+--------------+---------------------+---------------------+------------------------------+------------------------------+---------------------+---------------------+--------------------------------------+--------------------------------------+-----------------------------+-----------------------------+----------------------------+----------------------------+-----------------------------+-----------------------------+--------------------+--------------------+-------------------------------------+-------------------------------------+----------------------------+----------------------------+---------------------------+---------------------------+


+-------------------------------------------------------------------+
; Setup Transfers                                                   ;
+------------+----------+----------+----------+----------+----------+
; From Clock ; To Clock ; RR Paths ; FR Paths ; RF Paths ; FF Paths ;
+------------+----------+----------+----------+----------+----------+
; CLOCK      ; CLOCK    ; 137      ; 0        ; 0        ; 0        ;
+------------+----------+----------+----------+----------+----------+
Entries labeled "false path" only account for clock-to-clock false paths and not path-based false paths. As a result, actual path counts may be lower than reported.


+-------------------------------------------------------------------+
; Hold Transfers                                                    ;
+------------+----------+----------+----------+----------+----------+
; From Clock ; To Clock ; RR Paths ; FR Paths ; RF Paths ; FF Paths ;
+------------+----------+----------+----------+----------+----------+
; CLOCK      ; CLOCK    ; 137      ; 0        ; 0        ; 0        ;
+------------+----------+----------+----------+----------+----------+
Entries labeled "false path" only account for clock-to-clock false paths and not path-based false paths. As a result, actual path counts may be lower than reported.


---------------
; Report TCCS ;
---------------
No dedicated SERDES Transmitter circuitry present in device or used in design


---------------
; Report RSKM ;
---------------
No non-DPA dedicated SERDES Receiver circuitry present in device or used in design


+------------------------------------------------+
; Unconstrained Paths Summary                    ;
+---------------------------------+-------+------+
; Property                        ; Setup ; Hold ;
+---------------------------------+-------+------+
; Illegal Clocks                  ; 0     ; 0    ;
; Unconstrained Clocks            ; 0     ; 0    ;
; Unconstrained Input Ports       ; 12    ; 12   ;
; Unconstrained Input Port Paths  ; 89    ; 89   ;
; Unconstrained Output Ports      ; 15    ; 15   ;
; Unconstrained Output Port Paths ; 15    ; 15   ;
+---------------------------------+-------+------+


+-------------------------------------+
; Clock Status Summary                ;
+--------+-------+------+-------------+
; Target ; Clock ; Type ; Status      ;
+--------+-------+------+-------------+
; CLOCK  ; CLOCK ; Base ; Constrained ;
+--------+-------+------+-------------+


+---------------------------------------------------------------------------------------------------+
; Unconstrained Input Ports                                                                         ;
+------------+--------------------------------------------------------------------------------------+
; Input Port ; Comment                                                                              ;
+------------+--------------------------------------------------------------------------------------+
; CLEAR_N    ; No input delay, min/max delays, false-path exceptions, or max skew assignments found ;
; DATA_IN[0] ; No input delay, min/max delays, false-path exceptions, or max skew assignments found ;
; DATA_IN[1] ; No input delay, min/max delays, false-path exceptions, or max skew assignments found ;
; DATA_IN[2] ; No input delay, min/max delays, false-path exceptions, or max skew assignments found ;
; DATA_IN[3] ; No input delay, min/max delays, false-path exceptions, or max skew assignments found ;
; DATA_IN[4] ; No input delay, min/max delays, false-path exceptions, or max skew assignments found ;
; DATA_IN[5] ; No input delay, min/max delays, false-path exceptions, or max skew assignments found ;
; DATA_IN[6] ; No input delay, min/max delays, false-path exceptions, or max skew assignments found ;
; DATA_IN[7] ; No input delay, min/max delays, false-path exceptions, or max skew assignments found ;
; READ       ; No input delay, min/max delays, false-path exceptions, or max skew assignments found ;
; RESET_N    ; No input delay, min/max delays, false-path exceptions, or max skew assignments found ;
; WRITE      ; No input delay, min/max delays, false-path exceptions, or max skew assignments found ;
+------------+--------------------------------------------------------------------------------------+


+-----------------------------------------------------------------------------------------------------+
; Unconstrained Output Ports                                                                          ;
+-------------+---------------------------------------------------------------------------------------+
; Output Port ; Comment                                                                               ;
+-------------+---------------------------------------------------------------------------------------+
; DATA_OUT[0] ; No output delay, min/max delays, false-path exceptions, or max skew assignments found ;
; DATA_OUT[1] ; No output delay, min/max delays, false-path exceptions, or max skew assignments found ;
; DATA_OUT[2] ; No output delay, min/max delays, false-path exceptions, or max skew assignments found ;
; DATA_OUT[3] ; No output delay, min/max delays, false-path exceptions, or max skew assignments found ;
; DATA_OUT[4] ; No output delay, min/max delays, false-path exceptions, or max skew assignments found ;
; DATA_OUT[5] ; No output delay, min/max delays, false-path exceptions, or max skew assignments found ;
; DATA_OUT[6] ; No output delay, min/max delays, false-path exceptions, or max skew assignments found ;
; DATA_OUT[7] ; No output delay, min/max delays, false-path exceptions, or max skew assignments found ;
; F_EMPTY_N   ; No output delay, min/max delays, false-path exceptions, or max skew assignments found ;
; F_FULL_N    ; No output delay, min/max delays, false-path exceptions, or max skew assignments found ;
; USE_DW[0]   ; No output delay, min/max delays, false-path exceptions, or max skew assignments found ;
; USE_DW[1]   ; No output delay, min/max delays, false-path exceptions, or max skew assignments found ;
; USE_DW[2]   ; No output delay, min/max delays, false-path exceptions, or max skew assignments found ;
; USE_DW[3]   ; No output delay, min/max delays, false-path exceptions, or max skew assignments found ;
; USE_DW[4]   ; No output delay, min/max delays, false-path exceptions, or max skew assignments found ;
+-------------+---------------------------------------------------------------------------------------+


+---------------------------------------------------------------------------------------------------+
; Unconstrained Input Ports                                                                         ;
+------------+--------------------------------------------------------------------------------------+
; Input Port ; Comment                                                                              ;
+------------+--------------------------------------------------------------------------------------+
; CLEAR_N    ; No input delay, min/max delays, false-path exceptions, or max skew assignments found ;
; DATA_IN[0] ; No input delay, min/max delays, false-path exceptions, or max skew assignments found ;
; DATA_IN[1] ; No input delay, min/max delays, false-path exceptions, or max skew assignments found ;
; DATA_IN[2] ; No input delay, min/max delays, false-path exceptions, or max skew assignments found ;
; DATA_IN[3] ; No input delay, min/max delays, false-path exceptions, or max skew assignments found ;
; DATA_IN[4] ; No input delay, min/max delays, false-path exceptions, or max skew assignments found ;
; DATA_IN[5] ; No input delay, min/max delays, false-path exceptions, or max skew assignments found ;
; DATA_IN[6] ; No input delay, min/max delays, false-path exceptions, or max skew assignments found ;
; DATA_IN[7] ; No input delay, min/max delays, false-path exceptions, or max skew assignments found ;
; READ       ; No input delay, min/max delays, false-path exceptions, or max skew assignments found ;
; RESET_N    ; No input delay, min/max delays, false-path exceptions, or max skew assignments found ;
; WRITE      ; No input delay, min/max delays, false-path exceptions, or max skew assignments found ;
+------------+--------------------------------------------------------------------------------------+


+-----------------------------------------------------------------------------------------------------+
; Unconstrained Output Ports                                                                          ;
+-------------+---------------------------------------------------------------------------------------+
; Output Port ; Comment                                                                               ;
+-------------+---------------------------------------------------------------------------------------+
; DATA_OUT[0] ; No output delay, min/max delays, false-path exceptions, or max skew assignments found ;
; DATA_OUT[1] ; No output delay, min/max delays, false-path exceptions, or max skew assignments found ;
; DATA_OUT[2] ; No output delay, min/max delays, false-path exceptions, or max skew assignments found ;
; DATA_OUT[3] ; No output delay, min/max delays, false-path exceptions, or max skew assignments found ;
; DATA_OUT[4] ; No output delay, min/max delays, false-path exceptions, or max skew assignments found ;
; DATA_OUT[5] ; No output delay, min/max delays, false-path exceptions, or max skew assignments found ;
; DATA_OUT[6] ; No output delay, min/max delays, false-path exceptions, or max skew assignments found ;
; DATA_OUT[7] ; No output delay, min/max delays, false-path exceptions, or max skew assignments found ;
; F_EMPTY_N   ; No output delay, min/max delays, false-path exceptions, or max skew assignments found ;
; F_FULL_N    ; No output delay, min/max delays, false-path exceptions, or max skew assignments found ;
; USE_DW[0]   ; No output delay, min/max delays, false-path exceptions, or max skew assignments found ;
; USE_DW[1]   ; No output delay, min/max delays, false-path exceptions, or max skew assignments found ;
; USE_DW[2]   ; No output delay, min/max delays, false-path exceptions, or max skew assignments found ;
; USE_DW[3]   ; No output delay, min/max delays, false-path exceptions, or max skew assignments found ;
; USE_DW[4]   ; No output delay, min/max delays, false-path exceptions, or max skew assignments found ;
+-------------+---------------------------------------------------------------------------------------+


+------------------------------------+
; TimeQuest Timing Analyzer Messages ;
+------------------------------------+
Info: *******************************************************************
Info: Running Quartus Prime TimeQuest Timing Analyzer
    Info: Version 17.1.0 Build 590 10/25/2017 SJ Lite Edition
    Info: Processing started: Mon Oct 07 11:51:17 2024
Info: Command: quartus_sta P1 -c P1
Info: qsta_default_script.tcl version: #3
Warning (18236): Number of processors has not been specified which may cause overloading on shared machines.  Set the global assignment NUM_PARALLEL_PROCESSORS in your QSF to an appropriate value for best performance.
Info (20030): Parallel compilation is enabled and will use 8 of the 8 processors detected
Info (21077): Low junction temperature is 0 degrees C
Info (21077): High junction temperature is 85 degrees C
Critical Warning (332012): Synopsys Design Constraints File file not found: 'P1.sdc'. A Synopsys Design Constraints File is required by the TimeQuest Timing Analyzer to get proper timing constraints. Without it, the Compiler will not properly optimize the design.
Info (332142): No user constrained base clocks found in the design. Calling "derive_clocks -period 1.0"
Info (332105): Deriving Clocks
    Info (332105): create_clock -period 1.000 -name CLOCK CLOCK
Info (332143): No user constrained clock uncertainty found in the design. Calling "derive_clock_uncertainty"
Info (332123): Deriving Clock Uncertainty. Please refer to report_sdc in TimeQuest to see clock uncertainties.
Info: Found TIMEQUEST_REPORT_SCRIPT_INCLUDE_DEFAULT_ANALYSIS = ON
Info: Analyzing Slow 1200mV 85C Model
Critical Warning (332148): Timing requirements not met
    Info (11105): For recommendations on closing timing, run Report Timing Closure Recommendations in the TimeQuest Timing Analyzer.
Info (332146): Worst-case setup slack is -1.590
    Info (332119):     Slack       End Point TNS Clock 
    Info (332119): ========= =================== =====================
    Info (332119):    -1.590             -25.562 CLOCK 
Info (332146): Worst-case hold slack is 0.449
    Info (332119):     Slack       End Point TNS Clock 
    Info (332119): ========= =================== =====================
    Info (332119):     0.449               0.000 CLOCK 
Info (332140): No Recovery paths to report
Info (332140): No Removal paths to report
Info (332146): Worst-case minimum pulse width slack is -3.000
    Info (332119):     Slack       End Point TNS Clock 
    Info (332119): ========= =================== =====================
    Info (332119):    -3.000             -35.125 CLOCK 
Info: Analyzing Slow 1200mV 0C Model
Info (334003): Started post-fitting delay annotation
Info (334004): Delay annotation completed successfully
Info (332123): Deriving Clock Uncertainty. Please refer to report_sdc in TimeQuest to see clock uncertainties.
Critical Warning (332148): Timing requirements not met
    Info (11105): For recommendations on closing timing, run Report Timing Closure Recommendations in the TimeQuest Timing Analyzer.
Info (332146): Worst-case setup slack is -1.341
    Info (332119):     Slack       End Point TNS Clock 
    Info (332119): ========= =================== =====================
    Info (332119):    -1.341             -21.087 CLOCK 
Info (332146): Worst-case hold slack is 0.407
    Info (332119):     Slack       End Point TNS Clock 
    Info (332119): ========= =================== =====================
    Info (332119):     0.407               0.000 CLOCK 
Info (332140): No Recovery paths to report
Info (332140): No Removal paths to report
Info (332146): Worst-case minimum pulse width slack is -3.000
    Info (332119):     Slack       End Point TNS Clock 
    Info (332119): ========= =================== =====================
    Info (332119):    -3.000             -35.125 CLOCK 
Info: Analyzing Fast 1200mV 0C Model
Info (332123): Deriving Clock Uncertainty. Please refer to report_sdc in TimeQuest to see clock uncertainties.
Critical Warning (332148): Timing requirements not met
    Info (11105): For recommendations on closing timing, run Report Timing Closure Recommendations in the TimeQuest Timing Analyzer.
Info (332146): Worst-case setup slack is -0.248
    Info (332119):     Slack       End Point TNS Clock 
    Info (332119): ========= =================== =====================
    Info (332119):    -0.248              -1.551 CLOCK 
Info (332146): Worst-case hold slack is 0.204
    Info (332119):     Slack       End Point TNS Clock 
    Info (332119): ========= =================== =====================
    Info (332119):     0.204               0.000 CLOCK 
Info (332140): No Recovery paths to report
Info (332140): No Removal paths to report
Info (332146): Worst-case minimum pulse width slack is -3.000
    Info (332119):     Slack       End Point TNS Clock 
    Info (332119): ========= =================== =====================
    Info (332119):    -3.000             -29.582 CLOCK 
Info (332102): Design is not fully constrained for setup requirements
Info (332102): Design is not fully constrained for hold requirements
Info: Quartus Prime TimeQuest Timing Analyzer was successful. 0 errors, 5 warnings
    Info: Peak virtual memory: 4893 megabytes
    Info: Processing ended: Mon Oct 07 11:51:19 2024
    Info: Elapsed time: 00:00:02
    Info: Total CPU time (on all processors): 00:00:02


