TimeQuest Timing Analyzer report for FIFO
Mon Oct 07 10:25:41 2024
Quartus Prime Version 17.1.0 Build 590 10/25/2017 SJ Lite Edition


---------------------
; Table of Contents ;
---------------------
  1. Legal Notice
  2. TimeQuest Timing Analyzer Summary
  3. Parallel Compilation
  4. Clocks
  5. Slow 1200mV 125C Model Fmax Summary
  6. Timing Closure Recommendations
  7. Slow 1200mV 125C Model Setup Summary
  8. Slow 1200mV 125C Model Hold Summary
  9. Slow 1200mV 125C Model Recovery Summary
 10. Slow 1200mV 125C Model Removal Summary
 11. Slow 1200mV 125C Model Minimum Pulse Width Summary
 12. Slow 1200mV 125C Model Setup: 'Clk'
 13. Slow 1200mV 125C Model Hold: 'Clk'
 14. Slow 1200mV 125C Model Metastability Summary
 15. Slow 1200mV -40C Model Fmax Summary
 16. Slow 1200mV -40C Model Setup Summary
 17. Slow 1200mV -40C Model Hold Summary
 18. Slow 1200mV -40C Model Recovery Summary
 19. Slow 1200mV -40C Model Removal Summary
 20. Slow 1200mV -40C Model Minimum Pulse Width Summary
 21. Slow 1200mV -40C Model Setup: 'Clk'
 22. Slow 1200mV -40C Model Hold: 'Clk'
 23. Slow 1200mV -40C Model Metastability Summary
 24. Fast 1200mV -40C Model Setup Summary
 25. Fast 1200mV -40C Model Hold Summary
 26. Fast 1200mV -40C Model Recovery Summary
 27. Fast 1200mV -40C Model Removal Summary
 28. Fast 1200mV -40C Model Minimum Pulse Width Summary
 29. Fast 1200mV -40C Model Setup: 'Clk'
 30. Fast 1200mV -40C Model Hold: 'Clk'
 31. Fast 1200mV -40C Model Metastability Summary
 32. Multicorner Timing Analysis Summary
 33. Board Trace Model Assignments
 34. Input Transition Times
 35. Signal Integrity Metrics (Slow 1200mv n40c Model)
 36. Signal Integrity Metrics (Slow 1200mv 125c Model)
 37. Signal Integrity Metrics (Fast 1200mv n40c Model)
 38. Setup Transfers
 39. Hold Transfers
 40. Report TCCS
 41. Report RSKM
 42. Unconstrained Paths Summary
 43. Clock Status Summary
 44. Unconstrained Input Ports
 45. Unconstrained Output Ports
 46. Unconstrained Input Ports
 47. Unconstrained Output Ports
 48. TimeQuest Timing Analyzer Messages



----------------
; Legal Notice ;
----------------
Copyright (C) 2017  Intel Corporation. All rights reserved.
Your use of Intel Corporation's design tools, logic functions 
and other software and tools, and its AMPP partner logic 
functions, and any output files from any of the foregoing 
(including device programming or simulation files), and any 
associated documentation or information are expressly subject 
to the terms and conditions of the Intel Program License 
Subscription Agreement, the Intel Quartus Prime License Agreement,
the Intel FPGA IP License Agreement, or other applicable license
agreement, including, without limitation, that your use is for
the sole purpose of programming logic devices manufactured by
Intel and sold by Intel or its authorized distributors.  Please
refer to the applicable agreement for further details.



+-----------------------------------------------------------------------------+
; TimeQuest Timing Analyzer Summary                                           ;
+-----------------------+-----------------------------------------------------+
; Quartus Prime Version ; Version 17.1.0 Build 590 10/25/2017 SJ Lite Edition ;
; Timing Analyzer       ; TimeQuest                                           ;
; Revision Name         ; FIFO                                                ;
; Device Family         ; Cyclone IV E                                        ;
; Device Name           ; EP4CE6E22A7                                         ;
; Timing Models         ; Final                                               ;
; Delay Model           ; Combined                                            ;
; Rise/Fall Delays      ; Enabled                                             ;
+-----------------------+-----------------------------------------------------+


+------------------------------------------+
; Parallel Compilation                     ;
+----------------------------+-------------+
; Processors                 ; Number      ;
+----------------------------+-------------+
; Number detected on machine ; 16          ;
; Maximum allowed            ; 8           ;
;                            ;             ;
; Average used               ; 1.07        ;
; Maximum used               ; 8           ;
;                            ;             ;
; Usage by Processor         ; % Time Used ;
;     Processor 1            ; 100.0%      ;
;     Processors 2-8         ;   0.9%      ;
+----------------------------+-------------+


+---------------------------------------------------------------------------------------------------------------------------------------------------------------------------------+
; Clocks                                                                                                                                                                          ;
+------------+------+--------+------------+-------+-------+------------+-----------+-------------+-------+--------+-----------+------------+----------+--------+--------+---------+
; Clock Name ; Type ; Period ; Frequency  ; Rise  ; Fall  ; Duty Cycle ; Divide by ; Multiply by ; Phase ; Offset ; Edge List ; Edge Shift ; Inverted ; Master ; Source ; Targets ;
+------------+------+--------+------------+-------+-------+------------+-----------+-------------+-------+--------+-----------+------------+----------+--------+--------+---------+
; Clk        ; Base ; 1.000  ; 1000.0 MHz ; 0.000 ; 0.500 ;            ;           ;             ;       ;        ;           ;            ;          ;        ;        ; { Clk } ;
+------------+------+--------+------------+-------+-------+------------+-----------+-------------+-------+--------+-----------+------------+----------+--------+--------+---------+


+--------------------------------------------------+
; Slow 1200mV 125C Model Fmax Summary              ;
+------------+-----------------+------------+------+
; Fmax       ; Restricted Fmax ; Clock Name ; Note ;
+------------+-----------------+------------+------+
; 233.92 MHz ; 233.92 MHz      ; Clk        ;      ;
+------------+-----------------+------------+------+
This panel reports FMAX for every clock in the design, regardless of the user-specified clock periods.  FMAX is only computed for paths where the source and destination registers or ports are driven by the same clock.  Paths of different clocks, including generated clocks, are ignored.  For paths between a clock and its inversion, FMAX is computed as if the rising and falling edges are scaled along with FMAX, such that the duty cycle (in terms of a percentage) is maintained. Altera recommends that you always use clock constraints and other slack reports for sign-off analysis.


----------------------------------
; Timing Closure Recommendations ;
----------------------------------
HTML report is unavailable in plain text report export.


+--------------------------------------+
; Slow 1200mV 125C Model Setup Summary ;
+-------+--------+---------------------+
; Clock ; Slack  ; End Point TNS       ;
+-------+--------+---------------------+
; Clk   ; -3.275 ; -776.330            ;
+-------+--------+---------------------+


+-------------------------------------+
; Slow 1200mV 125C Model Hold Summary ;
+-------+-------+---------------------+
; Clock ; Slack ; End Point TNS       ;
+-------+-------+---------------------+
; Clk   ; 0.429 ; 0.000               ;
+-------+-------+---------------------+


-------------------------------------------
; Slow 1200mV 125C Model Recovery Summary ;
-------------------------------------------
No paths to report.


------------------------------------------
; Slow 1200mV 125C Model Removal Summary ;
------------------------------------------
No paths to report.


+----------------------------------------------------+
; Slow 1200mV 125C Model Minimum Pulse Width Summary ;
+-------+--------+-----------------------------------+
; Clock ; Slack  ; End Point TNS                     ;
+-------+--------+-----------------------------------+
; Clk   ; -3.000 ; -395.568                          ;
+-------+--------+-----------------------------------+


+-----------------------------------------------------------------------------------------------------------------------------------------------+
; Slow 1200mV 125C Model Setup: 'Clk'                                                                                                           ;
+--------+-----------------------+----------------------------------------+--------------+-------------+--------------+------------+------------+
; Slack  ; From Node             ; To Node                                ; Launch Clock ; Latch Clock ; Relationship ; Clock Skew ; Data Delay ;
+--------+-----------------------+----------------------------------------+--------------+-------------+--------------+------------+------------+
; -3.275 ; FSM:fsm_inst|count[4] ; shifter_2d_var:shifter_inst|aux[17][7] ; Clk          ; Clk         ; 1.000        ; -0.074     ; 4.198      ;
; -3.275 ; FSM:fsm_inst|count[4] ; shifter_2d_var:shifter_inst|aux[17][0] ; Clk          ; Clk         ; 1.000        ; -0.074     ; 4.198      ;
; -3.266 ; FSM:fsm_inst|state.s0 ; shifter_2d_var:shifter_inst|aux[17][7] ; Clk          ; Clk         ; 1.000        ; -0.074     ; 4.189      ;
; -3.266 ; FSM:fsm_inst|state.s0 ; shifter_2d_var:shifter_inst|aux[17][0] ; Clk          ; Clk         ; 1.000        ; -0.074     ; 4.189      ;
; -3.233 ; FSM:fsm_inst|count[3] ; shifter_2d_var:shifter_inst|aux[17][7] ; Clk          ; Clk         ; 1.000        ; -0.074     ; 4.156      ;
; -3.233 ; FSM:fsm_inst|count[3] ; shifter_2d_var:shifter_inst|aux[17][0] ; Clk          ; Clk         ; 1.000        ; -0.074     ; 4.156      ;
; -3.223 ; FSM:fsm_inst|count[0] ; shifter_2d_var:shifter_inst|aux[17][7] ; Clk          ; Clk         ; 1.000        ; -0.074     ; 4.146      ;
; -3.223 ; FSM:fsm_inst|count[0] ; shifter_2d_var:shifter_inst|aux[17][0] ; Clk          ; Clk         ; 1.000        ; -0.074     ; 4.146      ;
; -3.221 ; FSM:fsm_inst|count[4] ; shifter_2d_var:shifter_inst|aux[29][7] ; Clk          ; Clk         ; 1.000        ; -0.071     ; 4.147      ;
; -3.221 ; FSM:fsm_inst|count[4] ; shifter_2d_var:shifter_inst|aux[29][5] ; Clk          ; Clk         ; 1.000        ; -0.071     ; 4.147      ;
; -3.199 ; FSM:fsm_inst|count[4] ; shifter_2d_var:shifter_inst|aux[0][7]  ; Clk          ; Clk         ; 1.000        ; -0.069     ; 4.127      ;
; -3.199 ; FSM:fsm_inst|count[4] ; shifter_2d_var:shifter_inst|aux[0][5]  ; Clk          ; Clk         ; 1.000        ; -0.069     ; 4.127      ;
; -3.199 ; FSM:fsm_inst|count[4] ; shifter_2d_var:shifter_inst|aux[13][4] ; Clk          ; Clk         ; 1.000        ; -0.075     ; 4.121      ;
; -3.199 ; FSM:fsm_inst|count[4] ; shifter_2d_var:shifter_inst|aux[0][2]  ; Clk          ; Clk         ; 1.000        ; -0.069     ; 4.127      ;
; -3.199 ; FSM:fsm_inst|count[4] ; shifter_2d_var:shifter_inst|aux[13][2] ; Clk          ; Clk         ; 1.000        ; -0.075     ; 4.121      ;
; -3.199 ; FSM:fsm_inst|count[4] ; shifter_2d_var:shifter_inst|aux[0][1]  ; Clk          ; Clk         ; 1.000        ; -0.069     ; 4.127      ;
; -3.199 ; FSM:fsm_inst|count[4] ; shifter_2d_var:shifter_inst|aux[0][0]  ; Clk          ; Clk         ; 1.000        ; -0.069     ; 4.127      ;
; -3.189 ; FSM:fsm_inst|count[3] ; shifter_2d_var:shifter_inst|aux[29][7] ; Clk          ; Clk         ; 1.000        ; -0.071     ; 4.115      ;
; -3.189 ; FSM:fsm_inst|count[3] ; shifter_2d_var:shifter_inst|aux[29][5] ; Clk          ; Clk         ; 1.000        ; -0.071     ; 4.115      ;
; -3.182 ; FSM:fsm_inst|state.s0 ; shifter_2d_var:shifter_inst|aux[10][6] ; Clk          ; Clk         ; 1.000        ; -0.071     ; 4.108      ;
; -3.170 ; FSM:fsm_inst|count[3] ; shifter_2d_var:shifter_inst|aux[0][7]  ; Clk          ; Clk         ; 1.000        ; -0.069     ; 4.098      ;
; -3.170 ; FSM:fsm_inst|count[3] ; shifter_2d_var:shifter_inst|aux[0][5]  ; Clk          ; Clk         ; 1.000        ; -0.069     ; 4.098      ;
; -3.170 ; FSM:fsm_inst|count[3] ; shifter_2d_var:shifter_inst|aux[0][2]  ; Clk          ; Clk         ; 1.000        ; -0.069     ; 4.098      ;
; -3.170 ; FSM:fsm_inst|count[3] ; shifter_2d_var:shifter_inst|aux[0][1]  ; Clk          ; Clk         ; 1.000        ; -0.069     ; 4.098      ;
; -3.170 ; FSM:fsm_inst|count[3] ; shifter_2d_var:shifter_inst|aux[0][0]  ; Clk          ; Clk         ; 1.000        ; -0.069     ; 4.098      ;
; -3.169 ; FSM:fsm_inst|count[0] ; shifter_2d_var:shifter_inst|aux[29][7] ; Clk          ; Clk         ; 1.000        ; -0.071     ; 4.095      ;
; -3.169 ; FSM:fsm_inst|count[0] ; shifter_2d_var:shifter_inst|aux[29][5] ; Clk          ; Clk         ; 1.000        ; -0.071     ; 4.095      ;
; -3.157 ; FSM:fsm_inst|count[3] ; shifter_2d_var:shifter_inst|aux[13][4] ; Clk          ; Clk         ; 1.000        ; -0.075     ; 4.079      ;
; -3.157 ; FSM:fsm_inst|count[3] ; shifter_2d_var:shifter_inst|aux[13][2] ; Clk          ; Clk         ; 1.000        ; -0.075     ; 4.079      ;
; -3.147 ; FSM:fsm_inst|count[0] ; shifter_2d_var:shifter_inst|aux[0][7]  ; Clk          ; Clk         ; 1.000        ; -0.069     ; 4.075      ;
; -3.147 ; FSM:fsm_inst|count[0] ; shifter_2d_var:shifter_inst|aux[0][5]  ; Clk          ; Clk         ; 1.000        ; -0.069     ; 4.075      ;
; -3.147 ; FSM:fsm_inst|count[0] ; shifter_2d_var:shifter_inst|aux[13][4] ; Clk          ; Clk         ; 1.000        ; -0.075     ; 4.069      ;
; -3.147 ; FSM:fsm_inst|count[0] ; shifter_2d_var:shifter_inst|aux[0][2]  ; Clk          ; Clk         ; 1.000        ; -0.069     ; 4.075      ;
; -3.147 ; FSM:fsm_inst|count[0] ; shifter_2d_var:shifter_inst|aux[13][2] ; Clk          ; Clk         ; 1.000        ; -0.075     ; 4.069      ;
; -3.147 ; FSM:fsm_inst|count[0] ; shifter_2d_var:shifter_inst|aux[0][1]  ; Clk          ; Clk         ; 1.000        ; -0.069     ; 4.075      ;
; -3.147 ; FSM:fsm_inst|count[0] ; shifter_2d_var:shifter_inst|aux[0][0]  ; Clk          ; Clk         ; 1.000        ; -0.069     ; 4.075      ;
; -3.140 ; FSM:fsm_inst|count[4] ; shifter_2d_var:shifter_inst|aux[17][6] ; Clk          ; Clk         ; 1.000        ; -0.075     ; 4.062      ;
; -3.140 ; FSM:fsm_inst|count[4] ; shifter_2d_var:shifter_inst|aux[17][5] ; Clk          ; Clk         ; 1.000        ; -0.075     ; 4.062      ;
; -3.140 ; FSM:fsm_inst|count[4] ; shifter_2d_var:shifter_inst|aux[17][4] ; Clk          ; Clk         ; 1.000        ; -0.075     ; 4.062      ;
; -3.140 ; FSM:fsm_inst|count[4] ; shifter_2d_var:shifter_inst|aux[17][3] ; Clk          ; Clk         ; 1.000        ; -0.075     ; 4.062      ;
; -3.140 ; FSM:fsm_inst|count[4] ; shifter_2d_var:shifter_inst|aux[17][2] ; Clk          ; Clk         ; 1.000        ; -0.075     ; 4.062      ;
; -3.140 ; FSM:fsm_inst|count[4] ; shifter_2d_var:shifter_inst|aux[17][1] ; Clk          ; Clk         ; 1.000        ; -0.075     ; 4.062      ;
; -3.135 ; FSM:fsm_inst|count[4] ; shifter_2d_var:shifter_inst|aux[19][7] ; Clk          ; Clk         ; 1.000        ; -0.073     ; 4.059      ;
; -3.135 ; FSM:fsm_inst|count[4] ; shifter_2d_var:shifter_inst|aux[19][6] ; Clk          ; Clk         ; 1.000        ; -0.073     ; 4.059      ;
; -3.135 ; FSM:fsm_inst|count[4] ; shifter_2d_var:shifter_inst|aux[19][5] ; Clk          ; Clk         ; 1.000        ; -0.073     ; 4.059      ;
; -3.135 ; FSM:fsm_inst|count[4] ; shifter_2d_var:shifter_inst|aux[19][4] ; Clk          ; Clk         ; 1.000        ; -0.073     ; 4.059      ;
; -3.135 ; FSM:fsm_inst|count[4] ; shifter_2d_var:shifter_inst|aux[19][3] ; Clk          ; Clk         ; 1.000        ; -0.073     ; 4.059      ;
; -3.135 ; FSM:fsm_inst|count[4] ; shifter_2d_var:shifter_inst|aux[19][2] ; Clk          ; Clk         ; 1.000        ; -0.073     ; 4.059      ;
; -3.135 ; FSM:fsm_inst|count[4] ; shifter_2d_var:shifter_inst|aux[19][1] ; Clk          ; Clk         ; 1.000        ; -0.073     ; 4.059      ;
; -3.135 ; FSM:fsm_inst|count[4] ; shifter_2d_var:shifter_inst|aux[19][0] ; Clk          ; Clk         ; 1.000        ; -0.073     ; 4.059      ;
; -3.131 ; FSM:fsm_inst|state.s0 ; shifter_2d_var:shifter_inst|aux[17][6] ; Clk          ; Clk         ; 1.000        ; -0.075     ; 4.053      ;
; -3.131 ; FSM:fsm_inst|state.s0 ; shifter_2d_var:shifter_inst|aux[17][5] ; Clk          ; Clk         ; 1.000        ; -0.075     ; 4.053      ;
; -3.131 ; FSM:fsm_inst|state.s0 ; shifter_2d_var:shifter_inst|aux[17][4] ; Clk          ; Clk         ; 1.000        ; -0.075     ; 4.053      ;
; -3.131 ; FSM:fsm_inst|state.s0 ; shifter_2d_var:shifter_inst|aux[17][3] ; Clk          ; Clk         ; 1.000        ; -0.075     ; 4.053      ;
; -3.131 ; FSM:fsm_inst|state.s0 ; shifter_2d_var:shifter_inst|aux[17][2] ; Clk          ; Clk         ; 1.000        ; -0.075     ; 4.053      ;
; -3.131 ; FSM:fsm_inst|state.s0 ; shifter_2d_var:shifter_inst|aux[17][1] ; Clk          ; Clk         ; 1.000        ; -0.075     ; 4.053      ;
; -3.122 ; FSM:fsm_inst|state.s0 ; shifter_2d_var:shifter_inst|aux[24][7] ; Clk          ; Clk         ; 1.000        ; -0.073     ; 4.046      ;
; -3.122 ; FSM:fsm_inst|state.s0 ; shifter_2d_var:shifter_inst|aux[24][6] ; Clk          ; Clk         ; 1.000        ; -0.073     ; 4.046      ;
; -3.122 ; FSM:fsm_inst|state.s0 ; shifter_2d_var:shifter_inst|aux[24][5] ; Clk          ; Clk         ; 1.000        ; -0.073     ; 4.046      ;
; -3.122 ; FSM:fsm_inst|state.s0 ; shifter_2d_var:shifter_inst|aux[24][4] ; Clk          ; Clk         ; 1.000        ; -0.073     ; 4.046      ;
; -3.122 ; FSM:fsm_inst|state.s0 ; shifter_2d_var:shifter_inst|aux[24][3] ; Clk          ; Clk         ; 1.000        ; -0.073     ; 4.046      ;
; -3.122 ; FSM:fsm_inst|state.s0 ; shifter_2d_var:shifter_inst|aux[24][2] ; Clk          ; Clk         ; 1.000        ; -0.073     ; 4.046      ;
; -3.122 ; FSM:fsm_inst|state.s0 ; shifter_2d_var:shifter_inst|aux[24][1] ; Clk          ; Clk         ; 1.000        ; -0.073     ; 4.046      ;
; -3.122 ; FSM:fsm_inst|state.s0 ; shifter_2d_var:shifter_inst|aux[24][0] ; Clk          ; Clk         ; 1.000        ; -0.073     ; 4.046      ;
; -3.100 ; FSM:fsm_inst|count[4] ; shifter_2d_var:shifter_inst|aux[23][5] ; Clk          ; Clk         ; 1.000        ; -0.074     ; 4.023      ;
; -3.100 ; FSM:fsm_inst|count[4] ; shifter_2d_var:shifter_inst|aux[23][1] ; Clk          ; Clk         ; 1.000        ; -0.074     ; 4.023      ;
; -3.100 ; FSM:fsm_inst|count[4] ; shifter_2d_var:shifter_inst|aux[23][0] ; Clk          ; Clk         ; 1.000        ; -0.074     ; 4.023      ;
; -3.098 ; FSM:fsm_inst|count[1] ; shifter_2d_var:shifter_inst|aux[29][7] ; Clk          ; Clk         ; 1.000        ; -0.071     ; 4.024      ;
; -3.098 ; FSM:fsm_inst|count[1] ; shifter_2d_var:shifter_inst|aux[29][5] ; Clk          ; Clk         ; 1.000        ; -0.071     ; 4.024      ;
; -3.098 ; FSM:fsm_inst|count[3] ; shifter_2d_var:shifter_inst|aux[17][6] ; Clk          ; Clk         ; 1.000        ; -0.075     ; 4.020      ;
; -3.098 ; FSM:fsm_inst|count[3] ; shifter_2d_var:shifter_inst|aux[17][5] ; Clk          ; Clk         ; 1.000        ; -0.075     ; 4.020      ;
; -3.098 ; FSM:fsm_inst|count[3] ; shifter_2d_var:shifter_inst|aux[17][4] ; Clk          ; Clk         ; 1.000        ; -0.075     ; 4.020      ;
; -3.098 ; FSM:fsm_inst|count[3] ; shifter_2d_var:shifter_inst|aux[17][3] ; Clk          ; Clk         ; 1.000        ; -0.075     ; 4.020      ;
; -3.098 ; FSM:fsm_inst|count[3] ; shifter_2d_var:shifter_inst|aux[17][2] ; Clk          ; Clk         ; 1.000        ; -0.075     ; 4.020      ;
; -3.098 ; FSM:fsm_inst|count[3] ; shifter_2d_var:shifter_inst|aux[17][1] ; Clk          ; Clk         ; 1.000        ; -0.075     ; 4.020      ;
; -3.093 ; FSM:fsm_inst|count[3] ; shifter_2d_var:shifter_inst|aux[19][7] ; Clk          ; Clk         ; 1.000        ; -0.073     ; 4.017      ;
; -3.093 ; FSM:fsm_inst|count[3] ; shifter_2d_var:shifter_inst|aux[19][6] ; Clk          ; Clk         ; 1.000        ; -0.073     ; 4.017      ;
; -3.093 ; FSM:fsm_inst|count[3] ; shifter_2d_var:shifter_inst|aux[19][5] ; Clk          ; Clk         ; 1.000        ; -0.073     ; 4.017      ;
; -3.093 ; FSM:fsm_inst|count[3] ; shifter_2d_var:shifter_inst|aux[19][4] ; Clk          ; Clk         ; 1.000        ; -0.073     ; 4.017      ;
; -3.093 ; FSM:fsm_inst|count[3] ; shifter_2d_var:shifter_inst|aux[19][3] ; Clk          ; Clk         ; 1.000        ; -0.073     ; 4.017      ;
; -3.093 ; FSM:fsm_inst|count[3] ; shifter_2d_var:shifter_inst|aux[19][2] ; Clk          ; Clk         ; 1.000        ; -0.073     ; 4.017      ;
; -3.093 ; FSM:fsm_inst|count[3] ; shifter_2d_var:shifter_inst|aux[19][1] ; Clk          ; Clk         ; 1.000        ; -0.073     ; 4.017      ;
; -3.093 ; FSM:fsm_inst|count[3] ; shifter_2d_var:shifter_inst|aux[19][0] ; Clk          ; Clk         ; 1.000        ; -0.073     ; 4.017      ;
; -3.088 ; FSM:fsm_inst|count[4] ; shifter_2d_var:shifter_inst|aux[25][3] ; Clk          ; Clk         ; 1.000        ; -0.074     ; 4.011      ;
; -3.088 ; FSM:fsm_inst|count[0] ; shifter_2d_var:shifter_inst|aux[17][6] ; Clk          ; Clk         ; 1.000        ; -0.075     ; 4.010      ;
; -3.088 ; FSM:fsm_inst|count[0] ; shifter_2d_var:shifter_inst|aux[17][5] ; Clk          ; Clk         ; 1.000        ; -0.075     ; 4.010      ;
; -3.088 ; FSM:fsm_inst|count[0] ; shifter_2d_var:shifter_inst|aux[17][4] ; Clk          ; Clk         ; 1.000        ; -0.075     ; 4.010      ;
; -3.088 ; FSM:fsm_inst|count[0] ; shifter_2d_var:shifter_inst|aux[17][3] ; Clk          ; Clk         ; 1.000        ; -0.075     ; 4.010      ;
; -3.088 ; FSM:fsm_inst|count[0] ; shifter_2d_var:shifter_inst|aux[17][2] ; Clk          ; Clk         ; 1.000        ; -0.075     ; 4.010      ;
; -3.088 ; FSM:fsm_inst|count[0] ; shifter_2d_var:shifter_inst|aux[17][1] ; Clk          ; Clk         ; 1.000        ; -0.075     ; 4.010      ;
; -3.086 ; FSM:fsm_inst|count[4] ; shifter_2d_var:shifter_inst|aux[9][7]  ; Clk          ; Clk         ; 1.000        ; -0.072     ; 4.011      ;
; -3.086 ; FSM:fsm_inst|count[4] ; shifter_2d_var:shifter_inst|aux[9][6]  ; Clk          ; Clk         ; 1.000        ; -0.072     ; 4.011      ;
; -3.086 ; FSM:fsm_inst|count[4] ; shifter_2d_var:shifter_inst|aux[9][5]  ; Clk          ; Clk         ; 1.000        ; -0.072     ; 4.011      ;
; -3.086 ; FSM:fsm_inst|count[4] ; shifter_2d_var:shifter_inst|aux[9][2]  ; Clk          ; Clk         ; 1.000        ; -0.072     ; 4.011      ;
; -3.086 ; FSM:fsm_inst|count[4] ; shifter_2d_var:shifter_inst|aux[9][0]  ; Clk          ; Clk         ; 1.000        ; -0.072     ; 4.011      ;
; -3.083 ; FSM:fsm_inst|count[4] ; shifter_2d_var:shifter_inst|aux[31][5] ; Clk          ; Clk         ; 1.000        ; -0.073     ; 4.007      ;
; -3.083 ; FSM:fsm_inst|count[4] ; shifter_2d_var:shifter_inst|aux[31][6] ; Clk          ; Clk         ; 1.000        ; -0.073     ; 4.007      ;
; -3.083 ; FSM:fsm_inst|count[4] ; shifter_2d_var:shifter_inst|aux[31][7] ; Clk          ; Clk         ; 1.000        ; -0.073     ; 4.007      ;
; -3.083 ; FSM:fsm_inst|count[0] ; shifter_2d_var:shifter_inst|aux[19][7] ; Clk          ; Clk         ; 1.000        ; -0.073     ; 4.007      ;
; -3.083 ; FSM:fsm_inst|count[0] ; shifter_2d_var:shifter_inst|aux[19][6] ; Clk          ; Clk         ; 1.000        ; -0.073     ; 4.007      ;
+--------+-----------------------+----------------------------------------+--------------+-------------+--------------+------------+------------+


+---------------------------------------------------------------------------------------------------------------------------------------------------------------+
; Slow 1200mV 125C Model Hold: 'Clk'                                                                                                                            ;
+-------+----------------------------------------+----------------------------------------+--------------+-------------+--------------+------------+------------+
; Slack ; From Node                              ; To Node                                ; Launch Clock ; Latch Clock ; Relationship ; Clock Skew ; Data Delay ;
+-------+----------------------------------------+----------------------------------------+--------------+-------------+--------------+------------+------------+
; 0.429 ; FSM:fsm_inst|state.s1                  ; FSM:fsm_inst|state.s1                  ; Clk          ; Clk         ; 0.000        ; 0.074      ; 0.692      ;
; 0.429 ; FSM:fsm_inst|state.s0                  ; FSM:fsm_inst|state.s0                  ; Clk          ; Clk         ; 0.000        ; 0.074      ; 0.692      ;
; 0.444 ; shifter_2d_var:shifter_inst|aux[8][7]  ; shifter_2d_var:shifter_inst|aux[7][7]  ; Clk          ; Clk         ; 0.000        ; 0.075      ; 0.708      ;
; 0.445 ; shifter_2d_var:shifter_inst|aux[20][2] ; shifter_2d_var:shifter_inst|aux[19][2] ; Clk          ; Clk         ; 0.000        ; 0.074      ; 0.708      ;
; 0.445 ; shifter_2d_var:shifter_inst|aux[25][0] ; shifter_2d_var:shifter_inst|aux[24][0] ; Clk          ; Clk         ; 0.000        ; 0.074      ; 0.708      ;
; 0.446 ; shifter_2d_var:shifter_inst|aux[4][1]  ; shifter_2d_var:shifter_inst|aux[3][1]  ; Clk          ; Clk         ; 0.000        ; 0.074      ; 0.709      ;
; 0.446 ; shifter_2d_var:shifter_inst|aux[4][0]  ; shifter_2d_var:shifter_inst|aux[3][0]  ; Clk          ; Clk         ; 0.000        ; 0.074      ; 0.709      ;
; 0.447 ; shifter_2d_var:shifter_inst|aux[20][6] ; shifter_2d_var:shifter_inst|aux[19][6] ; Clk          ; Clk         ; 0.000        ; 0.074      ; 0.710      ;
; 0.447 ; shifter_2d_var:shifter_inst|aux[20][4] ; shifter_2d_var:shifter_inst|aux[19][4] ; Clk          ; Clk         ; 0.000        ; 0.074      ; 0.710      ;
; 0.448 ; shifter_2d_var:shifter_inst|aux[20][7] ; shifter_2d_var:shifter_inst|aux[19][7] ; Clk          ; Clk         ; 0.000        ; 0.074      ; 0.711      ;
; 0.570 ; shifter_2d_var:shifter_inst|aux[22][5] ; shifter_2d_var:shifter_inst|aux[21][5] ; Clk          ; Clk         ; 0.000        ; 0.074      ; 0.833      ;
; 0.571 ; shifter_2d_var:shifter_inst|aux[13][7] ; shifter_2d_var:shifter_inst|aux[12][7] ; Clk          ; Clk         ; 0.000        ; 0.074      ; 0.834      ;
; 0.571 ; shifter_2d_var:shifter_inst|aux[20][5] ; shifter_2d_var:shifter_inst|aux[19][5] ; Clk          ; Clk         ; 0.000        ; 0.074      ; 0.834      ;
; 0.571 ; shifter_2d_var:shifter_inst|aux[6][4]  ; shifter_2d_var:shifter_inst|aux[5][4]  ; Clk          ; Clk         ; 0.000        ; 0.074      ; 0.834      ;
; 0.571 ; shifter_2d_var:shifter_inst|aux[13][1] ; shifter_2d_var:shifter_inst|aux[12][1] ; Clk          ; Clk         ; 0.000        ; 0.074      ; 0.834      ;
; 0.573 ; shifter_2d_var:shifter_inst|aux[6][1]  ; shifter_2d_var:shifter_inst|aux[5][1]  ; Clk          ; Clk         ; 0.000        ; 0.074      ; 0.836      ;
; 0.598 ; shifter_2d_var:shifter_inst|aux[12][1] ; shifter_2d_var:shifter_inst|aux[11][1] ; Clk          ; Clk         ; 0.000        ; 0.075      ; 0.862      ;
; 0.603 ; shifter_2d_var:shifter_inst|aux[11][0] ; shifter_2d_var:shifter_inst|aux[10][0] ; Clk          ; Clk         ; 0.000        ; 0.075      ; 0.867      ;
; 0.612 ; shifter_2d_var:shifter_inst|aux[17][0] ; shifter_2d_var:shifter_inst|aux[16][0] ; Clk          ; Clk         ; 0.000        ; 0.073      ; 0.874      ;
; 0.616 ; shifter_2d_var:shifter_inst|aux[9][6]  ; shifter_2d_var:shifter_inst|aux[8][6]  ; Clk          ; Clk         ; 0.000        ; 0.075      ; 0.880      ;
; 0.619 ; shifter_2d_var:shifter_inst|aux[12][7] ; shifter_2d_var:shifter_inst|aux[11][7] ; Clk          ; Clk         ; 0.000        ; 0.075      ; 0.883      ;
; 0.619 ; shifter_2d_var:shifter_inst|aux[4][4]  ; shifter_2d_var:shifter_inst|aux[3][4]  ; Clk          ; Clk         ; 0.000        ; 0.075      ; 0.883      ;
; 0.619 ; shifter_2d_var:shifter_inst|aux[12][3] ; shifter_2d_var:shifter_inst|aux[11][3] ; Clk          ; Clk         ; 0.000        ; 0.075      ; 0.883      ;
; 0.621 ; shifter_2d_var:shifter_inst|aux[9][7]  ; shifter_2d_var:shifter_inst|aux[8][7]  ; Clk          ; Clk         ; 0.000        ; 0.075      ; 0.885      ;
; 0.625 ; shifter_2d_var:shifter_inst|aux[9][0]  ; shifter_2d_var:shifter_inst|aux[8][0]  ; Clk          ; Clk         ; 0.000        ; 0.075      ; 0.889      ;
; 0.627 ; shifter_2d_var:shifter_inst|aux[24][6] ; shifter_2d_var:shifter_inst|aux[23][6] ; Clk          ; Clk         ; 0.000        ; 0.499      ; 1.315      ;
; 0.639 ; shifter_2d_var:shifter_inst|aux[24][7] ; shifter_2d_var:shifter_inst|aux[23][7] ; Clk          ; Clk         ; 0.000        ; 0.499      ; 1.327      ;
; 0.653 ; shifter_2d_var:shifter_inst|aux[24][4] ; shifter_2d_var:shifter_inst|aux[23][4] ; Clk          ; Clk         ; 0.000        ; 0.499      ; 1.341      ;
; 0.657 ; shifter_2d_var:shifter_inst|aux[24][2] ; shifter_2d_var:shifter_inst|aux[23][2] ; Clk          ; Clk         ; 0.000        ; 0.499      ; 1.345      ;
; 0.659 ; shifter_2d_var:shifter_inst|aux[25][4] ; shifter_2d_var:shifter_inst|aux[24][4] ; Clk          ; Clk         ; 0.000        ; 0.074      ; 0.922      ;
; 0.659 ; shifter_2d_var:shifter_inst|aux[22][2] ; shifter_2d_var:shifter_inst|aux[21][2] ; Clk          ; Clk         ; 0.000        ; 0.074      ; 0.922      ;
; 0.660 ; shifter_2d_var:shifter_inst|aux[17][6] ; shifter_2d_var:shifter_inst|aux[16][6] ; Clk          ; Clk         ; 0.000        ; 0.074      ; 0.923      ;
; 0.660 ; shifter_2d_var:shifter_inst|aux[30][6] ; shifter_2d_var:shifter_inst|aux[29][6] ; Clk          ; Clk         ; 0.000        ; 0.074      ; 0.923      ;
; 0.660 ; shifter_2d_var:shifter_inst|aux[8][5]  ; shifter_2d_var:shifter_inst|aux[7][5]  ; Clk          ; Clk         ; 0.000        ; 0.075      ; 0.924      ;
; 0.660 ; shifter_2d_var:shifter_inst|aux[17][3] ; shifter_2d_var:shifter_inst|aux[16][3] ; Clk          ; Clk         ; 0.000        ; 0.074      ; 0.923      ;
; 0.660 ; shifter_2d_var:shifter_inst|aux[22][1] ; shifter_2d_var:shifter_inst|aux[21][1] ; Clk          ; Clk         ; 0.000        ; 0.074      ; 0.923      ;
; 0.661 ; shifter_2d_var:shifter_inst|aux[8][6]  ; shifter_2d_var:shifter_inst|aux[7][6]  ; Clk          ; Clk         ; 0.000        ; 0.075      ; 0.925      ;
; 0.661 ; shifter_2d_var:shifter_inst|aux[25][6] ; shifter_2d_var:shifter_inst|aux[24][6] ; Clk          ; Clk         ; 0.000        ; 0.074      ; 0.924      ;
; 0.661 ; shifter_2d_var:shifter_inst|aux[30][3] ; shifter_2d_var:shifter_inst|aux[29][3] ; Clk          ; Clk         ; 0.000        ; 0.074      ; 0.924      ;
; 0.661 ; shifter_2d_var:shifter_inst|aux[9][2]  ; shifter_2d_var:shifter_inst|aux[8][2]  ; Clk          ; Clk         ; 0.000        ; 0.074      ; 0.924      ;
; 0.661 ; shifter_2d_var:shifter_inst|aux[18][0] ; shifter_2d_var:shifter_inst|aux[17][0] ; Clk          ; Clk         ; 0.000        ; 0.074      ; 0.924      ;
; 0.661 ; shifter_2d_var:shifter_inst|aux[30][0] ; shifter_2d_var:shifter_inst|aux[29][0] ; Clk          ; Clk         ; 0.000        ; 0.074      ; 0.924      ;
; 0.662 ; shifter_2d_var:shifter_inst|aux[1][7]  ; shifter_2d_var:shifter_inst|aux[0][7]  ; Clk          ; Clk         ; 0.000        ; 0.074      ; 0.925      ;
; 0.662 ; shifter_2d_var:shifter_inst|aux[18][7] ; shifter_2d_var:shifter_inst|aux[17][7] ; Clk          ; Clk         ; 0.000        ; 0.074      ; 0.925      ;
; 0.662 ; shifter_2d_var:shifter_inst|aux[13][6] ; shifter_2d_var:shifter_inst|aux[12][6] ; Clk          ; Clk         ; 0.000        ; 0.074      ; 0.925      ;
; 0.662 ; shifter_2d_var:shifter_inst|aux[1][5]  ; shifter_2d_var:shifter_inst|aux[0][5]  ; Clk          ; Clk         ; 0.000        ; 0.074      ; 0.925      ;
; 0.662 ; shifter_2d_var:shifter_inst|aux[17][5] ; shifter_2d_var:shifter_inst|aux[16][5] ; Clk          ; Clk         ; 0.000        ; 0.074      ; 0.925      ;
; 0.662 ; shifter_2d_var:shifter_inst|aux[8][4]  ; shifter_2d_var:shifter_inst|aux[7][4]  ; Clk          ; Clk         ; 0.000        ; 0.075      ; 0.926      ;
; 0.662 ; shifter_2d_var:shifter_inst|aux[14][4] ; shifter_2d_var:shifter_inst|aux[13][4] ; Clk          ; Clk         ; 0.000        ; 0.074      ; 0.925      ;
; 0.662 ; shifter_2d_var:shifter_inst|aux[22][4] ; shifter_2d_var:shifter_inst|aux[21][4] ; Clk          ; Clk         ; 0.000        ; 0.074      ; 0.925      ;
; 0.662 ; shifter_2d_var:shifter_inst|aux[20][3] ; shifter_2d_var:shifter_inst|aux[19][3] ; Clk          ; Clk         ; 0.000        ; 0.074      ; 0.925      ;
; 0.662 ; shifter_2d_var:shifter_inst|aux[8][1]  ; shifter_2d_var:shifter_inst|aux[7][1]  ; Clk          ; Clk         ; 0.000        ; 0.075      ; 0.926      ;
; 0.662 ; shifter_2d_var:shifter_inst|aux[25][1] ; shifter_2d_var:shifter_inst|aux[24][1] ; Clk          ; Clk         ; 0.000        ; 0.074      ; 0.925      ;
; 0.662 ; shifter_2d_var:shifter_inst|aux[30][1] ; shifter_2d_var:shifter_inst|aux[29][1] ; Clk          ; Clk         ; 0.000        ; 0.074      ; 0.925      ;
; 0.662 ; shifter_2d_var:shifter_inst|aux[8][0]  ; shifter_2d_var:shifter_inst|aux[7][0]  ; Clk          ; Clk         ; 0.000        ; 0.075      ; 0.926      ;
; 0.662 ; shifter_2d_var:shifter_inst|aux[20][0] ; shifter_2d_var:shifter_inst|aux[19][0] ; Clk          ; Clk         ; 0.000        ; 0.074      ; 0.925      ;
; 0.663 ; shifter_2d_var:shifter_inst|aux[25][5] ; shifter_2d_var:shifter_inst|aux[24][5] ; Clk          ; Clk         ; 0.000        ; 0.074      ; 0.926      ;
; 0.663 ; shifter_2d_var:shifter_inst|aux[1][2]  ; shifter_2d_var:shifter_inst|aux[0][2]  ; Clk          ; Clk         ; 0.000        ; 0.074      ; 0.926      ;
; 0.677 ; shifter_2d_var:shifter_inst|aux[6][3]  ; shifter_2d_var:shifter_inst|aux[5][3]  ; Clk          ; Clk         ; 0.000        ; 0.074      ; 0.940      ;
; 0.678 ; shifter_2d_var:shifter_inst|aux[22][7] ; shifter_2d_var:shifter_inst|aux[21][7] ; Clk          ; Clk         ; 0.000        ; 0.074      ; 0.941      ;
; 0.678 ; shifter_2d_var:shifter_inst|aux[6][5]  ; shifter_2d_var:shifter_inst|aux[5][5]  ; Clk          ; Clk         ; 0.000        ; 0.074      ; 0.941      ;
; 0.678 ; shifter_2d_var:shifter_inst|aux[30][4] ; shifter_2d_var:shifter_inst|aux[29][4] ; Clk          ; Clk         ; 0.000        ; 0.074      ; 0.941      ;
; 0.678 ; shifter_2d_var:shifter_inst|aux[6][2]  ; shifter_2d_var:shifter_inst|aux[5][2]  ; Clk          ; Clk         ; 0.000        ; 0.074      ; 0.941      ;
; 0.678 ; shifter_2d_var:shifter_inst|aux[17][2] ; shifter_2d_var:shifter_inst|aux[16][2] ; Clk          ; Clk         ; 0.000        ; 0.074      ; 0.941      ;
; 0.678 ; shifter_2d_var:shifter_inst|aux[1][0]  ; shifter_2d_var:shifter_inst|aux[0][0]  ; Clk          ; Clk         ; 0.000        ; 0.074      ; 0.941      ;
; 0.680 ; shifter_2d_var:shifter_inst|aux[22][6] ; shifter_2d_var:shifter_inst|aux[21][6] ; Clk          ; Clk         ; 0.000        ; 0.074      ; 0.943      ;
; 0.680 ; shifter_2d_var:shifter_inst|aux[13][5] ; shifter_2d_var:shifter_inst|aux[12][5] ; Clk          ; Clk         ; 0.000        ; 0.074      ; 0.943      ;
; 0.680 ; shifter_2d_var:shifter_inst|aux[17][1] ; shifter_2d_var:shifter_inst|aux[16][1] ; Clk          ; Clk         ; 0.000        ; 0.074      ; 0.943      ;
; 0.680 ; shifter_2d_var:shifter_inst|aux[6][0]  ; shifter_2d_var:shifter_inst|aux[5][0]  ; Clk          ; Clk         ; 0.000        ; 0.074      ; 0.943      ;
; 0.680 ; shifter_2d_var:shifter_inst|aux[13][0] ; shifter_2d_var:shifter_inst|aux[12][0] ; Clk          ; Clk         ; 0.000        ; 0.074      ; 0.943      ;
; 0.681 ; shifter_2d_var:shifter_inst|aux[17][4] ; shifter_2d_var:shifter_inst|aux[16][4] ; Clk          ; Clk         ; 0.000        ; 0.074      ; 0.944      ;
; 0.689 ; shifter_2d_var:shifter_inst|aux[24][3] ; shifter_2d_var:shifter_inst|aux[23][3] ; Clk          ; Clk         ; 0.000        ; 0.499      ; 1.377      ;
; 0.691 ; shifter_2d_var:shifter_inst|aux[26][7] ; shifter_2d_var:shifter_inst|aux[25][7] ; Clk          ; Clk         ; 0.000        ; 0.498      ; 1.378      ;
; 0.708 ; FSM:fsm_inst|count[2]                  ; FSM:fsm_inst|count[2]                  ; Clk          ; Clk         ; 0.000        ; 0.074      ; 0.971      ;
; 0.714 ; FSM:fsm_inst|count[1]                  ; FSM:fsm_inst|count[1]                  ; Clk          ; Clk         ; 0.000        ; 0.074      ; 0.977      ;
; 0.722 ; shifter_2d_var:shifter_inst|aux[9][5]  ; shifter_2d_var:shifter_inst|aux[8][5]  ; Clk          ; Clk         ; 0.000        ; 0.075      ; 0.986      ;
; 0.724 ; shifter_2d_var:shifter_inst|aux[14][6] ; shifter_2d_var:shifter_inst|aux[13][6] ; Clk          ; Clk         ; 0.000        ; 0.075      ; 0.988      ;
; 0.736 ; shifter_2d_var:shifter_inst|aux[18][6] ; shifter_2d_var:shifter_inst|aux[17][6] ; Clk          ; Clk         ; 0.000        ; 0.073      ; 0.998      ;
; 0.736 ; shifter_2d_var:shifter_inst|aux[26][2] ; shifter_2d_var:shifter_inst|aux[25][2] ; Clk          ; Clk         ; 0.000        ; 0.073      ; 0.998      ;
; 0.741 ; shifter_2d_var:shifter_inst|aux[14][2] ; shifter_2d_var:shifter_inst|aux[13][2] ; Clk          ; Clk         ; 0.000        ; 0.074      ; 1.004      ;
; 0.764 ; shifter_2d_var:shifter_inst|aux[7][1]  ; shifter_2d_var:shifter_inst|aux[6][1]  ; Clk          ; Clk         ; 0.000        ; 0.076      ; 1.029      ;
; 0.764 ; shifter_2d_var:shifter_inst|aux[20][1] ; shifter_2d_var:shifter_inst|aux[19][1] ; Clk          ; Clk         ; 0.000        ; 0.074      ; 1.027      ;
; 0.766 ; shifter_2d_var:shifter_inst|aux[1][3]  ; shifter_2d_var:shifter_inst|aux[0][3]  ; Clk          ; Clk         ; 0.000        ; 0.495      ; 1.450      ;
; 0.778 ; shifter_2d_var:shifter_inst|aux[26][0] ; shifter_2d_var:shifter_inst|aux[25][0] ; Clk          ; Clk         ; 0.000        ; 0.073      ; 1.040      ;
; 0.780 ; shifter_2d_var:shifter_inst|aux[23][0] ; shifter_2d_var:shifter_inst|aux[22][0] ; Clk          ; Clk         ; 0.000        ; 0.497      ; 1.466      ;
; 0.813 ; shifter_2d_var:shifter_inst|aux[12][4] ; shifter_2d_var:shifter_inst|aux[11][4] ; Clk          ; Clk         ; 0.000        ; 0.075      ; 1.077      ;
; 0.815 ; shifter_2d_var:shifter_inst|aux[30][5] ; shifter_2d_var:shifter_inst|aux[29][5] ; Clk          ; Clk         ; 0.000        ; 0.075      ; 1.079      ;
; 0.816 ; shifter_2d_var:shifter_inst|aux[8][3]  ; shifter_2d_var:shifter_inst|aux[7][3]  ; Clk          ; Clk         ; 0.000        ; 0.075      ; 1.080      ;
; 0.818 ; shifter_2d_var:shifter_inst|aux[12][2] ; shifter_2d_var:shifter_inst|aux[11][2] ; Clk          ; Clk         ; 0.000        ; 0.075      ; 1.082      ;
; 0.825 ; shifter_2d_var:shifter_inst|aux[6][6]  ; shifter_2d_var:shifter_inst|aux[5][6]  ; Clk          ; Clk         ; 0.000        ; 0.073      ; 1.087      ;
; 0.827 ; shifter_2d_var:shifter_inst|aux[18][5] ; shifter_2d_var:shifter_inst|aux[17][5] ; Clk          ; Clk         ; 0.000        ; 0.073      ; 1.089      ;
; 0.827 ; shifter_2d_var:shifter_inst|aux[26][5] ; shifter_2d_var:shifter_inst|aux[25][5] ; Clk          ; Clk         ; 0.000        ; 0.073      ; 1.089      ;
; 0.828 ; shifter_2d_var:shifter_inst|aux[12][5] ; shifter_2d_var:shifter_inst|aux[11][5] ; Clk          ; Clk         ; 0.000        ; 0.075      ; 1.092      ;
; 0.829 ; shifter_2d_var:shifter_inst|aux[30][7] ; shifter_2d_var:shifter_inst|aux[29][7] ; Clk          ; Clk         ; 0.000        ; 0.075      ; 1.093      ;
; 0.829 ; shifter_2d_var:shifter_inst|aux[19][2] ; shifter_2d_var:shifter_inst|aux[18][2] ; Clk          ; Clk         ; 0.000        ; 0.073      ; 1.091      ;
; 0.830 ; shifter_2d_var:shifter_inst|aux[4][2]  ; shifter_2d_var:shifter_inst|aux[3][2]  ; Clk          ; Clk         ; 0.000        ; 0.075      ; 1.094      ;
; 0.831 ; shifter_2d_var:shifter_inst|aux[13][4] ; shifter_2d_var:shifter_inst|aux[12][4] ; Clk          ; Clk         ; 0.000        ; 0.075      ; 1.095      ;
; 0.831 ; shifter_2d_var:shifter_inst|aux[19][1] ; shifter_2d_var:shifter_inst|aux[18][1] ; Clk          ; Clk         ; 0.000        ; 0.073      ; 1.093      ;
; 0.837 ; shifter_2d_var:shifter_inst|aux[4][3]  ; shifter_2d_var:shifter_inst|aux[3][3]  ; Clk          ; Clk         ; 0.000        ; 0.075      ; 1.101      ;
; 0.847 ; shifter_2d_var:shifter_inst|aux[1][1]  ; shifter_2d_var:shifter_inst|aux[0][1]  ; Clk          ; Clk         ; 0.000        ; 0.074      ; 1.110      ;
+-------+----------------------------------------+----------------------------------------+--------------+-------------+--------------+------------+------------+


------------------------------------------------
; Slow 1200mV 125C Model Metastability Summary ;
------------------------------------------------
No synchronizer chains to report.


+-----------------------------------------------------------------------------------------------------------+
; Slow 1200mV -40C Model Fmax Summary                                                                       ;
+------------+-----------------+------------+---------------------------------------------------------------+
; Fmax       ; Restricted Fmax ; Clock Name ; Note                                                          ;
+------------+-----------------+------------+---------------------------------------------------------------+
; 263.64 MHz ; 250.0 MHz       ; Clk        ; limit due to minimum period restriction (max I/O toggle rate) ;
+------------+-----------------+------------+---------------------------------------------------------------+
This panel reports FMAX for every clock in the design, regardless of the user-specified clock periods.  FMAX is only computed for paths where the source and destination registers or ports are driven by the same clock.  Paths of different clocks, including generated clocks, are ignored.  For paths between a clock and its inversion, FMAX is computed as if the rising and falling edges are scaled along with FMAX, such that the duty cycle (in terms of a percentage) is maintained. Altera recommends that you always use clock constraints and other slack reports for sign-off analysis.


+--------------------------------------+
; Slow 1200mV -40C Model Setup Summary ;
+-------+--------+---------------------+
; Clock ; Slack  ; End Point TNS       ;
+-------+--------+---------------------+
; Clk   ; -2.793 ; -651.241            ;
+-------+--------+---------------------+


+-------------------------------------+
; Slow 1200mV -40C Model Hold Summary ;
+-------+-------+---------------------+
; Clock ; Slack ; End Point TNS       ;
+-------+-------+---------------------+
; Clk   ; 0.345 ; 0.000               ;
+-------+-------+---------------------+


-------------------------------------------
; Slow 1200mV -40C Model Recovery Summary ;
-------------------------------------------
No paths to report.


------------------------------------------
; Slow 1200mV -40C Model Removal Summary ;
------------------------------------------
No paths to report.


+----------------------------------------------------+
; Slow 1200mV -40C Model Minimum Pulse Width Summary ;
+-------+--------+-----------------------------------+
; Clock ; Slack  ; End Point TNS                     ;
+-------+--------+-----------------------------------+
; Clk   ; -3.000 ; -342.240                          ;
+-------+--------+-----------------------------------+


+-----------------------------------------------------------------------------------------------------------------------------------------------+
; Slow 1200mV -40C Model Setup: 'Clk'                                                                                                           ;
+--------+-----------------------+----------------------------------------+--------------+-------------+--------------+------------+------------+
; Slack  ; From Node             ; To Node                                ; Launch Clock ; Latch Clock ; Relationship ; Clock Skew ; Data Delay ;
+--------+-----------------------+----------------------------------------+--------------+-------------+--------------+------------+------------+
; -2.793 ; FSM:fsm_inst|state.s0 ; shifter_2d_var:shifter_inst|aux[17][7] ; Clk          ; Clk         ; 1.000        ; -0.059     ; 3.734      ;
; -2.793 ; FSM:fsm_inst|state.s0 ; shifter_2d_var:shifter_inst|aux[17][0] ; Clk          ; Clk         ; 1.000        ; -0.059     ; 3.734      ;
; -2.766 ; FSM:fsm_inst|count[4] ; shifter_2d_var:shifter_inst|aux[17][7] ; Clk          ; Clk         ; 1.000        ; -0.059     ; 3.707      ;
; -2.766 ; FSM:fsm_inst|count[4] ; shifter_2d_var:shifter_inst|aux[17][0] ; Clk          ; Clk         ; 1.000        ; -0.059     ; 3.707      ;
; -2.724 ; FSM:fsm_inst|count[4] ; shifter_2d_var:shifter_inst|aux[29][7] ; Clk          ; Clk         ; 1.000        ; -0.056     ; 3.668      ;
; -2.724 ; FSM:fsm_inst|count[4] ; shifter_2d_var:shifter_inst|aux[29][5] ; Clk          ; Clk         ; 1.000        ; -0.056     ; 3.668      ;
; -2.719 ; FSM:fsm_inst|state.s0 ; shifter_2d_var:shifter_inst|aux[10][6] ; Clk          ; Clk         ; 1.000        ; -0.056     ; 3.663      ;
; -2.719 ; FSM:fsm_inst|count[3] ; shifter_2d_var:shifter_inst|aux[17][7] ; Clk          ; Clk         ; 1.000        ; -0.059     ; 3.660      ;
; -2.719 ; FSM:fsm_inst|count[3] ; shifter_2d_var:shifter_inst|aux[17][0] ; Clk          ; Clk         ; 1.000        ; -0.059     ; 3.660      ;
; -2.706 ; FSM:fsm_inst|count[0] ; shifter_2d_var:shifter_inst|aux[17][7] ; Clk          ; Clk         ; 1.000        ; -0.059     ; 3.647      ;
; -2.706 ; FSM:fsm_inst|count[0] ; shifter_2d_var:shifter_inst|aux[17][0] ; Clk          ; Clk         ; 1.000        ; -0.059     ; 3.647      ;
; -2.698 ; FSM:fsm_inst|count[4] ; shifter_2d_var:shifter_inst|aux[0][7]  ; Clk          ; Clk         ; 1.000        ; -0.055     ; 3.643      ;
; -2.698 ; FSM:fsm_inst|count[4] ; shifter_2d_var:shifter_inst|aux[0][5]  ; Clk          ; Clk         ; 1.000        ; -0.055     ; 3.643      ;
; -2.698 ; FSM:fsm_inst|count[4] ; shifter_2d_var:shifter_inst|aux[0][2]  ; Clk          ; Clk         ; 1.000        ; -0.055     ; 3.643      ;
; -2.698 ; FSM:fsm_inst|count[4] ; shifter_2d_var:shifter_inst|aux[0][1]  ; Clk          ; Clk         ; 1.000        ; -0.055     ; 3.643      ;
; -2.698 ; FSM:fsm_inst|count[4] ; shifter_2d_var:shifter_inst|aux[0][0]  ; Clk          ; Clk         ; 1.000        ; -0.055     ; 3.643      ;
; -2.688 ; FSM:fsm_inst|count[4] ; shifter_2d_var:shifter_inst|aux[13][4] ; Clk          ; Clk         ; 1.000        ; -0.059     ; 3.629      ;
; -2.688 ; FSM:fsm_inst|count[4] ; shifter_2d_var:shifter_inst|aux[13][2] ; Clk          ; Clk         ; 1.000        ; -0.059     ; 3.629      ;
; -2.677 ; FSM:fsm_inst|count[3] ; shifter_2d_var:shifter_inst|aux[29][7] ; Clk          ; Clk         ; 1.000        ; -0.056     ; 3.621      ;
; -2.677 ; FSM:fsm_inst|count[3] ; shifter_2d_var:shifter_inst|aux[29][5] ; Clk          ; Clk         ; 1.000        ; -0.056     ; 3.621      ;
; -2.667 ; FSM:fsm_inst|state.s0 ; shifter_2d_var:shifter_inst|aux[24][7] ; Clk          ; Clk         ; 1.000        ; -0.058     ; 3.609      ;
; -2.667 ; FSM:fsm_inst|state.s0 ; shifter_2d_var:shifter_inst|aux[24][6] ; Clk          ; Clk         ; 1.000        ; -0.058     ; 3.609      ;
; -2.667 ; FSM:fsm_inst|state.s0 ; shifter_2d_var:shifter_inst|aux[24][5] ; Clk          ; Clk         ; 1.000        ; -0.058     ; 3.609      ;
; -2.667 ; FSM:fsm_inst|state.s0 ; shifter_2d_var:shifter_inst|aux[24][4] ; Clk          ; Clk         ; 1.000        ; -0.058     ; 3.609      ;
; -2.667 ; FSM:fsm_inst|state.s0 ; shifter_2d_var:shifter_inst|aux[24][3] ; Clk          ; Clk         ; 1.000        ; -0.058     ; 3.609      ;
; -2.667 ; FSM:fsm_inst|state.s0 ; shifter_2d_var:shifter_inst|aux[24][2] ; Clk          ; Clk         ; 1.000        ; -0.058     ; 3.609      ;
; -2.667 ; FSM:fsm_inst|state.s0 ; shifter_2d_var:shifter_inst|aux[24][1] ; Clk          ; Clk         ; 1.000        ; -0.058     ; 3.609      ;
; -2.667 ; FSM:fsm_inst|state.s0 ; shifter_2d_var:shifter_inst|aux[24][0] ; Clk          ; Clk         ; 1.000        ; -0.058     ; 3.609      ;
; -2.665 ; FSM:fsm_inst|state.s0 ; shifter_2d_var:shifter_inst|aux[17][6] ; Clk          ; Clk         ; 1.000        ; -0.060     ; 3.605      ;
; -2.665 ; FSM:fsm_inst|state.s0 ; shifter_2d_var:shifter_inst|aux[17][5] ; Clk          ; Clk         ; 1.000        ; -0.060     ; 3.605      ;
; -2.665 ; FSM:fsm_inst|state.s0 ; shifter_2d_var:shifter_inst|aux[17][4] ; Clk          ; Clk         ; 1.000        ; -0.060     ; 3.605      ;
; -2.665 ; FSM:fsm_inst|state.s0 ; shifter_2d_var:shifter_inst|aux[17][3] ; Clk          ; Clk         ; 1.000        ; -0.060     ; 3.605      ;
; -2.665 ; FSM:fsm_inst|state.s0 ; shifter_2d_var:shifter_inst|aux[17][2] ; Clk          ; Clk         ; 1.000        ; -0.060     ; 3.605      ;
; -2.665 ; FSM:fsm_inst|state.s0 ; shifter_2d_var:shifter_inst|aux[17][1] ; Clk          ; Clk         ; 1.000        ; -0.060     ; 3.605      ;
; -2.664 ; FSM:fsm_inst|count[0] ; shifter_2d_var:shifter_inst|aux[29][7] ; Clk          ; Clk         ; 1.000        ; -0.056     ; 3.608      ;
; -2.664 ; FSM:fsm_inst|count[0] ; shifter_2d_var:shifter_inst|aux[29][5] ; Clk          ; Clk         ; 1.000        ; -0.056     ; 3.608      ;
; -2.651 ; FSM:fsm_inst|count[3] ; shifter_2d_var:shifter_inst|aux[0][7]  ; Clk          ; Clk         ; 1.000        ; -0.055     ; 3.596      ;
; -2.651 ; FSM:fsm_inst|count[3] ; shifter_2d_var:shifter_inst|aux[0][5]  ; Clk          ; Clk         ; 1.000        ; -0.055     ; 3.596      ;
; -2.651 ; FSM:fsm_inst|count[3] ; shifter_2d_var:shifter_inst|aux[0][2]  ; Clk          ; Clk         ; 1.000        ; -0.055     ; 3.596      ;
; -2.651 ; FSM:fsm_inst|count[3] ; shifter_2d_var:shifter_inst|aux[0][1]  ; Clk          ; Clk         ; 1.000        ; -0.055     ; 3.596      ;
; -2.651 ; FSM:fsm_inst|count[3] ; shifter_2d_var:shifter_inst|aux[0][0]  ; Clk          ; Clk         ; 1.000        ; -0.055     ; 3.596      ;
; -2.649 ; FSM:fsm_inst|state.s0 ; shifter_2d_var:shifter_inst|aux[5][7]  ; Clk          ; Clk         ; 1.000        ; -0.056     ; 3.593      ;
; -2.649 ; FSM:fsm_inst|state.s0 ; shifter_2d_var:shifter_inst|aux[5][6]  ; Clk          ; Clk         ; 1.000        ; -0.056     ; 3.593      ;
; -2.641 ; FSM:fsm_inst|count[3] ; shifter_2d_var:shifter_inst|aux[13][4] ; Clk          ; Clk         ; 1.000        ; -0.059     ; 3.582      ;
; -2.641 ; FSM:fsm_inst|count[3] ; shifter_2d_var:shifter_inst|aux[13][2] ; Clk          ; Clk         ; 1.000        ; -0.059     ; 3.582      ;
; -2.638 ; FSM:fsm_inst|count[0] ; shifter_2d_var:shifter_inst|aux[0][7]  ; Clk          ; Clk         ; 1.000        ; -0.055     ; 3.583      ;
; -2.638 ; FSM:fsm_inst|count[0] ; shifter_2d_var:shifter_inst|aux[0][5]  ; Clk          ; Clk         ; 1.000        ; -0.055     ; 3.583      ;
; -2.638 ; FSM:fsm_inst|count[0] ; shifter_2d_var:shifter_inst|aux[0][2]  ; Clk          ; Clk         ; 1.000        ; -0.055     ; 3.583      ;
; -2.638 ; FSM:fsm_inst|count[0] ; shifter_2d_var:shifter_inst|aux[0][1]  ; Clk          ; Clk         ; 1.000        ; -0.055     ; 3.583      ;
; -2.638 ; FSM:fsm_inst|count[0] ; shifter_2d_var:shifter_inst|aux[0][0]  ; Clk          ; Clk         ; 1.000        ; -0.055     ; 3.583      ;
; -2.638 ; FSM:fsm_inst|count[4] ; shifter_2d_var:shifter_inst|aux[17][6] ; Clk          ; Clk         ; 1.000        ; -0.060     ; 3.578      ;
; -2.638 ; FSM:fsm_inst|count[4] ; shifter_2d_var:shifter_inst|aux[17][5] ; Clk          ; Clk         ; 1.000        ; -0.060     ; 3.578      ;
; -2.638 ; FSM:fsm_inst|count[4] ; shifter_2d_var:shifter_inst|aux[17][4] ; Clk          ; Clk         ; 1.000        ; -0.060     ; 3.578      ;
; -2.638 ; FSM:fsm_inst|count[4] ; shifter_2d_var:shifter_inst|aux[17][3] ; Clk          ; Clk         ; 1.000        ; -0.060     ; 3.578      ;
; -2.638 ; FSM:fsm_inst|count[4] ; shifter_2d_var:shifter_inst|aux[17][2] ; Clk          ; Clk         ; 1.000        ; -0.060     ; 3.578      ;
; -2.638 ; FSM:fsm_inst|count[4] ; shifter_2d_var:shifter_inst|aux[17][1] ; Clk          ; Clk         ; 1.000        ; -0.060     ; 3.578      ;
; -2.630 ; FSM:fsm_inst|count[4] ; shifter_2d_var:shifter_inst|aux[19][7] ; Clk          ; Clk         ; 1.000        ; -0.058     ; 3.572      ;
; -2.630 ; FSM:fsm_inst|count[4] ; shifter_2d_var:shifter_inst|aux[19][6] ; Clk          ; Clk         ; 1.000        ; -0.058     ; 3.572      ;
; -2.630 ; FSM:fsm_inst|count[4] ; shifter_2d_var:shifter_inst|aux[19][5] ; Clk          ; Clk         ; 1.000        ; -0.058     ; 3.572      ;
; -2.630 ; FSM:fsm_inst|count[4] ; shifter_2d_var:shifter_inst|aux[19][4] ; Clk          ; Clk         ; 1.000        ; -0.058     ; 3.572      ;
; -2.630 ; FSM:fsm_inst|count[4] ; shifter_2d_var:shifter_inst|aux[19][3] ; Clk          ; Clk         ; 1.000        ; -0.058     ; 3.572      ;
; -2.630 ; FSM:fsm_inst|count[4] ; shifter_2d_var:shifter_inst|aux[19][2] ; Clk          ; Clk         ; 1.000        ; -0.058     ; 3.572      ;
; -2.630 ; FSM:fsm_inst|count[4] ; shifter_2d_var:shifter_inst|aux[19][1] ; Clk          ; Clk         ; 1.000        ; -0.058     ; 3.572      ;
; -2.630 ; FSM:fsm_inst|count[4] ; shifter_2d_var:shifter_inst|aux[19][0] ; Clk          ; Clk         ; 1.000        ; -0.058     ; 3.572      ;
; -2.628 ; FSM:fsm_inst|count[0] ; shifter_2d_var:shifter_inst|aux[13][4] ; Clk          ; Clk         ; 1.000        ; -0.059     ; 3.569      ;
; -2.628 ; FSM:fsm_inst|count[0] ; shifter_2d_var:shifter_inst|aux[13][2] ; Clk          ; Clk         ; 1.000        ; -0.059     ; 3.569      ;
; -2.625 ; FSM:fsm_inst|state.s0 ; shifter_2d_var:shifter_inst|aux[29][7] ; Clk          ; Clk         ; 1.000        ; -0.056     ; 3.569      ;
; -2.625 ; FSM:fsm_inst|state.s0 ; shifter_2d_var:shifter_inst|aux[29][5] ; Clk          ; Clk         ; 1.000        ; -0.056     ; 3.569      ;
; -2.621 ; FSM:fsm_inst|state.s0 ; shifter_2d_var:shifter_inst|aux[26][7] ; Clk          ; Clk         ; 1.000        ; -0.056     ; 3.565      ;
; -2.621 ; FSM:fsm_inst|count[1] ; shifter_2d_var:shifter_inst|aux[17][7] ; Clk          ; Clk         ; 1.000        ; -0.059     ; 3.562      ;
; -2.621 ; FSM:fsm_inst|count[1] ; shifter_2d_var:shifter_inst|aux[17][0] ; Clk          ; Clk         ; 1.000        ; -0.059     ; 3.562      ;
; -2.618 ; FSM:fsm_inst|count[4] ; shifter_2d_var:shifter_inst|aux[23][5] ; Clk          ; Clk         ; 1.000        ; -0.059     ; 3.559      ;
; -2.618 ; FSM:fsm_inst|count[4] ; shifter_2d_var:shifter_inst|aux[23][1] ; Clk          ; Clk         ; 1.000        ; -0.059     ; 3.559      ;
; -2.618 ; FSM:fsm_inst|count[4] ; shifter_2d_var:shifter_inst|aux[23][0] ; Clk          ; Clk         ; 1.000        ; -0.059     ; 3.559      ;
; -2.617 ; FSM:fsm_inst|state.s0 ; shifter_2d_var:shifter_inst|aux[1][7]  ; Clk          ; Clk         ; 1.000        ; -0.055     ; 3.562      ;
; -2.617 ; FSM:fsm_inst|state.s0 ; shifter_2d_var:shifter_inst|aux[1][6]  ; Clk          ; Clk         ; 1.000        ; -0.055     ; 3.562      ;
; -2.617 ; FSM:fsm_inst|state.s0 ; shifter_2d_var:shifter_inst|aux[1][5]  ; Clk          ; Clk         ; 1.000        ; -0.055     ; 3.562      ;
; -2.617 ; FSM:fsm_inst|state.s0 ; shifter_2d_var:shifter_inst|aux[1][4]  ; Clk          ; Clk         ; 1.000        ; -0.055     ; 3.562      ;
; -2.617 ; FSM:fsm_inst|state.s0 ; shifter_2d_var:shifter_inst|aux[1][3]  ; Clk          ; Clk         ; 1.000        ; -0.055     ; 3.562      ;
; -2.617 ; FSM:fsm_inst|state.s0 ; shifter_2d_var:shifter_inst|aux[1][2]  ; Clk          ; Clk         ; 1.000        ; -0.055     ; 3.562      ;
; -2.617 ; FSM:fsm_inst|state.s0 ; shifter_2d_var:shifter_inst|aux[1][1]  ; Clk          ; Clk         ; 1.000        ; -0.055     ; 3.562      ;
; -2.617 ; FSM:fsm_inst|state.s0 ; shifter_2d_var:shifter_inst|aux[1][0]  ; Clk          ; Clk         ; 1.000        ; -0.055     ; 3.562      ;
; -2.605 ; FSM:fsm_inst|count[4] ; shifter_2d_var:shifter_inst|aux[25][3] ; Clk          ; Clk         ; 1.000        ; -0.059     ; 3.546      ;
; -2.604 ; FSM:fsm_inst|state.s0 ; shifter_2d_var:shifter_inst|aux[25][3] ; Clk          ; Clk         ; 1.000        ; -0.059     ; 3.545      ;
; -2.599 ; FSM:fsm_inst|state.s0 ; shifter_2d_var:shifter_inst|aux[0][7]  ; Clk          ; Clk         ; 1.000        ; -0.055     ; 3.544      ;
; -2.599 ; FSM:fsm_inst|state.s0 ; shifter_2d_var:shifter_inst|aux[0][5]  ; Clk          ; Clk         ; 1.000        ; -0.055     ; 3.544      ;
; -2.599 ; FSM:fsm_inst|state.s0 ; shifter_2d_var:shifter_inst|aux[0][2]  ; Clk          ; Clk         ; 1.000        ; -0.055     ; 3.544      ;
; -2.599 ; FSM:fsm_inst|state.s0 ; shifter_2d_var:shifter_inst|aux[0][1]  ; Clk          ; Clk         ; 1.000        ; -0.055     ; 3.544      ;
; -2.599 ; FSM:fsm_inst|state.s0 ; shifter_2d_var:shifter_inst|aux[0][0]  ; Clk          ; Clk         ; 1.000        ; -0.055     ; 3.544      ;
; -2.597 ; FSM:fsm_inst|count[4] ; shifter_2d_var:shifter_inst|aux[31][5] ; Clk          ; Clk         ; 1.000        ; -0.058     ; 3.539      ;
; -2.597 ; FSM:fsm_inst|count[4] ; shifter_2d_var:shifter_inst|aux[31][6] ; Clk          ; Clk         ; 1.000        ; -0.058     ; 3.539      ;
; -2.597 ; FSM:fsm_inst|count[4] ; shifter_2d_var:shifter_inst|aux[31][7] ; Clk          ; Clk         ; 1.000        ; -0.058     ; 3.539      ;
; -2.595 ; FSM:fsm_inst|count[4] ; shifter_2d_var:shifter_inst|aux[9][7]  ; Clk          ; Clk         ; 1.000        ; -0.057     ; 3.538      ;
; -2.595 ; FSM:fsm_inst|count[4] ; shifter_2d_var:shifter_inst|aux[14][7] ; Clk          ; Clk         ; 1.000        ; -0.059     ; 3.536      ;
; -2.595 ; FSM:fsm_inst|count[4] ; shifter_2d_var:shifter_inst|aux[9][6]  ; Clk          ; Clk         ; 1.000        ; -0.057     ; 3.538      ;
; -2.595 ; FSM:fsm_inst|count[4] ; shifter_2d_var:shifter_inst|aux[14][6] ; Clk          ; Clk         ; 1.000        ; -0.059     ; 3.536      ;
; -2.595 ; FSM:fsm_inst|count[4] ; shifter_2d_var:shifter_inst|aux[9][5]  ; Clk          ; Clk         ; 1.000        ; -0.057     ; 3.538      ;
; -2.595 ; FSM:fsm_inst|count[4] ; shifter_2d_var:shifter_inst|aux[14][5] ; Clk          ; Clk         ; 1.000        ; -0.059     ; 3.536      ;
; -2.595 ; FSM:fsm_inst|count[4] ; shifter_2d_var:shifter_inst|aux[14][4] ; Clk          ; Clk         ; 1.000        ; -0.059     ; 3.536      ;
; -2.595 ; FSM:fsm_inst|count[4] ; shifter_2d_var:shifter_inst|aux[14][3] ; Clk          ; Clk         ; 1.000        ; -0.059     ; 3.536      ;
+--------+-----------------------+----------------------------------------+--------------+-------------+--------------+------------+------------+


+---------------------------------------------------------------------------------------------------------------------------------------------------------------+
; Slow 1200mV -40C Model Hold: 'Clk'                                                                                                                            ;
+-------+----------------------------------------+----------------------------------------+--------------+-------------+--------------+------------+------------+
; Slack ; From Node                              ; To Node                                ; Launch Clock ; Latch Clock ; Relationship ; Clock Skew ; Data Delay ;
+-------+----------------------------------------+----------------------------------------+--------------+-------------+--------------+------------+------------+
; 0.345 ; FSM:fsm_inst|state.s1                  ; FSM:fsm_inst|state.s1                  ; Clk          ; Clk         ; 0.000        ; 0.061      ; 0.574      ;
; 0.345 ; FSM:fsm_inst|state.s0                  ; FSM:fsm_inst|state.s0                  ; Clk          ; Clk         ; 0.000        ; 0.061      ; 0.574      ;
; 0.396 ; shifter_2d_var:shifter_inst|aux[25][0] ; shifter_2d_var:shifter_inst|aux[24][0] ; Clk          ; Clk         ; 0.000        ; 0.062      ; 0.626      ;
; 0.397 ; shifter_2d_var:shifter_inst|aux[20][2] ; shifter_2d_var:shifter_inst|aux[19][2] ; Clk          ; Clk         ; 0.000        ; 0.061      ; 0.626      ;
; 0.398 ; shifter_2d_var:shifter_inst|aux[8][7]  ; shifter_2d_var:shifter_inst|aux[7][7]  ; Clk          ; Clk         ; 0.000        ; 0.061      ; 0.627      ;
; 0.398 ; shifter_2d_var:shifter_inst|aux[4][1]  ; shifter_2d_var:shifter_inst|aux[3][1]  ; Clk          ; Clk         ; 0.000        ; 0.061      ; 0.627      ;
; 0.399 ; shifter_2d_var:shifter_inst|aux[20][6] ; shifter_2d_var:shifter_inst|aux[19][6] ; Clk          ; Clk         ; 0.000        ; 0.061      ; 0.628      ;
; 0.399 ; shifter_2d_var:shifter_inst|aux[20][4] ; shifter_2d_var:shifter_inst|aux[19][4] ; Clk          ; Clk         ; 0.000        ; 0.061      ; 0.628      ;
; 0.399 ; shifter_2d_var:shifter_inst|aux[4][0]  ; shifter_2d_var:shifter_inst|aux[3][0]  ; Clk          ; Clk         ; 0.000        ; 0.061      ; 0.628      ;
; 0.400 ; shifter_2d_var:shifter_inst|aux[20][7] ; shifter_2d_var:shifter_inst|aux[19][7] ; Clk          ; Clk         ; 0.000        ; 0.061      ; 0.629      ;
; 0.506 ; shifter_2d_var:shifter_inst|aux[22][5] ; shifter_2d_var:shifter_inst|aux[21][5] ; Clk          ; Clk         ; 0.000        ; 0.061      ; 0.735      ;
; 0.506 ; shifter_2d_var:shifter_inst|aux[6][4]  ; shifter_2d_var:shifter_inst|aux[5][4]  ; Clk          ; Clk         ; 0.000        ; 0.061      ; 0.735      ;
; 0.506 ; shifter_2d_var:shifter_inst|aux[13][1] ; shifter_2d_var:shifter_inst|aux[12][1] ; Clk          ; Clk         ; 0.000        ; 0.062      ; 0.736      ;
; 0.507 ; shifter_2d_var:shifter_inst|aux[13][7] ; shifter_2d_var:shifter_inst|aux[12][7] ; Clk          ; Clk         ; 0.000        ; 0.062      ; 0.737      ;
; 0.507 ; shifter_2d_var:shifter_inst|aux[20][5] ; shifter_2d_var:shifter_inst|aux[19][5] ; Clk          ; Clk         ; 0.000        ; 0.061      ; 0.736      ;
; 0.509 ; shifter_2d_var:shifter_inst|aux[6][1]  ; shifter_2d_var:shifter_inst|aux[5][1]  ; Clk          ; Clk         ; 0.000        ; 0.061      ; 0.738      ;
; 0.515 ; shifter_2d_var:shifter_inst|aux[24][6] ; shifter_2d_var:shifter_inst|aux[23][6] ; Clk          ; Clk         ; 0.000        ; 0.451      ; 1.134      ;
; 0.523 ; shifter_2d_var:shifter_inst|aux[12][1] ; shifter_2d_var:shifter_inst|aux[11][1] ; Clk          ; Clk         ; 0.000        ; 0.062      ; 0.753      ;
; 0.526 ; shifter_2d_var:shifter_inst|aux[24][7] ; shifter_2d_var:shifter_inst|aux[23][7] ; Clk          ; Clk         ; 0.000        ; 0.451      ; 1.145      ;
; 0.529 ; shifter_2d_var:shifter_inst|aux[9][6]  ; shifter_2d_var:shifter_inst|aux[8][6]  ; Clk          ; Clk         ; 0.000        ; 0.062      ; 0.759      ;
; 0.531 ; shifter_2d_var:shifter_inst|aux[11][0] ; shifter_2d_var:shifter_inst|aux[10][0] ; Clk          ; Clk         ; 0.000        ; 0.062      ; 0.761      ;
; 0.538 ; shifter_2d_var:shifter_inst|aux[24][2] ; shifter_2d_var:shifter_inst|aux[23][2] ; Clk          ; Clk         ; 0.000        ; 0.451      ; 1.157      ;
; 0.539 ; shifter_2d_var:shifter_inst|aux[24][4] ; shifter_2d_var:shifter_inst|aux[23][4] ; Clk          ; Clk         ; 0.000        ; 0.451      ; 1.158      ;
; 0.540 ; shifter_2d_var:shifter_inst|aux[4][4]  ; shifter_2d_var:shifter_inst|aux[3][4]  ; Clk          ; Clk         ; 0.000        ; 0.062      ; 0.770      ;
; 0.540 ; shifter_2d_var:shifter_inst|aux[12][3] ; shifter_2d_var:shifter_inst|aux[11][3] ; Clk          ; Clk         ; 0.000        ; 0.062      ; 0.770      ;
; 0.541 ; shifter_2d_var:shifter_inst|aux[12][7] ; shifter_2d_var:shifter_inst|aux[11][7] ; Clk          ; Clk         ; 0.000        ; 0.062      ; 0.771      ;
; 0.541 ; shifter_2d_var:shifter_inst|aux[17][0] ; shifter_2d_var:shifter_inst|aux[16][0] ; Clk          ; Clk         ; 0.000        ; 0.061      ; 0.770      ;
; 0.542 ; shifter_2d_var:shifter_inst|aux[9][7]  ; shifter_2d_var:shifter_inst|aux[8][7]  ; Clk          ; Clk         ; 0.000        ; 0.062      ; 0.772      ;
; 0.545 ; shifter_2d_var:shifter_inst|aux[9][0]  ; shifter_2d_var:shifter_inst|aux[8][0]  ; Clk          ; Clk         ; 0.000        ; 0.062      ; 0.775      ;
; 0.559 ; shifter_2d_var:shifter_inst|aux[26][7] ; shifter_2d_var:shifter_inst|aux[25][7] ; Clk          ; Clk         ; 0.000        ; 0.450      ; 1.177      ;
; 0.560 ; shifter_2d_var:shifter_inst|aux[24][3] ; shifter_2d_var:shifter_inst|aux[23][3] ; Clk          ; Clk         ; 0.000        ; 0.451      ; 1.179      ;
; 0.575 ; shifter_2d_var:shifter_inst|aux[17][6] ; shifter_2d_var:shifter_inst|aux[16][6] ; Clk          ; Clk         ; 0.000        ; 0.062      ; 0.805      ;
; 0.575 ; shifter_2d_var:shifter_inst|aux[25][4] ; shifter_2d_var:shifter_inst|aux[24][4] ; Clk          ; Clk         ; 0.000        ; 0.062      ; 0.805      ;
; 0.576 ; shifter_2d_var:shifter_inst|aux[25][6] ; shifter_2d_var:shifter_inst|aux[24][6] ; Clk          ; Clk         ; 0.000        ; 0.062      ; 0.806      ;
; 0.576 ; shifter_2d_var:shifter_inst|aux[30][3] ; shifter_2d_var:shifter_inst|aux[29][3] ; Clk          ; Clk         ; 0.000        ; 0.062      ; 0.806      ;
; 0.576 ; shifter_2d_var:shifter_inst|aux[22][2] ; shifter_2d_var:shifter_inst|aux[21][2] ; Clk          ; Clk         ; 0.000        ; 0.061      ; 0.805      ;
; 0.577 ; shifter_2d_var:shifter_inst|aux[1][7]  ; shifter_2d_var:shifter_inst|aux[0][7]  ; Clk          ; Clk         ; 0.000        ; 0.062      ; 0.807      ;
; 0.577 ; shifter_2d_var:shifter_inst|aux[1][2]  ; shifter_2d_var:shifter_inst|aux[0][2]  ; Clk          ; Clk         ; 0.000        ; 0.062      ; 0.807      ;
; 0.577 ; shifter_2d_var:shifter_inst|aux[9][2]  ; shifter_2d_var:shifter_inst|aux[8][2]  ; Clk          ; Clk         ; 0.000        ; 0.061      ; 0.806      ;
; 0.577 ; shifter_2d_var:shifter_inst|aux[22][1] ; shifter_2d_var:shifter_inst|aux[21][1] ; Clk          ; Clk         ; 0.000        ; 0.061      ; 0.806      ;
; 0.578 ; shifter_2d_var:shifter_inst|aux[18][7] ; shifter_2d_var:shifter_inst|aux[17][7] ; Clk          ; Clk         ; 0.000        ; 0.062      ; 0.808      ;
; 0.579 ; shifter_2d_var:shifter_inst|aux[30][6] ; shifter_2d_var:shifter_inst|aux[29][6] ; Clk          ; Clk         ; 0.000        ; 0.062      ; 0.809      ;
; 0.579 ; shifter_2d_var:shifter_inst|aux[17][3] ; shifter_2d_var:shifter_inst|aux[16][3] ; Clk          ; Clk         ; 0.000        ; 0.062      ; 0.809      ;
; 0.579 ; shifter_2d_var:shifter_inst|aux[30][1] ; shifter_2d_var:shifter_inst|aux[29][1] ; Clk          ; Clk         ; 0.000        ; 0.062      ; 0.809      ;
; 0.579 ; shifter_2d_var:shifter_inst|aux[18][0] ; shifter_2d_var:shifter_inst|aux[17][0] ; Clk          ; Clk         ; 0.000        ; 0.062      ; 0.809      ;
; 0.579 ; shifter_2d_var:shifter_inst|aux[30][0] ; shifter_2d_var:shifter_inst|aux[29][0] ; Clk          ; Clk         ; 0.000        ; 0.062      ; 0.809      ;
; 0.580 ; shifter_2d_var:shifter_inst|aux[13][6] ; shifter_2d_var:shifter_inst|aux[12][6] ; Clk          ; Clk         ; 0.000        ; 0.062      ; 0.810      ;
; 0.580 ; shifter_2d_var:shifter_inst|aux[1][5]  ; shifter_2d_var:shifter_inst|aux[0][5]  ; Clk          ; Clk         ; 0.000        ; 0.062      ; 0.810      ;
; 0.580 ; shifter_2d_var:shifter_inst|aux[8][5]  ; shifter_2d_var:shifter_inst|aux[7][5]  ; Clk          ; Clk         ; 0.000        ; 0.061      ; 0.809      ;
; 0.580 ; shifter_2d_var:shifter_inst|aux[17][5] ; shifter_2d_var:shifter_inst|aux[16][5] ; Clk          ; Clk         ; 0.000        ; 0.062      ; 0.810      ;
; 0.580 ; shifter_2d_var:shifter_inst|aux[14][4] ; shifter_2d_var:shifter_inst|aux[13][4] ; Clk          ; Clk         ; 0.000        ; 0.061      ; 0.809      ;
; 0.580 ; shifter_2d_var:shifter_inst|aux[25][1] ; shifter_2d_var:shifter_inst|aux[24][1] ; Clk          ; Clk         ; 0.000        ; 0.062      ; 0.810      ;
; 0.581 ; shifter_2d_var:shifter_inst|aux[8][6]  ; shifter_2d_var:shifter_inst|aux[7][6]  ; Clk          ; Clk         ; 0.000        ; 0.061      ; 0.810      ;
; 0.581 ; shifter_2d_var:shifter_inst|aux[25][5] ; shifter_2d_var:shifter_inst|aux[24][5] ; Clk          ; Clk         ; 0.000        ; 0.062      ; 0.811      ;
; 0.581 ; shifter_2d_var:shifter_inst|aux[20][3] ; shifter_2d_var:shifter_inst|aux[19][3] ; Clk          ; Clk         ; 0.000        ; 0.061      ; 0.810      ;
; 0.581 ; shifter_2d_var:shifter_inst|aux[20][0] ; shifter_2d_var:shifter_inst|aux[19][0] ; Clk          ; Clk         ; 0.000        ; 0.061      ; 0.810      ;
; 0.582 ; shifter_2d_var:shifter_inst|aux[8][4]  ; shifter_2d_var:shifter_inst|aux[7][4]  ; Clk          ; Clk         ; 0.000        ; 0.061      ; 0.811      ;
; 0.582 ; shifter_2d_var:shifter_inst|aux[22][4] ; shifter_2d_var:shifter_inst|aux[21][4] ; Clk          ; Clk         ; 0.000        ; 0.061      ; 0.811      ;
; 0.582 ; shifter_2d_var:shifter_inst|aux[8][1]  ; shifter_2d_var:shifter_inst|aux[7][1]  ; Clk          ; Clk         ; 0.000        ; 0.061      ; 0.811      ;
; 0.582 ; shifter_2d_var:shifter_inst|aux[8][0]  ; shifter_2d_var:shifter_inst|aux[7][0]  ; Clk          ; Clk         ; 0.000        ; 0.061      ; 0.811      ;
; 0.597 ; shifter_2d_var:shifter_inst|aux[30][4] ; shifter_2d_var:shifter_inst|aux[29][4] ; Clk          ; Clk         ; 0.000        ; 0.062      ; 0.827      ;
; 0.598 ; shifter_2d_var:shifter_inst|aux[22][7] ; shifter_2d_var:shifter_inst|aux[21][7] ; Clk          ; Clk         ; 0.000        ; 0.061      ; 0.827      ;
; 0.598 ; shifter_2d_var:shifter_inst|aux[6][3]  ; shifter_2d_var:shifter_inst|aux[5][3]  ; Clk          ; Clk         ; 0.000        ; 0.061      ; 0.827      ;
; 0.598 ; shifter_2d_var:shifter_inst|aux[6][2]  ; shifter_2d_var:shifter_inst|aux[5][2]  ; Clk          ; Clk         ; 0.000        ; 0.061      ; 0.827      ;
; 0.598 ; shifter_2d_var:shifter_inst|aux[1][0]  ; shifter_2d_var:shifter_inst|aux[0][0]  ; Clk          ; Clk         ; 0.000        ; 0.062      ; 0.828      ;
; 0.599 ; shifter_2d_var:shifter_inst|aux[17][2] ; shifter_2d_var:shifter_inst|aux[16][2] ; Clk          ; Clk         ; 0.000        ; 0.062      ; 0.829      ;
; 0.599 ; shifter_2d_var:shifter_inst|aux[13][0] ; shifter_2d_var:shifter_inst|aux[12][0] ; Clk          ; Clk         ; 0.000        ; 0.062      ; 0.829      ;
; 0.600 ; shifter_2d_var:shifter_inst|aux[6][5]  ; shifter_2d_var:shifter_inst|aux[5][5]  ; Clk          ; Clk         ; 0.000        ; 0.061      ; 0.829      ;
; 0.600 ; shifter_2d_var:shifter_inst|aux[6][0]  ; shifter_2d_var:shifter_inst|aux[5][0]  ; Clk          ; Clk         ; 0.000        ; 0.061      ; 0.829      ;
; 0.601 ; shifter_2d_var:shifter_inst|aux[22][6] ; shifter_2d_var:shifter_inst|aux[21][6] ; Clk          ; Clk         ; 0.000        ; 0.061      ; 0.830      ;
; 0.601 ; shifter_2d_var:shifter_inst|aux[13][5] ; shifter_2d_var:shifter_inst|aux[12][5] ; Clk          ; Clk         ; 0.000        ; 0.062      ; 0.831      ;
; 0.601 ; shifter_2d_var:shifter_inst|aux[17][1] ; shifter_2d_var:shifter_inst|aux[16][1] ; Clk          ; Clk         ; 0.000        ; 0.062      ; 0.831      ;
; 0.602 ; shifter_2d_var:shifter_inst|aux[17][4] ; shifter_2d_var:shifter_inst|aux[16][4] ; Clk          ; Clk         ; 0.000        ; 0.062      ; 0.832      ;
; 0.618 ; FSM:fsm_inst|count[2]                  ; FSM:fsm_inst|count[2]                  ; Clk          ; Clk         ; 0.000        ; 0.061      ; 0.847      ;
; 0.622 ; FSM:fsm_inst|count[1]                  ; FSM:fsm_inst|count[1]                  ; Clk          ; Clk         ; 0.000        ; 0.061      ; 0.851      ;
; 0.636 ; shifter_2d_var:shifter_inst|aux[1][3]  ; shifter_2d_var:shifter_inst|aux[0][3]  ; Clk          ; Clk         ; 0.000        ; 0.446      ; 1.250      ;
; 0.653 ; shifter_2d_var:shifter_inst|aux[9][5]  ; shifter_2d_var:shifter_inst|aux[8][5]  ; Clk          ; Clk         ; 0.000        ; 0.062      ; 0.883      ;
; 0.655 ; shifter_2d_var:shifter_inst|aux[14][6] ; shifter_2d_var:shifter_inst|aux[13][6] ; Clk          ; Clk         ; 0.000        ; 0.062      ; 0.885      ;
; 0.661 ; shifter_2d_var:shifter_inst|aux[23][0] ; shifter_2d_var:shifter_inst|aux[22][0] ; Clk          ; Clk         ; 0.000        ; 0.447      ; 1.276      ;
; 0.667 ; shifter_2d_var:shifter_inst|aux[14][2] ; shifter_2d_var:shifter_inst|aux[13][2] ; Clk          ; Clk         ; 0.000        ; 0.061      ; 0.896      ;
; 0.669 ; shifter_2d_var:shifter_inst|aux[18][6] ; shifter_2d_var:shifter_inst|aux[17][6] ; Clk          ; Clk         ; 0.000        ; 0.061      ; 0.898      ;
; 0.669 ; shifter_2d_var:shifter_inst|aux[26][2] ; shifter_2d_var:shifter_inst|aux[25][2] ; Clk          ; Clk         ; 0.000        ; 0.061      ; 0.898      ;
; 0.692 ; shifter_2d_var:shifter_inst|aux[20][1] ; shifter_2d_var:shifter_inst|aux[19][1] ; Clk          ; Clk         ; 0.000        ; 0.061      ; 0.921      ;
; 0.696 ; shifter_2d_var:shifter_inst|aux[7][1]  ; shifter_2d_var:shifter_inst|aux[6][1]  ; Clk          ; Clk         ; 0.000        ; 0.062      ; 0.926      ;
; 0.708 ; shifter_2d_var:shifter_inst|aux[26][0] ; shifter_2d_var:shifter_inst|aux[25][0] ; Clk          ; Clk         ; 0.000        ; 0.061      ; 0.937      ;
; 0.720 ; FSM:fsm_inst|count[4]                  ; shifter_2d_var:shifter_inst|aux[0][3]  ; Clk          ; Clk         ; 0.000        ; 0.452      ; 1.340      ;
; 0.721 ; shifter_2d_var:shifter_inst|aux[13][4] ; shifter_2d_var:shifter_inst|aux[12][4] ; Clk          ; Clk         ; 0.000        ; 0.062      ; 0.951      ;
; 0.722 ; shifter_2d_var:shifter_inst|aux[8][3]  ; shifter_2d_var:shifter_inst|aux[7][3]  ; Clk          ; Clk         ; 0.000        ; 0.062      ; 0.952      ;
; 0.723 ; shifter_2d_var:shifter_inst|aux[12][5] ; shifter_2d_var:shifter_inst|aux[11][5] ; Clk          ; Clk         ; 0.000        ; 0.062      ; 0.953      ;
; 0.724 ; shifter_2d_var:shifter_inst|aux[17][7] ; shifter_2d_var:shifter_inst|aux[16][7] ; Clk          ; Clk         ; 0.000        ; 0.061      ; 0.953      ;
; 0.724 ; shifter_2d_var:shifter_inst|aux[30][5] ; shifter_2d_var:shifter_inst|aux[29][5] ; Clk          ; Clk         ; 0.000        ; 0.062      ; 0.954      ;
; 0.725 ; shifter_2d_var:shifter_inst|aux[12][2] ; shifter_2d_var:shifter_inst|aux[11][2] ; Clk          ; Clk         ; 0.000        ; 0.062      ; 0.955      ;
; 0.726 ; shifter_2d_var:shifter_inst|aux[15][6] ; shifter_2d_var:shifter_inst|aux[14][6] ; Clk          ; Clk         ; 0.000        ; 0.059      ; 0.953      ;
; 0.726 ; shifter_2d_var:shifter_inst|aux[12][4] ; shifter_2d_var:shifter_inst|aux[11][4] ; Clk          ; Clk         ; 0.000        ; 0.062      ; 0.956      ;
; 0.727 ; shifter_2d_var:shifter_inst|aux[30][7] ; shifter_2d_var:shifter_inst|aux[29][7] ; Clk          ; Clk         ; 0.000        ; 0.062      ; 0.957      ;
; 0.733 ; shifter_2d_var:shifter_inst|aux[12][6] ; shifter_2d_var:shifter_inst|aux[11][6] ; Clk          ; Clk         ; 0.000        ; 0.062      ; 0.963      ;
; 0.734 ; shifter_2d_var:shifter_inst|aux[4][3]  ; shifter_2d_var:shifter_inst|aux[3][3]  ; Clk          ; Clk         ; 0.000        ; 0.062      ; 0.964      ;
; 0.734 ; shifter_2d_var:shifter_inst|aux[1][1]  ; shifter_2d_var:shifter_inst|aux[0][1]  ; Clk          ; Clk         ; 0.000        ; 0.062      ; 0.964      ;
; 0.735 ; shifter_2d_var:shifter_inst|aux[4][2]  ; shifter_2d_var:shifter_inst|aux[3][2]  ; Clk          ; Clk         ; 0.000        ; 0.062      ; 0.965      ;
; 0.737 ; shifter_2d_var:shifter_inst|aux[26][5] ; shifter_2d_var:shifter_inst|aux[25][5] ; Clk          ; Clk         ; 0.000        ; 0.061      ; 0.966      ;
+-------+----------------------------------------+----------------------------------------+--------------+-------------+--------------+------------+------------+


------------------------------------------------
; Slow 1200mV -40C Model Metastability Summary ;
------------------------------------------------
No synchronizer chains to report.


+--------------------------------------+
; Fast 1200mV -40C Model Setup Summary ;
+-------+--------+---------------------+
; Clock ; Slack  ; End Point TNS       ;
+-------+--------+---------------------+
; Clk   ; -0.939 ; -206.476            ;
+-------+--------+---------------------+


+-------------------------------------+
; Fast 1200mV -40C Model Hold Summary ;
+-------+-------+---------------------+
; Clock ; Slack ; End Point TNS       ;
+-------+-------+---------------------+
; Clk   ; 0.180 ; 0.000               ;
+-------+-------+---------------------+


-------------------------------------------
; Fast 1200mV -40C Model Recovery Summary ;
-------------------------------------------
No paths to report.


------------------------------------------
; Fast 1200mV -40C Model Removal Summary ;
------------------------------------------
No paths to report.


+----------------------------------------------------+
; Fast 1200mV -40C Model Minimum Pulse Width Summary ;
+-------+--------+-----------------------------------+
; Clock ; Slack  ; End Point TNS                     ;
+-------+--------+-----------------------------------+
; Clk   ; -3.000 ; -283.244                          ;
+-------+--------+-----------------------------------+


+-----------------------------------------------------------------------------------------------------------------------------------------------+
; Fast 1200mV -40C Model Setup: 'Clk'                                                                                                           ;
+--------+-----------------------+----------------------------------------+--------------+-------------+--------------+------------+------------+
; Slack  ; From Node             ; To Node                                ; Launch Clock ; Latch Clock ; Relationship ; Clock Skew ; Data Delay ;
+--------+-----------------------+----------------------------------------+--------------+-------------+--------------+------------+------------+
; -0.939 ; FSM:fsm_inst|state.s0 ; shifter_2d_var:shifter_inst|aux[10][6] ; Clk          ; Clk         ; 1.000        ; -0.032     ; 1.895      ;
; -0.928 ; FSM:fsm_inst|state.s0 ; shifter_2d_var:shifter_inst|aux[17][7] ; Clk          ; Clk         ; 1.000        ; -0.034     ; 1.882      ;
; -0.928 ; FSM:fsm_inst|count[3] ; shifter_2d_var:shifter_inst|aux[29][7] ; Clk          ; Clk         ; 1.000        ; -0.031     ; 1.885      ;
; -0.928 ; FSM:fsm_inst|count[3] ; shifter_2d_var:shifter_inst|aux[29][5] ; Clk          ; Clk         ; 1.000        ; -0.031     ; 1.885      ;
; -0.928 ; FSM:fsm_inst|state.s0 ; shifter_2d_var:shifter_inst|aux[17][0] ; Clk          ; Clk         ; 1.000        ; -0.034     ; 1.882      ;
; -0.906 ; FSM:fsm_inst|count[3] ; shifter_2d_var:shifter_inst|aux[17][7] ; Clk          ; Clk         ; 1.000        ; -0.034     ; 1.860      ;
; -0.906 ; FSM:fsm_inst|count[3] ; shifter_2d_var:shifter_inst|aux[17][0] ; Clk          ; Clk         ; 1.000        ; -0.034     ; 1.860      ;
; -0.904 ; FSM:fsm_inst|state.s0 ; shifter_2d_var:shifter_inst|aux[24][7] ; Clk          ; Clk         ; 1.000        ; -0.033     ; 1.859      ;
; -0.904 ; FSM:fsm_inst|state.s0 ; shifter_2d_var:shifter_inst|aux[24][6] ; Clk          ; Clk         ; 1.000        ; -0.033     ; 1.859      ;
; -0.904 ; FSM:fsm_inst|state.s0 ; shifter_2d_var:shifter_inst|aux[24][5] ; Clk          ; Clk         ; 1.000        ; -0.033     ; 1.859      ;
; -0.904 ; FSM:fsm_inst|state.s0 ; shifter_2d_var:shifter_inst|aux[24][4] ; Clk          ; Clk         ; 1.000        ; -0.033     ; 1.859      ;
; -0.904 ; FSM:fsm_inst|state.s0 ; shifter_2d_var:shifter_inst|aux[24][3] ; Clk          ; Clk         ; 1.000        ; -0.033     ; 1.859      ;
; -0.904 ; FSM:fsm_inst|state.s0 ; shifter_2d_var:shifter_inst|aux[24][2] ; Clk          ; Clk         ; 1.000        ; -0.033     ; 1.859      ;
; -0.904 ; FSM:fsm_inst|state.s0 ; shifter_2d_var:shifter_inst|aux[24][1] ; Clk          ; Clk         ; 1.000        ; -0.033     ; 1.859      ;
; -0.904 ; FSM:fsm_inst|state.s0 ; shifter_2d_var:shifter_inst|aux[24][0] ; Clk          ; Clk         ; 1.000        ; -0.033     ; 1.859      ;
; -0.902 ; FSM:fsm_inst|count[1] ; shifter_2d_var:shifter_inst|aux[29][7] ; Clk          ; Clk         ; 1.000        ; -0.031     ; 1.859      ;
; -0.902 ; FSM:fsm_inst|count[1] ; shifter_2d_var:shifter_inst|aux[29][5] ; Clk          ; Clk         ; 1.000        ; -0.031     ; 1.859      ;
; -0.900 ; FSM:fsm_inst|count[3] ; shifter_2d_var:shifter_inst|aux[0][7]  ; Clk          ; Clk         ; 1.000        ; -0.029     ; 1.859      ;
; -0.900 ; FSM:fsm_inst|count[3] ; shifter_2d_var:shifter_inst|aux[0][5]  ; Clk          ; Clk         ; 1.000        ; -0.029     ; 1.859      ;
; -0.900 ; FSM:fsm_inst|count[3] ; shifter_2d_var:shifter_inst|aux[0][2]  ; Clk          ; Clk         ; 1.000        ; -0.029     ; 1.859      ;
; -0.900 ; FSM:fsm_inst|count[3] ; shifter_2d_var:shifter_inst|aux[0][1]  ; Clk          ; Clk         ; 1.000        ; -0.029     ; 1.859      ;
; -0.900 ; FSM:fsm_inst|count[3] ; shifter_2d_var:shifter_inst|aux[0][0]  ; Clk          ; Clk         ; 1.000        ; -0.029     ; 1.859      ;
; -0.894 ; FSM:fsm_inst|count[4] ; shifter_2d_var:shifter_inst|aux[29][7] ; Clk          ; Clk         ; 1.000        ; -0.031     ; 1.851      ;
; -0.894 ; FSM:fsm_inst|count[4] ; shifter_2d_var:shifter_inst|aux[29][5] ; Clk          ; Clk         ; 1.000        ; -0.031     ; 1.851      ;
; -0.893 ; FSM:fsm_inst|count[1] ; shifter_2d_var:shifter_inst|aux[17][7] ; Clk          ; Clk         ; 1.000        ; -0.034     ; 1.847      ;
; -0.893 ; FSM:fsm_inst|count[1] ; shifter_2d_var:shifter_inst|aux[17][0] ; Clk          ; Clk         ; 1.000        ; -0.034     ; 1.847      ;
; -0.887 ; FSM:fsm_inst|count[3] ; shifter_2d_var:shifter_inst|aux[13][4] ; Clk          ; Clk         ; 1.000        ; -0.035     ; 1.840      ;
; -0.887 ; FSM:fsm_inst|count[3] ; shifter_2d_var:shifter_inst|aux[13][2] ; Clk          ; Clk         ; 1.000        ; -0.035     ; 1.840      ;
; -0.887 ; FSM:fsm_inst|count[1] ; shifter_2d_var:shifter_inst|aux[0][7]  ; Clk          ; Clk         ; 1.000        ; -0.029     ; 1.846      ;
; -0.887 ; FSM:fsm_inst|count[1] ; shifter_2d_var:shifter_inst|aux[0][5]  ; Clk          ; Clk         ; 1.000        ; -0.029     ; 1.846      ;
; -0.887 ; FSM:fsm_inst|count[1] ; shifter_2d_var:shifter_inst|aux[0][2]  ; Clk          ; Clk         ; 1.000        ; -0.029     ; 1.846      ;
; -0.887 ; FSM:fsm_inst|count[1] ; shifter_2d_var:shifter_inst|aux[0][1]  ; Clk          ; Clk         ; 1.000        ; -0.029     ; 1.846      ;
; -0.887 ; FSM:fsm_inst|count[1] ; shifter_2d_var:shifter_inst|aux[0][0]  ; Clk          ; Clk         ; 1.000        ; -0.029     ; 1.846      ;
; -0.885 ; FSM:fsm_inst|count[4] ; shifter_2d_var:shifter_inst|aux[17][7] ; Clk          ; Clk         ; 1.000        ; -0.034     ; 1.839      ;
; -0.885 ; FSM:fsm_inst|count[4] ; shifter_2d_var:shifter_inst|aux[17][0] ; Clk          ; Clk         ; 1.000        ; -0.034     ; 1.839      ;
; -0.883 ; FSM:fsm_inst|state.s0 ; shifter_2d_var:shifter_inst|aux[17][6] ; Clk          ; Clk         ; 1.000        ; -0.035     ; 1.836      ;
; -0.883 ; FSM:fsm_inst|state.s0 ; shifter_2d_var:shifter_inst|aux[17][5] ; Clk          ; Clk         ; 1.000        ; -0.035     ; 1.836      ;
; -0.883 ; FSM:fsm_inst|state.s0 ; shifter_2d_var:shifter_inst|aux[17][4] ; Clk          ; Clk         ; 1.000        ; -0.035     ; 1.836      ;
; -0.883 ; FSM:fsm_inst|state.s0 ; shifter_2d_var:shifter_inst|aux[17][3] ; Clk          ; Clk         ; 1.000        ; -0.035     ; 1.836      ;
; -0.883 ; FSM:fsm_inst|state.s0 ; shifter_2d_var:shifter_inst|aux[17][2] ; Clk          ; Clk         ; 1.000        ; -0.035     ; 1.836      ;
; -0.883 ; FSM:fsm_inst|state.s0 ; shifter_2d_var:shifter_inst|aux[17][1] ; Clk          ; Clk         ; 1.000        ; -0.035     ; 1.836      ;
; -0.879 ; FSM:fsm_inst|count[4] ; shifter_2d_var:shifter_inst|aux[0][7]  ; Clk          ; Clk         ; 1.000        ; -0.029     ; 1.838      ;
; -0.879 ; FSM:fsm_inst|count[4] ; shifter_2d_var:shifter_inst|aux[0][5]  ; Clk          ; Clk         ; 1.000        ; -0.029     ; 1.838      ;
; -0.879 ; FSM:fsm_inst|count[4] ; shifter_2d_var:shifter_inst|aux[0][2]  ; Clk          ; Clk         ; 1.000        ; -0.029     ; 1.838      ;
; -0.879 ; FSM:fsm_inst|count[4] ; shifter_2d_var:shifter_inst|aux[0][1]  ; Clk          ; Clk         ; 1.000        ; -0.029     ; 1.838      ;
; -0.879 ; FSM:fsm_inst|count[4] ; shifter_2d_var:shifter_inst|aux[0][0]  ; Clk          ; Clk         ; 1.000        ; -0.029     ; 1.838      ;
; -0.874 ; FSM:fsm_inst|count[3] ; shifter_2d_var:shifter_inst|aux[25][3] ; Clk          ; Clk         ; 1.000        ; -0.034     ; 1.828      ;
; -0.874 ; FSM:fsm_inst|count[1] ; shifter_2d_var:shifter_inst|aux[13][4] ; Clk          ; Clk         ; 1.000        ; -0.035     ; 1.827      ;
; -0.874 ; FSM:fsm_inst|count[1] ; shifter_2d_var:shifter_inst|aux[13][2] ; Clk          ; Clk         ; 1.000        ; -0.035     ; 1.827      ;
; -0.872 ; FSM:fsm_inst|state.s0 ; shifter_2d_var:shifter_inst|aux[1][7]  ; Clk          ; Clk         ; 1.000        ; -0.029     ; 1.831      ;
; -0.872 ; FSM:fsm_inst|state.s0 ; shifter_2d_var:shifter_inst|aux[1][6]  ; Clk          ; Clk         ; 1.000        ; -0.029     ; 1.831      ;
; -0.872 ; FSM:fsm_inst|state.s0 ; shifter_2d_var:shifter_inst|aux[1][5]  ; Clk          ; Clk         ; 1.000        ; -0.029     ; 1.831      ;
; -0.872 ; FSM:fsm_inst|state.s0 ; shifter_2d_var:shifter_inst|aux[1][4]  ; Clk          ; Clk         ; 1.000        ; -0.029     ; 1.831      ;
; -0.872 ; FSM:fsm_inst|state.s0 ; shifter_2d_var:shifter_inst|aux[1][3]  ; Clk          ; Clk         ; 1.000        ; -0.029     ; 1.831      ;
; -0.872 ; FSM:fsm_inst|state.s0 ; shifter_2d_var:shifter_inst|aux[1][2]  ; Clk          ; Clk         ; 1.000        ; -0.029     ; 1.831      ;
; -0.872 ; FSM:fsm_inst|state.s0 ; shifter_2d_var:shifter_inst|aux[1][1]  ; Clk          ; Clk         ; 1.000        ; -0.029     ; 1.831      ;
; -0.872 ; FSM:fsm_inst|state.s0 ; shifter_2d_var:shifter_inst|aux[1][0]  ; Clk          ; Clk         ; 1.000        ; -0.029     ; 1.831      ;
; -0.869 ; FSM:fsm_inst|state.s0 ; shifter_2d_var:shifter_inst|aux[5][7]  ; Clk          ; Clk         ; 1.000        ; -0.031     ; 1.826      ;
; -0.869 ; FSM:fsm_inst|state.s0 ; shifter_2d_var:shifter_inst|aux[5][6]  ; Clk          ; Clk         ; 1.000        ; -0.031     ; 1.826      ;
; -0.868 ; FSM:fsm_inst|state.s0 ; shifter_2d_var:shifter_inst|aux[26][7] ; Clk          ; Clk         ; 1.000        ; -0.032     ; 1.824      ;
; -0.866 ; FSM:fsm_inst|count[3] ; shifter_2d_var:shifter_inst|aux[23][5] ; Clk          ; Clk         ; 1.000        ; -0.035     ; 1.819      ;
; -0.866 ; FSM:fsm_inst|count[3] ; shifter_2d_var:shifter_inst|aux[23][1] ; Clk          ; Clk         ; 1.000        ; -0.035     ; 1.819      ;
; -0.866 ; FSM:fsm_inst|count[3] ; shifter_2d_var:shifter_inst|aux[23][0] ; Clk          ; Clk         ; 1.000        ; -0.035     ; 1.819      ;
; -0.866 ; FSM:fsm_inst|count[4] ; shifter_2d_var:shifter_inst|aux[13][4] ; Clk          ; Clk         ; 1.000        ; -0.035     ; 1.819      ;
; -0.866 ; FSM:fsm_inst|count[4] ; shifter_2d_var:shifter_inst|aux[13][2] ; Clk          ; Clk         ; 1.000        ; -0.035     ; 1.819      ;
; -0.862 ; FSM:fsm_inst|count[1] ; shifter_2d_var:shifter_inst|aux[23][5] ; Clk          ; Clk         ; 1.000        ; -0.035     ; 1.815      ;
; -0.862 ; FSM:fsm_inst|count[1] ; shifter_2d_var:shifter_inst|aux[23][1] ; Clk          ; Clk         ; 1.000        ; -0.035     ; 1.815      ;
; -0.862 ; FSM:fsm_inst|count[1] ; shifter_2d_var:shifter_inst|aux[23][0] ; Clk          ; Clk         ; 1.000        ; -0.035     ; 1.815      ;
; -0.861 ; FSM:fsm_inst|count[3] ; shifter_2d_var:shifter_inst|aux[17][6] ; Clk          ; Clk         ; 1.000        ; -0.035     ; 1.814      ;
; -0.861 ; FSM:fsm_inst|count[3] ; shifter_2d_var:shifter_inst|aux[17][5] ; Clk          ; Clk         ; 1.000        ; -0.035     ; 1.814      ;
; -0.861 ; FSM:fsm_inst|count[3] ; shifter_2d_var:shifter_inst|aux[17][4] ; Clk          ; Clk         ; 1.000        ; -0.035     ; 1.814      ;
; -0.861 ; FSM:fsm_inst|count[3] ; shifter_2d_var:shifter_inst|aux[17][3] ; Clk          ; Clk         ; 1.000        ; -0.035     ; 1.814      ;
; -0.861 ; FSM:fsm_inst|count[3] ; shifter_2d_var:shifter_inst|aux[17][2] ; Clk          ; Clk         ; 1.000        ; -0.035     ; 1.814      ;
; -0.861 ; FSM:fsm_inst|count[3] ; shifter_2d_var:shifter_inst|aux[17][1] ; Clk          ; Clk         ; 1.000        ; -0.035     ; 1.814      ;
; -0.860 ; FSM:fsm_inst|state.s0 ; shifter_2d_var:shifter_inst|aux[10][7] ; Clk          ; Clk         ; 1.000        ; -0.032     ; 1.816      ;
; -0.860 ; FSM:fsm_inst|state.s0 ; shifter_2d_var:shifter_inst|aux[10][5] ; Clk          ; Clk         ; 1.000        ; -0.032     ; 1.816      ;
; -0.860 ; FSM:fsm_inst|state.s0 ; shifter_2d_var:shifter_inst|aux[10][4] ; Clk          ; Clk         ; 1.000        ; -0.032     ; 1.816      ;
; -0.860 ; FSM:fsm_inst|state.s0 ; shifter_2d_var:shifter_inst|aux[10][3] ; Clk          ; Clk         ; 1.000        ; -0.032     ; 1.816      ;
; -0.860 ; FSM:fsm_inst|state.s0 ; shifter_2d_var:shifter_inst|aux[10][2] ; Clk          ; Clk         ; 1.000        ; -0.032     ; 1.816      ;
; -0.860 ; FSM:fsm_inst|state.s0 ; shifter_2d_var:shifter_inst|aux[10][1] ; Clk          ; Clk         ; 1.000        ; -0.032     ; 1.816      ;
; -0.860 ; FSM:fsm_inst|state.s0 ; shifter_2d_var:shifter_inst|aux[10][0] ; Clk          ; Clk         ; 1.000        ; -0.032     ; 1.816      ;
; -0.858 ; FSM:fsm_inst|state.s0 ; shifter_2d_var:shifter_inst|aux[23][5] ; Clk          ; Clk         ; 1.000        ; -0.035     ; 1.811      ;
; -0.858 ; FSM:fsm_inst|state.s0 ; shifter_2d_var:shifter_inst|aux[23][1] ; Clk          ; Clk         ; 1.000        ; -0.035     ; 1.811      ;
; -0.858 ; FSM:fsm_inst|state.s0 ; shifter_2d_var:shifter_inst|aux[23][0] ; Clk          ; Clk         ; 1.000        ; -0.035     ; 1.811      ;
; -0.855 ; FSM:fsm_inst|count[0] ; shifter_2d_var:shifter_inst|aux[29][7] ; Clk          ; Clk         ; 1.000        ; -0.031     ; 1.812      ;
; -0.855 ; FSM:fsm_inst|count[0] ; shifter_2d_var:shifter_inst|aux[29][5] ; Clk          ; Clk         ; 1.000        ; -0.031     ; 1.812      ;
; -0.854 ; FSM:fsm_inst|state.s0 ; shifter_2d_var:shifter_inst|aux[29][7] ; Clk          ; Clk         ; 1.000        ; -0.031     ; 1.811      ;
; -0.854 ; FSM:fsm_inst|state.s0 ; shifter_2d_var:shifter_inst|aux[29][5] ; Clk          ; Clk         ; 1.000        ; -0.031     ; 1.811      ;
; -0.851 ; FSM:fsm_inst|count[0] ; shifter_2d_var:shifter_inst|aux[17][7] ; Clk          ; Clk         ; 1.000        ; -0.034     ; 1.805      ;
; -0.851 ; FSM:fsm_inst|count[0] ; shifter_2d_var:shifter_inst|aux[17][0] ; Clk          ; Clk         ; 1.000        ; -0.034     ; 1.805      ;
; -0.850 ; FSM:fsm_inst|state.s0 ; shifter_2d_var:shifter_inst|aux[25][3] ; Clk          ; Clk         ; 1.000        ; -0.034     ; 1.804      ;
; -0.848 ; FSM:fsm_inst|count[1] ; shifter_2d_var:shifter_inst|aux[17][6] ; Clk          ; Clk         ; 1.000        ; -0.035     ; 1.801      ;
; -0.848 ; FSM:fsm_inst|count[1] ; shifter_2d_var:shifter_inst|aux[17][5] ; Clk          ; Clk         ; 1.000        ; -0.035     ; 1.801      ;
; -0.848 ; FSM:fsm_inst|count[1] ; shifter_2d_var:shifter_inst|aux[17][4] ; Clk          ; Clk         ; 1.000        ; -0.035     ; 1.801      ;
; -0.848 ; FSM:fsm_inst|count[1] ; shifter_2d_var:shifter_inst|aux[17][3] ; Clk          ; Clk         ; 1.000        ; -0.035     ; 1.801      ;
; -0.848 ; FSM:fsm_inst|count[1] ; shifter_2d_var:shifter_inst|aux[17][2] ; Clk          ; Clk         ; 1.000        ; -0.035     ; 1.801      ;
; -0.848 ; FSM:fsm_inst|count[1] ; shifter_2d_var:shifter_inst|aux[17][1] ; Clk          ; Clk         ; 1.000        ; -0.035     ; 1.801      ;
; -0.847 ; FSM:fsm_inst|count[3] ; shifter_2d_var:shifter_inst|aux[19][7] ; Clk          ; Clk         ; 1.000        ; -0.033     ; 1.802      ;
; -0.847 ; FSM:fsm_inst|count[3] ; shifter_2d_var:shifter_inst|aux[19][6] ; Clk          ; Clk         ; 1.000        ; -0.033     ; 1.802      ;
; -0.847 ; FSM:fsm_inst|count[3] ; shifter_2d_var:shifter_inst|aux[19][5] ; Clk          ; Clk         ; 1.000        ; -0.033     ; 1.802      ;
+--------+-----------------------+----------------------------------------+--------------+-------------+--------------+------------+------------+


+---------------------------------------------------------------------------------------------------------------------------------------------------------------+
; Fast 1200mV -40C Model Hold: 'Clk'                                                                                                                            ;
+-------+----------------------------------------+----------------------------------------+--------------+-------------+--------------+------------+------------+
; Slack ; From Node                              ; To Node                                ; Launch Clock ; Latch Clock ; Relationship ; Clock Skew ; Data Delay ;
+-------+----------------------------------------+----------------------------------------+--------------+-------------+--------------+------------+------------+
; 0.180 ; FSM:fsm_inst|state.s1                  ; FSM:fsm_inst|state.s1                  ; Clk          ; Clk         ; 0.000        ; 0.034      ; 0.296      ;
; 0.180 ; FSM:fsm_inst|state.s0                  ; FSM:fsm_inst|state.s0                  ; Clk          ; Clk         ; 0.000        ; 0.034      ; 0.296      ;
; 0.185 ; shifter_2d_var:shifter_inst|aux[8][7]  ; shifter_2d_var:shifter_inst|aux[7][7]  ; Clk          ; Clk         ; 0.000        ; 0.034      ; 0.301      ;
; 0.185 ; shifter_2d_var:shifter_inst|aux[20][2] ; shifter_2d_var:shifter_inst|aux[19][2] ; Clk          ; Clk         ; 0.000        ; 0.034      ; 0.301      ;
; 0.185 ; shifter_2d_var:shifter_inst|aux[25][0] ; shifter_2d_var:shifter_inst|aux[24][0] ; Clk          ; Clk         ; 0.000        ; 0.034      ; 0.301      ;
; 0.186 ; shifter_2d_var:shifter_inst|aux[4][1]  ; shifter_2d_var:shifter_inst|aux[3][1]  ; Clk          ; Clk         ; 0.000        ; 0.034      ; 0.302      ;
; 0.186 ; shifter_2d_var:shifter_inst|aux[4][0]  ; shifter_2d_var:shifter_inst|aux[3][0]  ; Clk          ; Clk         ; 0.000        ; 0.034      ; 0.302      ;
; 0.187 ; shifter_2d_var:shifter_inst|aux[20][7] ; shifter_2d_var:shifter_inst|aux[19][7] ; Clk          ; Clk         ; 0.000        ; 0.034      ; 0.303      ;
; 0.187 ; shifter_2d_var:shifter_inst|aux[20][6] ; shifter_2d_var:shifter_inst|aux[19][6] ; Clk          ; Clk         ; 0.000        ; 0.034      ; 0.303      ;
; 0.187 ; shifter_2d_var:shifter_inst|aux[20][4] ; shifter_2d_var:shifter_inst|aux[19][4] ; Clk          ; Clk         ; 0.000        ; 0.034      ; 0.303      ;
; 0.240 ; shifter_2d_var:shifter_inst|aux[20][5] ; shifter_2d_var:shifter_inst|aux[19][5] ; Clk          ; Clk         ; 0.000        ; 0.034      ; 0.356      ;
; 0.240 ; shifter_2d_var:shifter_inst|aux[22][5] ; shifter_2d_var:shifter_inst|aux[21][5] ; Clk          ; Clk         ; 0.000        ; 0.034      ; 0.356      ;
; 0.240 ; shifter_2d_var:shifter_inst|aux[6][4]  ; shifter_2d_var:shifter_inst|aux[5][4]  ; Clk          ; Clk         ; 0.000        ; 0.034      ; 0.356      ;
; 0.240 ; shifter_2d_var:shifter_inst|aux[13][1] ; shifter_2d_var:shifter_inst|aux[12][1] ; Clk          ; Clk         ; 0.000        ; 0.034      ; 0.356      ;
; 0.242 ; shifter_2d_var:shifter_inst|aux[13][7] ; shifter_2d_var:shifter_inst|aux[12][7] ; Clk          ; Clk         ; 0.000        ; 0.034      ; 0.358      ;
; 0.242 ; shifter_2d_var:shifter_inst|aux[6][1]  ; shifter_2d_var:shifter_inst|aux[5][1]  ; Clk          ; Clk         ; 0.000        ; 0.034      ; 0.358      ;
; 0.246 ; shifter_2d_var:shifter_inst|aux[12][1] ; shifter_2d_var:shifter_inst|aux[11][1] ; Clk          ; Clk         ; 0.000        ; 0.035      ; 0.363      ;
; 0.249 ; shifter_2d_var:shifter_inst|aux[11][0] ; shifter_2d_var:shifter_inst|aux[10][0] ; Clk          ; Clk         ; 0.000        ; 0.035      ; 0.366      ;
; 0.250 ; shifter_2d_var:shifter_inst|aux[24][6] ; shifter_2d_var:shifter_inst|aux[23][6] ; Clk          ; Clk         ; 0.000        ; 0.224      ; 0.556      ;
; 0.251 ; shifter_2d_var:shifter_inst|aux[9][6]  ; shifter_2d_var:shifter_inst|aux[8][6]  ; Clk          ; Clk         ; 0.000        ; 0.035      ; 0.368      ;
; 0.253 ; shifter_2d_var:shifter_inst|aux[17][0] ; shifter_2d_var:shifter_inst|aux[16][0] ; Clk          ; Clk         ; 0.000        ; 0.033      ; 0.368      ;
; 0.254 ; shifter_2d_var:shifter_inst|aux[12][3] ; shifter_2d_var:shifter_inst|aux[11][3] ; Clk          ; Clk         ; 0.000        ; 0.035      ; 0.371      ;
; 0.255 ; shifter_2d_var:shifter_inst|aux[12][7] ; shifter_2d_var:shifter_inst|aux[11][7] ; Clk          ; Clk         ; 0.000        ; 0.035      ; 0.372      ;
; 0.255 ; shifter_2d_var:shifter_inst|aux[4][4]  ; shifter_2d_var:shifter_inst|aux[3][4]  ; Clk          ; Clk         ; 0.000        ; 0.034      ; 0.371      ;
; 0.256 ; shifter_2d_var:shifter_inst|aux[9][7]  ; shifter_2d_var:shifter_inst|aux[8][7]  ; Clk          ; Clk         ; 0.000        ; 0.035      ; 0.373      ;
; 0.256 ; shifter_2d_var:shifter_inst|aux[24][7] ; shifter_2d_var:shifter_inst|aux[23][7] ; Clk          ; Clk         ; 0.000        ; 0.224      ; 0.562      ;
; 0.258 ; shifter_2d_var:shifter_inst|aux[9][0]  ; shifter_2d_var:shifter_inst|aux[8][0]  ; Clk          ; Clk         ; 0.000        ; 0.035      ; 0.375      ;
; 0.259 ; shifter_2d_var:shifter_inst|aux[24][4] ; shifter_2d_var:shifter_inst|aux[23][4] ; Clk          ; Clk         ; 0.000        ; 0.224      ; 0.565      ;
; 0.262 ; shifter_2d_var:shifter_inst|aux[24][2] ; shifter_2d_var:shifter_inst|aux[23][2] ; Clk          ; Clk         ; 0.000        ; 0.224      ; 0.568      ;
; 0.270 ; shifter_2d_var:shifter_inst|aux[26][7] ; shifter_2d_var:shifter_inst|aux[25][7] ; Clk          ; Clk         ; 0.000        ; 0.224      ; 0.576      ;
; 0.273 ; shifter_2d_var:shifter_inst|aux[24][3] ; shifter_2d_var:shifter_inst|aux[23][3] ; Clk          ; Clk         ; 0.000        ; 0.224      ; 0.579      ;
; 0.277 ; shifter_2d_var:shifter_inst|aux[30][6] ; shifter_2d_var:shifter_inst|aux[29][6] ; Clk          ; Clk         ; 0.000        ; 0.034      ; 0.393      ;
; 0.277 ; shifter_2d_var:shifter_inst|aux[25][4] ; shifter_2d_var:shifter_inst|aux[24][4] ; Clk          ; Clk         ; 0.000        ; 0.034      ; 0.393      ;
; 0.277 ; shifter_2d_var:shifter_inst|aux[30][0] ; shifter_2d_var:shifter_inst|aux[29][0] ; Clk          ; Clk         ; 0.000        ; 0.034      ; 0.393      ;
; 0.278 ; shifter_2d_var:shifter_inst|aux[13][6] ; shifter_2d_var:shifter_inst|aux[12][6] ; Clk          ; Clk         ; 0.000        ; 0.034      ; 0.394      ;
; 0.278 ; shifter_2d_var:shifter_inst|aux[17][6] ; shifter_2d_var:shifter_inst|aux[16][6] ; Clk          ; Clk         ; 0.000        ; 0.034      ; 0.394      ;
; 0.278 ; shifter_2d_var:shifter_inst|aux[25][6] ; shifter_2d_var:shifter_inst|aux[24][6] ; Clk          ; Clk         ; 0.000        ; 0.034      ; 0.394      ;
; 0.278 ; shifter_2d_var:shifter_inst|aux[1][5]  ; shifter_2d_var:shifter_inst|aux[0][5]  ; Clk          ; Clk         ; 0.000        ; 0.034      ; 0.394      ;
; 0.278 ; shifter_2d_var:shifter_inst|aux[8][5]  ; shifter_2d_var:shifter_inst|aux[7][5]  ; Clk          ; Clk         ; 0.000        ; 0.034      ; 0.394      ;
; 0.278 ; shifter_2d_var:shifter_inst|aux[17][5] ; shifter_2d_var:shifter_inst|aux[16][5] ; Clk          ; Clk         ; 0.000        ; 0.034      ; 0.394      ;
; 0.278 ; shifter_2d_var:shifter_inst|aux[14][4] ; shifter_2d_var:shifter_inst|aux[13][4] ; Clk          ; Clk         ; 0.000        ; 0.034      ; 0.394      ;
; 0.278 ; shifter_2d_var:shifter_inst|aux[17][3] ; shifter_2d_var:shifter_inst|aux[16][3] ; Clk          ; Clk         ; 0.000        ; 0.034      ; 0.394      ;
; 0.278 ; shifter_2d_var:shifter_inst|aux[30][3] ; shifter_2d_var:shifter_inst|aux[29][3] ; Clk          ; Clk         ; 0.000        ; 0.034      ; 0.394      ;
; 0.278 ; shifter_2d_var:shifter_inst|aux[9][2]  ; shifter_2d_var:shifter_inst|aux[8][2]  ; Clk          ; Clk         ; 0.000        ; 0.034      ; 0.394      ;
; 0.278 ; shifter_2d_var:shifter_inst|aux[22][2] ; shifter_2d_var:shifter_inst|aux[21][2] ; Clk          ; Clk         ; 0.000        ; 0.034      ; 0.394      ;
; 0.278 ; shifter_2d_var:shifter_inst|aux[22][1] ; shifter_2d_var:shifter_inst|aux[21][1] ; Clk          ; Clk         ; 0.000        ; 0.034      ; 0.394      ;
; 0.278 ; shifter_2d_var:shifter_inst|aux[30][1] ; shifter_2d_var:shifter_inst|aux[29][1] ; Clk          ; Clk         ; 0.000        ; 0.034      ; 0.394      ;
; 0.278 ; shifter_2d_var:shifter_inst|aux[18][0] ; shifter_2d_var:shifter_inst|aux[17][0] ; Clk          ; Clk         ; 0.000        ; 0.034      ; 0.394      ;
; 0.278 ; shifter_2d_var:shifter_inst|aux[20][0] ; shifter_2d_var:shifter_inst|aux[19][0] ; Clk          ; Clk         ; 0.000        ; 0.034      ; 0.394      ;
; 0.279 ; shifter_2d_var:shifter_inst|aux[1][7]  ; shifter_2d_var:shifter_inst|aux[0][7]  ; Clk          ; Clk         ; 0.000        ; 0.034      ; 0.395      ;
; 0.279 ; shifter_2d_var:shifter_inst|aux[8][6]  ; shifter_2d_var:shifter_inst|aux[7][6]  ; Clk          ; Clk         ; 0.000        ; 0.034      ; 0.395      ;
; 0.279 ; shifter_2d_var:shifter_inst|aux[22][4] ; shifter_2d_var:shifter_inst|aux[21][4] ; Clk          ; Clk         ; 0.000        ; 0.034      ; 0.395      ;
; 0.279 ; shifter_2d_var:shifter_inst|aux[20][3] ; shifter_2d_var:shifter_inst|aux[19][3] ; Clk          ; Clk         ; 0.000        ; 0.034      ; 0.395      ;
; 0.279 ; shifter_2d_var:shifter_inst|aux[25][1] ; shifter_2d_var:shifter_inst|aux[24][1] ; Clk          ; Clk         ; 0.000        ; 0.034      ; 0.395      ;
; 0.280 ; shifter_2d_var:shifter_inst|aux[18][7] ; shifter_2d_var:shifter_inst|aux[17][7] ; Clk          ; Clk         ; 0.000        ; 0.034      ; 0.396      ;
; 0.280 ; shifter_2d_var:shifter_inst|aux[25][5] ; shifter_2d_var:shifter_inst|aux[24][5] ; Clk          ; Clk         ; 0.000        ; 0.034      ; 0.396      ;
; 0.280 ; shifter_2d_var:shifter_inst|aux[8][4]  ; shifter_2d_var:shifter_inst|aux[7][4]  ; Clk          ; Clk         ; 0.000        ; 0.034      ; 0.396      ;
; 0.280 ; shifter_2d_var:shifter_inst|aux[1][2]  ; shifter_2d_var:shifter_inst|aux[0][2]  ; Clk          ; Clk         ; 0.000        ; 0.034      ; 0.396      ;
; 0.280 ; shifter_2d_var:shifter_inst|aux[8][1]  ; shifter_2d_var:shifter_inst|aux[7][1]  ; Clk          ; Clk         ; 0.000        ; 0.034      ; 0.396      ;
; 0.280 ; shifter_2d_var:shifter_inst|aux[8][0]  ; shifter_2d_var:shifter_inst|aux[7][0]  ; Clk          ; Clk         ; 0.000        ; 0.034      ; 0.396      ;
; 0.284 ; shifter_2d_var:shifter_inst|aux[22][7] ; shifter_2d_var:shifter_inst|aux[21][7] ; Clk          ; Clk         ; 0.000        ; 0.034      ; 0.400      ;
; 0.284 ; shifter_2d_var:shifter_inst|aux[6][3]  ; shifter_2d_var:shifter_inst|aux[5][3]  ; Clk          ; Clk         ; 0.000        ; 0.034      ; 0.400      ;
; 0.285 ; shifter_2d_var:shifter_inst|aux[6][5]  ; shifter_2d_var:shifter_inst|aux[5][5]  ; Clk          ; Clk         ; 0.000        ; 0.034      ; 0.401      ;
; 0.285 ; shifter_2d_var:shifter_inst|aux[30][4] ; shifter_2d_var:shifter_inst|aux[29][4] ; Clk          ; Clk         ; 0.000        ; 0.034      ; 0.401      ;
; 0.285 ; shifter_2d_var:shifter_inst|aux[6][2]  ; shifter_2d_var:shifter_inst|aux[5][2]  ; Clk          ; Clk         ; 0.000        ; 0.034      ; 0.401      ;
; 0.285 ; shifter_2d_var:shifter_inst|aux[17][2] ; shifter_2d_var:shifter_inst|aux[16][2] ; Clk          ; Clk         ; 0.000        ; 0.034      ; 0.401      ;
; 0.285 ; shifter_2d_var:shifter_inst|aux[1][0]  ; shifter_2d_var:shifter_inst|aux[0][0]  ; Clk          ; Clk         ; 0.000        ; 0.034      ; 0.401      ;
; 0.287 ; shifter_2d_var:shifter_inst|aux[22][6] ; shifter_2d_var:shifter_inst|aux[21][6] ; Clk          ; Clk         ; 0.000        ; 0.034      ; 0.403      ;
; 0.287 ; shifter_2d_var:shifter_inst|aux[13][5] ; shifter_2d_var:shifter_inst|aux[12][5] ; Clk          ; Clk         ; 0.000        ; 0.034      ; 0.403      ;
; 0.287 ; shifter_2d_var:shifter_inst|aux[17][1] ; shifter_2d_var:shifter_inst|aux[16][1] ; Clk          ; Clk         ; 0.000        ; 0.034      ; 0.403      ;
; 0.287 ; shifter_2d_var:shifter_inst|aux[6][0]  ; shifter_2d_var:shifter_inst|aux[5][0]  ; Clk          ; Clk         ; 0.000        ; 0.034      ; 0.403      ;
; 0.287 ; shifter_2d_var:shifter_inst|aux[13][0] ; shifter_2d_var:shifter_inst|aux[12][0] ; Clk          ; Clk         ; 0.000        ; 0.034      ; 0.403      ;
; 0.288 ; shifter_2d_var:shifter_inst|aux[17][4] ; shifter_2d_var:shifter_inst|aux[16][4] ; Clk          ; Clk         ; 0.000        ; 0.034      ; 0.404      ;
; 0.300 ; shifter_2d_var:shifter_inst|aux[9][5]  ; shifter_2d_var:shifter_inst|aux[8][5]  ; Clk          ; Clk         ; 0.000        ; 0.035      ; 0.417      ;
; 0.301 ; FSM:fsm_inst|count[2]                  ; FSM:fsm_inst|count[2]                  ; Clk          ; Clk         ; 0.000        ; 0.034      ; 0.417      ;
; 0.302 ; shifter_2d_var:shifter_inst|aux[14][6] ; shifter_2d_var:shifter_inst|aux[13][6] ; Clk          ; Clk         ; 0.000        ; 0.035      ; 0.419      ;
; 0.303 ; FSM:fsm_inst|count[1]                  ; FSM:fsm_inst|count[1]                  ; Clk          ; Clk         ; 0.000        ; 0.034      ; 0.419      ;
; 0.306 ; shifter_2d_var:shifter_inst|aux[14][2] ; shifter_2d_var:shifter_inst|aux[13][2] ; Clk          ; Clk         ; 0.000        ; 0.034      ; 0.422      ;
; 0.307 ; shifter_2d_var:shifter_inst|aux[26][2] ; shifter_2d_var:shifter_inst|aux[25][2] ; Clk          ; Clk         ; 0.000        ; 0.033      ; 0.422      ;
; 0.308 ; shifter_2d_var:shifter_inst|aux[18][6] ; shifter_2d_var:shifter_inst|aux[17][6] ; Clk          ; Clk         ; 0.000        ; 0.033      ; 0.423      ;
; 0.316 ; shifter_2d_var:shifter_inst|aux[20][1] ; shifter_2d_var:shifter_inst|aux[19][1] ; Clk          ; Clk         ; 0.000        ; 0.034      ; 0.432      ;
; 0.318 ; shifter_2d_var:shifter_inst|aux[7][1]  ; shifter_2d_var:shifter_inst|aux[6][1]  ; Clk          ; Clk         ; 0.000        ; 0.036      ; 0.436      ;
; 0.324 ; shifter_2d_var:shifter_inst|aux[26][0] ; shifter_2d_var:shifter_inst|aux[25][0] ; Clk          ; Clk         ; 0.000        ; 0.033      ; 0.439      ;
; 0.326 ; shifter_2d_var:shifter_inst|aux[23][0] ; shifter_2d_var:shifter_inst|aux[22][0] ; Clk          ; Clk         ; 0.000        ; 0.223      ; 0.631      ;
; 0.328 ; shifter_2d_var:shifter_inst|aux[1][3]  ; shifter_2d_var:shifter_inst|aux[0][3]  ; Clk          ; Clk         ; 0.000        ; 0.221      ; 0.631      ;
; 0.340 ; shifter_2d_var:shifter_inst|aux[30][5] ; shifter_2d_var:shifter_inst|aux[29][5] ; Clk          ; Clk         ; 0.000        ; 0.035      ; 0.457      ;
; 0.340 ; shifter_2d_var:shifter_inst|aux[8][3]  ; shifter_2d_var:shifter_inst|aux[7][3]  ; Clk          ; Clk         ; 0.000        ; 0.035      ; 0.457      ;
; 0.341 ; shifter_2d_var:shifter_inst|aux[12][4] ; shifter_2d_var:shifter_inst|aux[11][4] ; Clk          ; Clk         ; 0.000        ; 0.035      ; 0.458      ;
; 0.342 ; shifter_2d_var:shifter_inst|aux[30][7] ; shifter_2d_var:shifter_inst|aux[29][7] ; Clk          ; Clk         ; 0.000        ; 0.035      ; 0.459      ;
; 0.342 ; shifter_2d_var:shifter_inst|aux[12][2] ; shifter_2d_var:shifter_inst|aux[11][2] ; Clk          ; Clk         ; 0.000        ; 0.035      ; 0.459      ;
; 0.343 ; shifter_2d_var:shifter_inst|aux[12][5] ; shifter_2d_var:shifter_inst|aux[11][5] ; Clk          ; Clk         ; 0.000        ; 0.035      ; 0.460      ;
; 0.344 ; shifter_2d_var:shifter_inst|aux[4][2]  ; shifter_2d_var:shifter_inst|aux[3][2]  ; Clk          ; Clk         ; 0.000        ; 0.034      ; 0.460      ;
; 0.346 ; shifter_2d_var:shifter_inst|aux[6][6]  ; shifter_2d_var:shifter_inst|aux[5][6]  ; Clk          ; Clk         ; 0.000        ; 0.033      ; 0.461      ;
; 0.346 ; shifter_2d_var:shifter_inst|aux[18][5] ; shifter_2d_var:shifter_inst|aux[17][5] ; Clk          ; Clk         ; 0.000        ; 0.033      ; 0.461      ;
; 0.346 ; shifter_2d_var:shifter_inst|aux[26][5] ; shifter_2d_var:shifter_inst|aux[25][5] ; Clk          ; Clk         ; 0.000        ; 0.033      ; 0.461      ;
; 0.346 ; shifter_2d_var:shifter_inst|aux[13][4] ; shifter_2d_var:shifter_inst|aux[12][4] ; Clk          ; Clk         ; 0.000        ; 0.035      ; 0.463      ;
; 0.348 ; shifter_2d_var:shifter_inst|aux[19][2] ; shifter_2d_var:shifter_inst|aux[18][2] ; Clk          ; Clk         ; 0.000        ; 0.033      ; 0.463      ;
; 0.348 ; shifter_2d_var:shifter_inst|aux[19][1] ; shifter_2d_var:shifter_inst|aux[18][1] ; Clk          ; Clk         ; 0.000        ; 0.033      ; 0.463      ;
; 0.351 ; shifter_2d_var:shifter_inst|aux[4][3]  ; shifter_2d_var:shifter_inst|aux[3][3]  ; Clk          ; Clk         ; 0.000        ; 0.034      ; 0.467      ;
; 0.351 ; shifter_2d_var:shifter_inst|aux[1][1]  ; shifter_2d_var:shifter_inst|aux[0][1]  ; Clk          ; Clk         ; 0.000        ; 0.034      ; 0.467      ;
+-------+----------------------------------------+----------------------------------------+--------------+-------------+--------------+------------+------------+


------------------------------------------------
; Fast 1200mV -40C Model Metastability Summary ;
------------------------------------------------
No synchronizer chains to report.


+--------------------------------------------------------------------------------+
; Multicorner Timing Analysis Summary                                            ;
+------------------+----------+-------+----------+---------+---------------------+
; Clock            ; Setup    ; Hold  ; Recovery ; Removal ; Minimum Pulse Width ;
+------------------+----------+-------+----------+---------+---------------------+
; Worst-case Slack ; -3.275   ; 0.180 ; N/A      ; N/A     ; -3.000              ;
;  Clk             ; -3.275   ; 0.180 ; N/A      ; N/A     ; -3.000              ;
; Design-wide TNS  ; -776.33  ; 0.0   ; 0.0      ; 0.0     ; -395.568            ;
;  Clk             ; -776.330 ; 0.000 ; N/A      ; N/A     ; -395.568            ;
+------------------+----------+-------+----------+---------+---------------------+


+------------------------------------------------------------------------------------------------------------------------------------------------------------------------------------------------------------------------------------------------------------------------------------------------------------------------------------------------------------------------------------------------------------------+
; Board Trace Model Assignments                                                                                                                                                                                                                                                                                                                                                                                    ;
+---------------+--------------+-------------------+-------------------------+-------------------------+---------------+---------------------+----------------+------------------+--------+------------------+------------------------+------------------------+--------------+---------------+-----------------+-------+---------------------+--------------------+---------------+-----------------+-------------+
; Pin           ; I/O Standard ; Near Tline Length ; Near Tline L per Length ; Near Tline C per Length ; Near Series R ; Near Differential R ; Near Pull-up R ; Near Pull-down R ; Near C ; Far Tline Length ; Far Tline L per Length ; Far Tline C per Length ; Far Series R ; Far Pull-up R ; Far Pull-down R ; Far C ; Termination Voltage ; Far Differential R ; EBD File Name ; EBD Signal Name ; EBD Far-end ;
+---------------+--------------+-------------------+-------------------------+-------------------------+---------------+---------------------+----------------+------------------+--------+------------------+------------------------+------------------------+--------------+---------------+-----------------+-------+---------------------+--------------------+---------------+-----------------+-------------+
; F_FULL_N      ; 2.5 V        ; 0 in              ; 0 H/in                  ; 0 F/in                  ; short         ; -                   ; open           ; open             ; open   ; 0 in             ; 0 H/in                 ; 0 F/in                 ; short        ; open          ; open            ; open  ; 0 V                 ; -                  ; n/a           ; n/a             ; n/a         ;
; F_EMPTY_N     ; 2.5 V        ; 0 in              ; 0 H/in                  ; 0 F/in                  ; short         ; -                   ; open           ; open             ; open   ; 0 in             ; 0 H/in                 ; 0 F/in                 ; short        ; open          ; open            ; open  ; 0 V                 ; -                  ; n/a           ; n/a             ; n/a         ;
; DATA_OUT[0]   ; 2.5 V        ; 0 in              ; 0 H/in                  ; 0 F/in                  ; short         ; -                   ; open           ; open             ; open   ; 0 in             ; 0 H/in                 ; 0 F/in                 ; short        ; open          ; open            ; open  ; 0 V                 ; -                  ; n/a           ; n/a             ; n/a         ;
; DATA_OUT[1]   ; 2.5 V        ; 0 in              ; 0 H/in                  ; 0 F/in                  ; short         ; -                   ; open           ; open             ; open   ; 0 in             ; 0 H/in                 ; 0 F/in                 ; short        ; open          ; open            ; open  ; 0 V                 ; -                  ; n/a           ; n/a             ; n/a         ;
; DATA_OUT[2]   ; 2.5 V        ; 0 in              ; 0 H/in                  ; 0 F/in                  ; short         ; -                   ; open           ; open             ; open   ; 0 in             ; 0 H/in                 ; 0 F/in                 ; short        ; open          ; open            ; open  ; 0 V                 ; -                  ; n/a           ; n/a             ; n/a         ;
; DATA_OUT[3]   ; 2.5 V        ; 0 in              ; 0 H/in                  ; 0 F/in                  ; short         ; -                   ; open           ; open             ; open   ; 0 in             ; 0 H/in                 ; 0 F/in                 ; short        ; open          ; open            ; open  ; 0 V                 ; -                  ; n/a           ; n/a             ; n/a         ;
; DATA_OUT[4]   ; 2.5 V        ; 0 in              ; 0 H/in                  ; 0 F/in                  ; short         ; -                   ; open           ; open             ; open   ; 0 in             ; 0 H/in                 ; 0 F/in                 ; short        ; open          ; open            ; open  ; 0 V                 ; -                  ; n/a           ; n/a             ; n/a         ;
; DATA_OUT[5]   ; 2.5 V        ; 0 in              ; 0 H/in                  ; 0 F/in                  ; short         ; -                   ; open           ; open             ; open   ; 0 in             ; 0 H/in                 ; 0 F/in                 ; short        ; open          ; open            ; open  ; 0 V                 ; -                  ; n/a           ; n/a             ; n/a         ;
; DATA_OUT[6]   ; 2.5 V        ; 0 in              ; 0 H/in                  ; 0 F/in                  ; short         ; -                   ; open           ; open             ; open   ; 0 in             ; 0 H/in                 ; 0 F/in                 ; short        ; open          ; open            ; open  ; 0 V                 ; -                  ; n/a           ; n/a             ; n/a         ;
; DATA_OUT[7]   ; 2.5 V        ; 0 in              ; 0 H/in                  ; 0 F/in                  ; short         ; -                   ; open           ; open             ; open   ; 0 in             ; 0 H/in                 ; 0 F/in                 ; short        ; open          ; open            ; open  ; 0 V                 ; -                  ; n/a           ; n/a             ; n/a         ;
; USE_DW[0]     ; 2.5 V        ; 0 in              ; 0 H/in                  ; 0 F/in                  ; short         ; -                   ; open           ; open             ; open   ; 0 in             ; 0 H/in                 ; 0 F/in                 ; short        ; open          ; open            ; open  ; 0 V                 ; -                  ; n/a           ; n/a             ; n/a         ;
; USE_DW[1]     ; 2.5 V        ; 0 in              ; 0 H/in                  ; 0 F/in                  ; short         ; -                   ; open           ; open             ; open   ; 0 in             ; 0 H/in                 ; 0 F/in                 ; short        ; open          ; open            ; open  ; 0 V                 ; -                  ; n/a           ; n/a             ; n/a         ;
; USE_DW[2]     ; 2.5 V        ; 0 in              ; 0 H/in                  ; 0 F/in                  ; short         ; -                   ; open           ; open             ; open   ; 0 in             ; 0 H/in                 ; 0 F/in                 ; short        ; open          ; open            ; open  ; 0 V                 ; -                  ; n/a           ; n/a             ; n/a         ;
; USE_DW[3]     ; 2.5 V        ; 0 in              ; 0 H/in                  ; 0 F/in                  ; short         ; -                   ; open           ; open             ; open   ; 0 in             ; 0 H/in                 ; 0 F/in                 ; short        ; open          ; open            ; open  ; 0 V                 ; -                  ; n/a           ; n/a             ; n/a         ;
; USE_DW[4]     ; 2.5 V        ; 0 in              ; 0 H/in                  ; 0 F/in                  ; short         ; -                   ; open           ; open             ; open   ; 0 in             ; 0 H/in                 ; 0 F/in                 ; short        ; open          ; open            ; open  ; 0 V                 ; -                  ; n/a           ; n/a             ; n/a         ;
; ~ALTERA_DCLK~ ; 2.5 V        ; 0 in              ; 0 H/in                  ; 0 F/in                  ; short         ; -                   ; open           ; open             ; open   ; 0 in             ; 0 H/in                 ; 0 F/in                 ; short        ; open          ; open            ; open  ; 0 V                 ; -                  ; n/a           ; n/a             ; n/a         ;
; ~ALTERA_nCEO~ ; 2.5 V        ; 0 in              ; 0 H/in                  ; 0 F/in                  ; short         ; -                   ; open           ; open             ; open   ; 0 in             ; 0 H/in                 ; 0 F/in                 ; short        ; open          ; open            ; open  ; 0 V                 ; -                  ; n/a           ; n/a             ; n/a         ;
+---------------+--------------+-------------------+-------------------------+-------------------------+---------------+---------------------+----------------+------------------+--------+------------------+------------------------+------------------------+--------------+---------------+-----------------+-------+---------------------+--------------------+---------------+-----------------+-------------+


+----------------------------------------------------------------------------+
; Input Transition Times                                                     ;
+-------------------------+--------------+-----------------+-----------------+
; Pin                     ; I/O Standard ; 10-90 Rise Time ; 90-10 Fall Time ;
+-------------------------+--------------+-----------------+-----------------+
; Read                    ; 2.5 V        ; 2000 ps         ; 2000 ps         ;
; Write                   ; 2.5 V        ; 2000 ps         ; 2000 ps         ;
; Clk                     ; 2.5 V        ; 2000 ps         ; 2000 ps         ;
; RSTn                    ; 2.5 V        ; 2000 ps         ; 2000 ps         ;
; DATA_IN[0]              ; 2.5 V        ; 2000 ps         ; 2000 ps         ;
; Clear_n                 ; 2.5 V        ; 2000 ps         ; 2000 ps         ;
; DATA_IN[1]              ; 2.5 V        ; 2000 ps         ; 2000 ps         ;
; DATA_IN[2]              ; 2.5 V        ; 2000 ps         ; 2000 ps         ;
; DATA_IN[3]              ; 2.5 V        ; 2000 ps         ; 2000 ps         ;
; DATA_IN[4]              ; 2.5 V        ; 2000 ps         ; 2000 ps         ;
; DATA_IN[5]              ; 2.5 V        ; 2000 ps         ; 2000 ps         ;
; DATA_IN[6]              ; 2.5 V        ; 2000 ps         ; 2000 ps         ;
; DATA_IN[7]              ; 2.5 V        ; 2000 ps         ; 2000 ps         ;
; ~ALTERA_ASDO_DATA1~     ; 2.5 V        ; 2000 ps         ; 2000 ps         ;
; ~ALTERA_FLASH_nCE_nCSO~ ; 2.5 V        ; 2000 ps         ; 2000 ps         ;
; ~ALTERA_DATA0~          ; 2.5 V        ; 2000 ps         ; 2000 ps         ;
+-------------------------+--------------+-----------------+-----------------+


+--------------------------------------------------------------------------------------------------------------------------------------------------------------------------------------------------------------------------------------------------------------------------------------------------------------------------------------------------------------------------------------------------------------------------------------------------------------------------------------------------------------------------------------------------------------------------------------------------------------------------------------------------------------------------------------------+
; Signal Integrity Metrics (Slow 1200mv n40c Model)                                                                                                                                                                                                                                                                                                                                                                                                                                                                                                                                                                                                                                          ;
+---------------+--------------+---------------------+---------------------+------------------------------+------------------------------+---------------------+---------------------+--------------------------------------+--------------------------------------+-----------------------------+-----------------------------+----------------------------+----------------------------+-----------------------------+-----------------------------+--------------------+--------------------+-------------------------------------+-------------------------------------+----------------------------+----------------------------+---------------------------+---------------------------+
; Pin           ; I/O Standard ; Board Delay on Rise ; Board Delay on Fall ; Steady State Voh at FPGA Pin ; Steady State Vol at FPGA Pin ; Voh Max at FPGA Pin ; Vol Min at FPGA Pin ; Ringback Voltage on Rise at FPGA Pin ; Ringback Voltage on Fall at FPGA Pin ; 10-90 Rise Time at FPGA Pin ; 90-10 Fall Time at FPGA Pin ; Monotonic Rise at FPGA Pin ; Monotonic Fall at FPGA Pin ; Steady State Voh at Far-end ; Steady State Vol at Far-end ; Voh Max at Far-end ; Vol Min at Far-end ; Ringback Voltage on Rise at Far-end ; Ringback Voltage on Fall at Far-end ; 10-90 Rise Time at Far-end ; 90-10 Fall Time at Far-end ; Monotonic Rise at Far-end ; Monotonic Fall at Far-end ;
+---------------+--------------+---------------------+---------------------+------------------------------+------------------------------+---------------------+---------------------+--------------------------------------+--------------------------------------+-----------------------------+-----------------------------+----------------------------+----------------------------+-----------------------------+-----------------------------+--------------------+--------------------+-------------------------------------+-------------------------------------+----------------------------+----------------------------+---------------------------+---------------------------+
; F_FULL_N      ; 2.5 V        ; 0 s                 ; 0 s                 ; 2.32 V                       ; 1.74e-09 V                   ; 2.4 V               ; -0.0195 V           ; 0.196 V                              ; 0.023 V                              ; 2.87e-10 s                  ; 3.09e-10 s                  ; Yes                        ; Yes                        ; 2.32 V                      ; 1.74e-09 V                  ; 2.4 V              ; -0.0195 V          ; 0.196 V                             ; 0.023 V                             ; 2.87e-10 s                 ; 3.09e-10 s                 ; Yes                       ; Yes                       ;
; F_EMPTY_N     ; 2.5 V        ; 0 s                 ; 0 s                 ; 2.32 V                       ; 1.4e-09 V                    ; 2.39 V              ; -0.0122 V           ; 0.154 V                              ; 0.017 V                              ; 4.74e-10 s                  ; 4.5e-10 s                   ; No                         ; Yes                        ; 2.32 V                      ; 1.4e-09 V                   ; 2.39 V             ; -0.0122 V          ; 0.154 V                             ; 0.017 V                             ; 4.74e-10 s                 ; 4.5e-10 s                  ; No                        ; Yes                       ;
; DATA_OUT[0]   ; 2.5 V        ; 0 s                 ; 0 s                 ; 2.32 V                       ; 1.74e-09 V                   ; 2.4 V               ; -0.0195 V           ; 0.196 V                              ; 0.023 V                              ; 2.87e-10 s                  ; 3.09e-10 s                  ; Yes                        ; Yes                        ; 2.32 V                      ; 1.74e-09 V                  ; 2.4 V              ; -0.0195 V          ; 0.196 V                             ; 0.023 V                             ; 2.87e-10 s                 ; 3.09e-10 s                 ; Yes                       ; Yes                       ;
; DATA_OUT[1]   ; 2.5 V        ; 0 s                 ; 0 s                 ; 2.32 V                       ; 1.74e-09 V                   ; 2.4 V               ; -0.0195 V           ; 0.196 V                              ; 0.023 V                              ; 2.87e-10 s                  ; 3.09e-10 s                  ; Yes                        ; Yes                        ; 2.32 V                      ; 1.74e-09 V                  ; 2.4 V              ; -0.0195 V          ; 0.196 V                             ; 0.023 V                             ; 2.87e-10 s                 ; 3.09e-10 s                 ; Yes                       ; Yes                       ;
; DATA_OUT[2]   ; 2.5 V        ; 0 s                 ; 0 s                 ; 2.32 V                       ; 1.74e-09 V                   ; 2.4 V               ; -0.0195 V           ; 0.196 V                              ; 0.023 V                              ; 2.87e-10 s                  ; 3.09e-10 s                  ; Yes                        ; Yes                        ; 2.32 V                      ; 1.74e-09 V                  ; 2.4 V              ; -0.0195 V          ; 0.196 V                             ; 0.023 V                             ; 2.87e-10 s                 ; 3.09e-10 s                 ; Yes                       ; Yes                       ;
; DATA_OUT[3]   ; 2.5 V        ; 0 s                 ; 0 s                 ; 2.32 V                       ; 1.74e-09 V                   ; 2.4 V               ; -0.0195 V           ; 0.196 V                              ; 0.023 V                              ; 2.87e-10 s                  ; 3.09e-10 s                  ; Yes                        ; Yes                        ; 2.32 V                      ; 1.74e-09 V                  ; 2.4 V              ; -0.0195 V          ; 0.196 V                             ; 0.023 V                             ; 2.87e-10 s                 ; 3.09e-10 s                 ; Yes                       ; Yes                       ;
; DATA_OUT[4]   ; 2.5 V        ; 0 s                 ; 0 s                 ; 2.32 V                       ; 1.4e-09 V                    ; 2.39 V              ; -0.0122 V           ; 0.154 V                              ; 0.017 V                              ; 4.74e-10 s                  ; 4.5e-10 s                   ; No                         ; Yes                        ; 2.32 V                      ; 1.4e-09 V                   ; 2.39 V             ; -0.0122 V          ; 0.154 V                             ; 0.017 V                             ; 4.74e-10 s                 ; 4.5e-10 s                  ; No                        ; Yes                       ;
; DATA_OUT[5]   ; 2.5 V        ; 0 s                 ; 0 s                 ; 2.32 V                       ; 1.74e-09 V                   ; 2.4 V               ; -0.0195 V           ; 0.196 V                              ; 0.023 V                              ; 2.87e-10 s                  ; 3.09e-10 s                  ; Yes                        ; Yes                        ; 2.32 V                      ; 1.74e-09 V                  ; 2.4 V              ; -0.0195 V          ; 0.196 V                             ; 0.023 V                             ; 2.87e-10 s                 ; 3.09e-10 s                 ; Yes                       ; Yes                       ;
; DATA_OUT[6]   ; 2.5 V        ; 0 s                 ; 0 s                 ; 2.32 V                       ; 1.74e-09 V                   ; 2.4 V               ; -0.0195 V           ; 0.196 V                              ; 0.023 V                              ; 2.87e-10 s                  ; 3.09e-10 s                  ; Yes                        ; Yes                        ; 2.32 V                      ; 1.74e-09 V                  ; 2.4 V              ; -0.0195 V          ; 0.196 V                             ; 0.023 V                             ; 2.87e-10 s                 ; 3.09e-10 s                 ; Yes                       ; Yes                       ;
; DATA_OUT[7]   ; 2.5 V        ; 0 s                 ; 0 s                 ; 2.32 V                       ; 1.74e-09 V                   ; 2.4 V               ; -0.0195 V           ; 0.196 V                              ; 0.023 V                              ; 2.87e-10 s                  ; 3.09e-10 s                  ; Yes                        ; Yes                        ; 2.32 V                      ; 1.74e-09 V                  ; 2.4 V              ; -0.0195 V          ; 0.196 V                             ; 0.023 V                             ; 2.87e-10 s                 ; 3.09e-10 s                 ; Yes                       ; Yes                       ;
; USE_DW[0]     ; 2.5 V        ; 0 s                 ; 0 s                 ; 2.32 V                       ; 1.4e-09 V                    ; 2.34 V              ; -0.00664 V          ; 0.204 V                              ; 0.106 V                              ; 2.63e-09 s                  ; 2.46e-09 s                  ; No                         ; Yes                        ; 2.32 V                      ; 1.4e-09 V                   ; 2.34 V             ; -0.00664 V         ; 0.204 V                             ; 0.106 V                             ; 2.63e-09 s                 ; 2.46e-09 s                 ; No                        ; Yes                       ;
; USE_DW[1]     ; 2.5 V        ; 0 s                 ; 0 s                 ; 2.32 V                       ; 1.4e-09 V                    ; 2.4 V               ; -0.0306 V           ; 0.178 V                              ; 0.087 V                              ; 2.81e-10 s                  ; 2.95e-10 s                  ; Yes                        ; Yes                        ; 2.32 V                      ; 1.4e-09 V                   ; 2.4 V              ; -0.0306 V          ; 0.178 V                             ; 0.087 V                             ; 2.81e-10 s                 ; 2.95e-10 s                 ; Yes                       ; Yes                       ;
; USE_DW[2]     ; 2.5 V        ; 0 s                 ; 0 s                 ; 2.32 V                       ; 1.4e-09 V                    ; 2.39 V              ; -0.0122 V           ; 0.154 V                              ; 0.017 V                              ; 4.74e-10 s                  ; 4.5e-10 s                   ; No                         ; Yes                        ; 2.32 V                      ; 1.4e-09 V                   ; 2.39 V             ; -0.0122 V          ; 0.154 V                             ; 0.017 V                             ; 4.74e-10 s                 ; 4.5e-10 s                  ; No                        ; Yes                       ;
; USE_DW[3]     ; 2.5 V        ; 0 s                 ; 0 s                 ; 2.32 V                       ; 1.74e-09 V                   ; 2.4 V               ; -0.0195 V           ; 0.196 V                              ; 0.023 V                              ; 2.87e-10 s                  ; 3.09e-10 s                  ; Yes                        ; Yes                        ; 2.32 V                      ; 1.74e-09 V                  ; 2.4 V              ; -0.0195 V          ; 0.196 V                             ; 0.023 V                             ; 2.87e-10 s                 ; 3.09e-10 s                 ; Yes                       ; Yes                       ;
; USE_DW[4]     ; 2.5 V        ; 0 s                 ; 0 s                 ; 2.32 V                       ; 1.74e-09 V                   ; 2.4 V               ; -0.0195 V           ; 0.196 V                              ; 0.023 V                              ; 2.87e-10 s                  ; 3.09e-10 s                  ; Yes                        ; Yes                        ; 2.32 V                      ; 1.74e-09 V                  ; 2.4 V              ; -0.0195 V          ; 0.196 V                             ; 0.023 V                             ; 2.87e-10 s                 ; 3.09e-10 s                 ; Yes                       ; Yes                       ;
; ~ALTERA_DCLK~ ; 2.5 V        ; 0 s                 ; 0 s                 ; 2.32 V                       ; 1.16e-09 V                   ; 2.39 V              ; -0.0798 V           ; 0.13 V                               ; 0.103 V                              ; 2.71e-10 s                  ; 2.5e-10 s                   ; Yes                        ; Yes                        ; 2.32 V                      ; 1.16e-09 V                  ; 2.39 V             ; -0.0798 V          ; 0.13 V                              ; 0.103 V                             ; 2.71e-10 s                 ; 2.5e-10 s                  ; Yes                       ; Yes                       ;
; ~ALTERA_nCEO~ ; 2.5 V        ; 0 s                 ; 0 s                 ; 2.32 V                       ; 1.64e-09 V                   ; 2.39 V              ; -0.00331 V          ; 0.132 V                              ; 0.006 V                              ; 4.59e-10 s                  ; 5.62e-10 s                  ; No                         ; Yes                        ; 2.32 V                      ; 1.64e-09 V                  ; 2.39 V             ; -0.00331 V         ; 0.132 V                             ; 0.006 V                             ; 4.59e-10 s                 ; 5.62e-10 s                 ; No                        ; Yes                       ;
+---------------+--------------+---------------------+---------------------+------------------------------+------------------------------+---------------------+---------------------+--------------------------------------+--------------------------------------+-----------------------------+-----------------------------+----------------------------+----------------------------+-----------------------------+-----------------------------+--------------------+--------------------+-------------------------------------+-------------------------------------+----------------------------+----------------------------+---------------------------+---------------------------+


+--------------------------------------------------------------------------------------------------------------------------------------------------------------------------------------------------------------------------------------------------------------------------------------------------------------------------------------------------------------------------------------------------------------------------------------------------------------------------------------------------------------------------------------------------------------------------------------------------------------------------------------------------------------------------------------------+
; Signal Integrity Metrics (Slow 1200mv 125c Model)                                                                                                                                                                                                                                                                                                                                                                                                                                                                                                                                                                                                                                          ;
+---------------+--------------+---------------------+---------------------+------------------------------+------------------------------+---------------------+---------------------+--------------------------------------+--------------------------------------+-----------------------------+-----------------------------+----------------------------+----------------------------+-----------------------------+-----------------------------+--------------------+--------------------+-------------------------------------+-------------------------------------+----------------------------+----------------------------+---------------------------+---------------------------+
; Pin           ; I/O Standard ; Board Delay on Rise ; Board Delay on Fall ; Steady State Voh at FPGA Pin ; Steady State Vol at FPGA Pin ; Voh Max at FPGA Pin ; Vol Min at FPGA Pin ; Ringback Voltage on Rise at FPGA Pin ; Ringback Voltage on Fall at FPGA Pin ; 10-90 Rise Time at FPGA Pin ; 90-10 Fall Time at FPGA Pin ; Monotonic Rise at FPGA Pin ; Monotonic Fall at FPGA Pin ; Steady State Voh at Far-end ; Steady State Vol at Far-end ; Voh Max at Far-end ; Vol Min at Far-end ; Ringback Voltage on Rise at Far-end ; Ringback Voltage on Fall at Far-end ; 10-90 Rise Time at Far-end ; 90-10 Fall Time at Far-end ; Monotonic Rise at Far-end ; Monotonic Fall at Far-end ;
+---------------+--------------+---------------------+---------------------+------------------------------+------------------------------+---------------------+---------------------+--------------------------------------+--------------------------------------+-----------------------------+-----------------------------+----------------------------+----------------------------+-----------------------------+-----------------------------+--------------------+--------------------+-------------------------------------+-------------------------------------+----------------------------+----------------------------+---------------------------+---------------------------+
; F_FULL_N      ; 2.5 V        ; 0 s                 ; 0 s                 ; 2.32 V                       ; 4.32e-06 V                   ; 2.35 V              ; -0.0124 V           ; 0.057 V                              ; 0.05 V                               ; 4.87e-10 s                  ; 5.02e-10 s                  ; Yes                        ; Yes                        ; 2.32 V                      ; 4.32e-06 V                  ; 2.35 V             ; -0.0124 V          ; 0.057 V                             ; 0.05 V                              ; 4.87e-10 s                 ; 5.02e-10 s                 ; Yes                       ; Yes                       ;
; F_EMPTY_N     ; 2.5 V        ; 0 s                 ; 0 s                 ; 2.32 V                       ; 2.91e-06 V                   ; 2.34 V              ; -0.0096 V           ; 0.063 V                              ; 0.023 V                              ; 6.92e-10 s                  ; 6.75e-10 s                  ; Yes                        ; Yes                        ; 2.32 V                      ; 2.91e-06 V                  ; 2.34 V             ; -0.0096 V          ; 0.063 V                             ; 0.023 V                             ; 6.92e-10 s                 ; 6.75e-10 s                 ; Yes                       ; Yes                       ;
; DATA_OUT[0]   ; 2.5 V        ; 0 s                 ; 0 s                 ; 2.32 V                       ; 4.32e-06 V                   ; 2.35 V              ; -0.0124 V           ; 0.057 V                              ; 0.05 V                               ; 4.87e-10 s                  ; 5.02e-10 s                  ; Yes                        ; Yes                        ; 2.32 V                      ; 4.32e-06 V                  ; 2.35 V             ; -0.0124 V          ; 0.057 V                             ; 0.05 V                              ; 4.87e-10 s                 ; 5.02e-10 s                 ; Yes                       ; Yes                       ;
; DATA_OUT[1]   ; 2.5 V        ; 0 s                 ; 0 s                 ; 2.32 V                       ; 4.32e-06 V                   ; 2.35 V              ; -0.0124 V           ; 0.057 V                              ; 0.05 V                               ; 4.87e-10 s                  ; 5.02e-10 s                  ; Yes                        ; Yes                        ; 2.32 V                      ; 4.32e-06 V                  ; 2.35 V             ; -0.0124 V          ; 0.057 V                             ; 0.05 V                              ; 4.87e-10 s                 ; 5.02e-10 s                 ; Yes                       ; Yes                       ;
; DATA_OUT[2]   ; 2.5 V        ; 0 s                 ; 0 s                 ; 2.32 V                       ; 4.32e-06 V                   ; 2.35 V              ; -0.0124 V           ; 0.057 V                              ; 0.05 V                               ; 4.87e-10 s                  ; 5.02e-10 s                  ; Yes                        ; Yes                        ; 2.32 V                      ; 4.32e-06 V                  ; 2.35 V             ; -0.0124 V          ; 0.057 V                             ; 0.05 V                              ; 4.87e-10 s                 ; 5.02e-10 s                 ; Yes                       ; Yes                       ;
; DATA_OUT[3]   ; 2.5 V        ; 0 s                 ; 0 s                 ; 2.32 V                       ; 4.32e-06 V                   ; 2.35 V              ; -0.0124 V           ; 0.057 V                              ; 0.05 V                               ; 4.87e-10 s                  ; 5.02e-10 s                  ; Yes                        ; Yes                        ; 2.32 V                      ; 4.32e-06 V                  ; 2.35 V             ; -0.0124 V          ; 0.057 V                             ; 0.05 V                              ; 4.87e-10 s                 ; 5.02e-10 s                 ; Yes                       ; Yes                       ;
; DATA_OUT[4]   ; 2.5 V        ; 0 s                 ; 0 s                 ; 2.32 V                       ; 2.91e-06 V                   ; 2.34 V              ; -0.0096 V           ; 0.063 V                              ; 0.023 V                              ; 6.92e-10 s                  ; 6.75e-10 s                  ; Yes                        ; Yes                        ; 2.32 V                      ; 2.91e-06 V                  ; 2.34 V             ; -0.0096 V          ; 0.063 V                             ; 0.023 V                             ; 6.92e-10 s                 ; 6.75e-10 s                 ; Yes                       ; Yes                       ;
; DATA_OUT[5]   ; 2.5 V        ; 0 s                 ; 0 s                 ; 2.32 V                       ; 4.32e-06 V                   ; 2.35 V              ; -0.0124 V           ; 0.057 V                              ; 0.05 V                               ; 4.87e-10 s                  ; 5.02e-10 s                  ; Yes                        ; Yes                        ; 2.32 V                      ; 4.32e-06 V                  ; 2.35 V             ; -0.0124 V          ; 0.057 V                             ; 0.05 V                              ; 4.87e-10 s                 ; 5.02e-10 s                 ; Yes                       ; Yes                       ;
; DATA_OUT[6]   ; 2.5 V        ; 0 s                 ; 0 s                 ; 2.32 V                       ; 4.32e-06 V                   ; 2.35 V              ; -0.0124 V           ; 0.057 V                              ; 0.05 V                               ; 4.87e-10 s                  ; 5.02e-10 s                  ; Yes                        ; Yes                        ; 2.32 V                      ; 4.32e-06 V                  ; 2.35 V             ; -0.0124 V          ; 0.057 V                             ; 0.05 V                              ; 4.87e-10 s                 ; 5.02e-10 s                 ; Yes                       ; Yes                       ;
; DATA_OUT[7]   ; 2.5 V        ; 0 s                 ; 0 s                 ; 2.32 V                       ; 4.32e-06 V                   ; 2.35 V              ; -0.0124 V           ; 0.057 V                              ; 0.05 V                               ; 4.87e-10 s                  ; 5.02e-10 s                  ; Yes                        ; Yes                        ; 2.32 V                      ; 4.32e-06 V                  ; 2.35 V             ; -0.0124 V          ; 0.057 V                             ; 0.05 V                              ; 4.87e-10 s                 ; 5.02e-10 s                 ; Yes                       ; Yes                       ;
; USE_DW[0]     ; 2.5 V        ; 0 s                 ; 0 s                 ; 2.32 V                       ; 2.91e-06 V                   ; 2.33 V              ; -0.00204 V          ; 0.091 V                              ; 0.053 V                              ; 3.77e-09 s                  ; 3.59e-09 s                  ; Yes                        ; Yes                        ; 2.32 V                      ; 2.91e-06 V                  ; 2.33 V             ; -0.00204 V         ; 0.091 V                             ; 0.053 V                             ; 3.77e-09 s                 ; 3.59e-09 s                 ; Yes                       ; Yes                       ;
; USE_DW[1]     ; 2.5 V        ; 0 s                 ; 0 s                 ; 2.32 V                       ; 2.91e-06 V                   ; 2.35 V              ; -0.00923 V          ; 0.127 V                              ; 0.041 V                              ; 4.74e-10 s                  ; 4.81e-10 s                  ; Yes                        ; Yes                        ; 2.32 V                      ; 2.91e-06 V                  ; 2.35 V             ; -0.00923 V         ; 0.127 V                             ; 0.041 V                             ; 4.74e-10 s                 ; 4.81e-10 s                 ; Yes                       ; Yes                       ;
; USE_DW[2]     ; 2.5 V        ; 0 s                 ; 0 s                 ; 2.32 V                       ; 2.91e-06 V                   ; 2.34 V              ; -0.0096 V           ; 0.063 V                              ; 0.023 V                              ; 6.92e-10 s                  ; 6.75e-10 s                  ; Yes                        ; Yes                        ; 2.32 V                      ; 2.91e-06 V                  ; 2.34 V             ; -0.0096 V          ; 0.063 V                             ; 0.023 V                             ; 6.92e-10 s                 ; 6.75e-10 s                 ; Yes                       ; Yes                       ;
; USE_DW[3]     ; 2.5 V        ; 0 s                 ; 0 s                 ; 2.32 V                       ; 4.32e-06 V                   ; 2.35 V              ; -0.0124 V           ; 0.057 V                              ; 0.05 V                               ; 4.87e-10 s                  ; 5.02e-10 s                  ; Yes                        ; Yes                        ; 2.32 V                      ; 4.32e-06 V                  ; 2.35 V             ; -0.0124 V          ; 0.057 V                             ; 0.05 V                              ; 4.87e-10 s                 ; 5.02e-10 s                 ; Yes                       ; Yes                       ;
; USE_DW[4]     ; 2.5 V        ; 0 s                 ; 0 s                 ; 2.32 V                       ; 4.32e-06 V                   ; 2.35 V              ; -0.0124 V           ; 0.057 V                              ; 0.05 V                               ; 4.87e-10 s                  ; 5.02e-10 s                  ; Yes                        ; Yes                        ; 2.32 V                      ; 4.32e-06 V                  ; 2.35 V             ; -0.0124 V          ; 0.057 V                             ; 0.05 V                              ; 4.87e-10 s                 ; 5.02e-10 s                 ; Yes                       ; Yes                       ;
; ~ALTERA_DCLK~ ; 2.5 V        ; 0 s                 ; 0 s                 ; 2.32 V                       ; 2.33e-06 V                   ; 2.35 V              ; -0.00598 V          ; 0.095 V                              ; 0.012 V                              ; 4.54e-10 s                  ; 3.98e-10 s                  ; Yes                        ; Yes                        ; 2.32 V                      ; 2.33e-06 V                  ; 2.35 V             ; -0.00598 V         ; 0.095 V                             ; 0.012 V                             ; 4.54e-10 s                 ; 3.98e-10 s                 ; Yes                       ; Yes                       ;
; ~ALTERA_nCEO~ ; 2.5 V        ; 0 s                 ; 0 s                 ; 2.32 V                       ; 3.86e-06 V                   ; 2.34 V              ; -0.00776 V          ; 0.107 V                              ; 0.033 V                              ; 6.63e-10 s                  ; 8.55e-10 s                  ; Yes                        ; Yes                        ; 2.32 V                      ; 3.86e-06 V                  ; 2.34 V             ; -0.00776 V         ; 0.107 V                             ; 0.033 V                             ; 6.63e-10 s                 ; 8.55e-10 s                 ; Yes                       ; Yes                       ;
+---------------+--------------+---------------------+---------------------+------------------------------+------------------------------+---------------------+---------------------+--------------------------------------+--------------------------------------+-----------------------------+-----------------------------+----------------------------+----------------------------+-----------------------------+-----------------------------+--------------------+--------------------+-------------------------------------+-------------------------------------+----------------------------+----------------------------+---------------------------+---------------------------+


+--------------------------------------------------------------------------------------------------------------------------------------------------------------------------------------------------------------------------------------------------------------------------------------------------------------------------------------------------------------------------------------------------------------------------------------------------------------------------------------------------------------------------------------------------------------------------------------------------------------------------------------------------------------------------------------------+
; Signal Integrity Metrics (Fast 1200mv n40c Model)                                                                                                                                                                                                                                                                                                                                                                                                                                                                                                                                                                                                                                          ;
+---------------+--------------+---------------------+---------------------+------------------------------+------------------------------+---------------------+---------------------+--------------------------------------+--------------------------------------+-----------------------------+-----------------------------+----------------------------+----------------------------+-----------------------------+-----------------------------+--------------------+--------------------+-------------------------------------+-------------------------------------+----------------------------+----------------------------+---------------------------+---------------------------+
; Pin           ; I/O Standard ; Board Delay on Rise ; Board Delay on Fall ; Steady State Voh at FPGA Pin ; Steady State Vol at FPGA Pin ; Voh Max at FPGA Pin ; Vol Min at FPGA Pin ; Ringback Voltage on Rise at FPGA Pin ; Ringback Voltage on Fall at FPGA Pin ; 10-90 Rise Time at FPGA Pin ; 90-10 Fall Time at FPGA Pin ; Monotonic Rise at FPGA Pin ; Monotonic Fall at FPGA Pin ; Steady State Voh at Far-end ; Steady State Vol at Far-end ; Voh Max at Far-end ; Vol Min at Far-end ; Ringback Voltage on Rise at Far-end ; Ringback Voltage on Fall at Far-end ; 10-90 Rise Time at Far-end ; 90-10 Fall Time at Far-end ; Monotonic Rise at Far-end ; Monotonic Fall at Far-end ;
+---------------+--------------+---------------------+---------------------+------------------------------+------------------------------+---------------------+---------------------+--------------------------------------+--------------------------------------+-----------------------------+-----------------------------+----------------------------+----------------------------+-----------------------------+-----------------------------+--------------------+--------------------+-------------------------------------+-------------------------------------+----------------------------+----------------------------+---------------------------+---------------------------+
; F_FULL_N      ; 2.5 V        ; 0 s                 ; 0 s                 ; 2.62 V                       ; 3.18e-09 V                   ; 2.74 V              ; -0.0527 V           ; 0.162 V                              ; 0.083 V                              ; 2.61e-10 s                  ; 2.44e-10 s                  ; Yes                        ; Yes                        ; 2.62 V                      ; 3.18e-09 V                  ; 2.74 V             ; -0.0527 V          ; 0.162 V                             ; 0.083 V                             ; 2.61e-10 s                 ; 2.44e-10 s                 ; Yes                       ; Yes                       ;
; F_EMPTY_N     ; 2.5 V        ; 0 s                 ; 0 s                 ; 2.62 V                       ; 2.24e-09 V                   ; 2.74 V              ; -0.0529 V           ; 0.285 V                              ; 0.071 V                              ; 2.99e-10 s                  ; 3.3e-10 s                   ; No                         ; Yes                        ; 2.62 V                      ; 2.24e-09 V                  ; 2.74 V             ; -0.0529 V          ; 0.285 V                             ; 0.071 V                             ; 2.99e-10 s                 ; 3.3e-10 s                  ; No                        ; Yes                       ;
; DATA_OUT[0]   ; 2.5 V        ; 0 s                 ; 0 s                 ; 2.62 V                       ; 3.18e-09 V                   ; 2.74 V              ; -0.0527 V           ; 0.162 V                              ; 0.083 V                              ; 2.61e-10 s                  ; 2.44e-10 s                  ; Yes                        ; Yes                        ; 2.62 V                      ; 3.18e-09 V                  ; 2.74 V             ; -0.0527 V          ; 0.162 V                             ; 0.083 V                             ; 2.61e-10 s                 ; 2.44e-10 s                 ; Yes                       ; Yes                       ;
; DATA_OUT[1]   ; 2.5 V        ; 0 s                 ; 0 s                 ; 2.62 V                       ; 3.18e-09 V                   ; 2.74 V              ; -0.0527 V           ; 0.162 V                              ; 0.083 V                              ; 2.61e-10 s                  ; 2.44e-10 s                  ; Yes                        ; Yes                        ; 2.62 V                      ; 3.18e-09 V                  ; 2.74 V             ; -0.0527 V          ; 0.162 V                             ; 0.083 V                             ; 2.61e-10 s                 ; 2.44e-10 s                 ; Yes                       ; Yes                       ;
; DATA_OUT[2]   ; 2.5 V        ; 0 s                 ; 0 s                 ; 2.62 V                       ; 3.18e-09 V                   ; 2.74 V              ; -0.0527 V           ; 0.162 V                              ; 0.083 V                              ; 2.61e-10 s                  ; 2.44e-10 s                  ; Yes                        ; Yes                        ; 2.62 V                      ; 3.18e-09 V                  ; 2.74 V             ; -0.0527 V          ; 0.162 V                             ; 0.083 V                             ; 2.61e-10 s                 ; 2.44e-10 s                 ; Yes                       ; Yes                       ;
; DATA_OUT[3]   ; 2.5 V        ; 0 s                 ; 0 s                 ; 2.62 V                       ; 3.18e-09 V                   ; 2.74 V              ; -0.0527 V           ; 0.162 V                              ; 0.083 V                              ; 2.61e-10 s                  ; 2.44e-10 s                  ; Yes                        ; Yes                        ; 2.62 V                      ; 3.18e-09 V                  ; 2.74 V             ; -0.0527 V          ; 0.162 V                             ; 0.083 V                             ; 2.61e-10 s                 ; 2.44e-10 s                 ; Yes                       ; Yes                       ;
; DATA_OUT[4]   ; 2.5 V        ; 0 s                 ; 0 s                 ; 2.62 V                       ; 2.24e-09 V                   ; 2.74 V              ; -0.0529 V           ; 0.285 V                              ; 0.071 V                              ; 2.99e-10 s                  ; 3.3e-10 s                   ; No                         ; Yes                        ; 2.62 V                      ; 2.24e-09 V                  ; 2.74 V             ; -0.0529 V          ; 0.285 V                             ; 0.071 V                             ; 2.99e-10 s                 ; 3.3e-10 s                  ; No                        ; Yes                       ;
; DATA_OUT[5]   ; 2.5 V        ; 0 s                 ; 0 s                 ; 2.62 V                       ; 3.18e-09 V                   ; 2.74 V              ; -0.0527 V           ; 0.162 V                              ; 0.083 V                              ; 2.61e-10 s                  ; 2.44e-10 s                  ; Yes                        ; Yes                        ; 2.62 V                      ; 3.18e-09 V                  ; 2.74 V             ; -0.0527 V          ; 0.162 V                             ; 0.083 V                             ; 2.61e-10 s                 ; 2.44e-10 s                 ; Yes                       ; Yes                       ;
; DATA_OUT[6]   ; 2.5 V        ; 0 s                 ; 0 s                 ; 2.62 V                       ; 3.18e-09 V                   ; 2.74 V              ; -0.0527 V           ; 0.162 V                              ; 0.083 V                              ; 2.61e-10 s                  ; 2.44e-10 s                  ; Yes                        ; Yes                        ; 2.62 V                      ; 3.18e-09 V                  ; 2.74 V             ; -0.0527 V          ; 0.162 V                             ; 0.083 V                             ; 2.61e-10 s                 ; 2.44e-10 s                 ; Yes                       ; Yes                       ;
; DATA_OUT[7]   ; 2.5 V        ; 0 s                 ; 0 s                 ; 2.62 V                       ; 3.18e-09 V                   ; 2.74 V              ; -0.0527 V           ; 0.162 V                              ; 0.083 V                              ; 2.61e-10 s                  ; 2.44e-10 s                  ; Yes                        ; Yes                        ; 2.62 V                      ; 3.18e-09 V                  ; 2.74 V             ; -0.0527 V          ; 0.162 V                             ; 0.083 V                             ; 2.61e-10 s                 ; 2.44e-10 s                 ; Yes                       ; Yes                       ;
; USE_DW[0]     ; 2.5 V        ; 0 s                 ; 0 s                 ; 2.62 V                       ; 2.24e-09 V                   ; 2.65 V              ; -0.0149 V           ; 0.207 V                              ; 0.176 V                              ; 2.15e-09 s                  ; 2.03e-09 s                  ; No                         ; Yes                        ; 2.62 V                      ; 2.24e-09 V                  ; 2.65 V             ; -0.0149 V          ; 0.207 V                             ; 0.176 V                             ; 2.15e-09 s                 ; 2.03e-09 s                 ; No                        ; Yes                       ;
; USE_DW[1]     ; 2.5 V        ; 0 s                 ; 0 s                 ; 2.62 V                       ; 2.24e-09 V                   ; 2.76 V              ; -0.0537 V           ; 0.17 V                               ; 0.079 V                              ; 2.61e-10 s                  ; 2.39e-10 s                  ; No                         ; Yes                        ; 2.62 V                      ; 2.24e-09 V                  ; 2.76 V             ; -0.0537 V          ; 0.17 V                              ; 0.079 V                             ; 2.61e-10 s                 ; 2.39e-10 s                 ; No                        ; Yes                       ;
; USE_DW[2]     ; 2.5 V        ; 0 s                 ; 0 s                 ; 2.62 V                       ; 2.24e-09 V                   ; 2.74 V              ; -0.0529 V           ; 0.285 V                              ; 0.071 V                              ; 2.99e-10 s                  ; 3.3e-10 s                   ; No                         ; Yes                        ; 2.62 V                      ; 2.24e-09 V                  ; 2.74 V             ; -0.0529 V          ; 0.285 V                             ; 0.071 V                             ; 2.99e-10 s                 ; 3.3e-10 s                  ; No                        ; Yes                       ;
; USE_DW[3]     ; 2.5 V        ; 0 s                 ; 0 s                 ; 2.62 V                       ; 3.18e-09 V                   ; 2.74 V              ; -0.0527 V           ; 0.162 V                              ; 0.083 V                              ; 2.61e-10 s                  ; 2.44e-10 s                  ; Yes                        ; Yes                        ; 2.62 V                      ; 3.18e-09 V                  ; 2.74 V             ; -0.0527 V          ; 0.162 V                             ; 0.083 V                             ; 2.61e-10 s                 ; 2.44e-10 s                 ; Yes                       ; Yes                       ;
; USE_DW[4]     ; 2.5 V        ; 0 s                 ; 0 s                 ; 2.62 V                       ; 3.18e-09 V                   ; 2.74 V              ; -0.0527 V           ; 0.162 V                              ; 0.083 V                              ; 2.61e-10 s                  ; 2.44e-10 s                  ; Yes                        ; Yes                        ; 2.62 V                      ; 3.18e-09 V                  ; 2.74 V             ; -0.0527 V          ; 0.162 V                             ; 0.083 V                             ; 2.61e-10 s                 ; 2.44e-10 s                 ; Yes                       ; Yes                       ;
; ~ALTERA_DCLK~ ; 2.5 V        ; 0 s                 ; 0 s                 ; 2.62 V                       ; 1.87e-09 V                   ; 2.79 V              ; -0.0524 V           ; 0.19 V                               ; 0.066 V                              ; 2.63e-10 s                  ; 1.96e-10 s                  ; No                         ; Yes                        ; 2.62 V                      ; 1.87e-09 V                  ; 2.79 V             ; -0.0524 V          ; 0.19 V                              ; 0.066 V                             ; 2.63e-10 s                 ; 1.96e-10 s                 ; No                        ; Yes                       ;
; ~ALTERA_nCEO~ ; 2.5 V        ; 0 s                 ; 0 s                 ; 2.62 V                       ; 2.91e-09 V                   ; 2.73 V              ; -0.0159 V           ; 0.231 V                              ; 0.026 V                              ; 2.89e-10 s                  ; 4.54e-10 s                  ; Yes                        ; Yes                        ; 2.62 V                      ; 2.91e-09 V                  ; 2.73 V             ; -0.0159 V          ; 0.231 V                             ; 0.026 V                             ; 2.89e-10 s                 ; 4.54e-10 s                 ; Yes                       ; Yes                       ;
+---------------+--------------+---------------------+---------------------+------------------------------+------------------------------+---------------------+---------------------+--------------------------------------+--------------------------------------+-----------------------------+-----------------------------+----------------------------+----------------------------+-----------------------------+-----------------------------+--------------------+--------------------+-------------------------------------+-------------------------------------+----------------------------+----------------------------+---------------------------+---------------------------+


+-------------------------------------------------------------------+
; Setup Transfers                                                   ;
+------------+----------+----------+----------+----------+----------+
; From Clock ; To Clock ; RR Paths ; FR Paths ; RF Paths ; FF Paths ;
+------------+----------+----------+----------+----------+----------+
; Clk        ; Clk      ; 6986     ; 0        ; 0        ; 0        ;
+------------+----------+----------+----------+----------+----------+
Entries labeled "false path" only account for clock-to-clock false paths and not path-based false paths. As a result, actual path counts may be lower than reported.


+-------------------------------------------------------------------+
; Hold Transfers                                                    ;
+------------+----------+----------+----------+----------+----------+
; From Clock ; To Clock ; RR Paths ; FR Paths ; RF Paths ; FF Paths ;
+------------+----------+----------+----------+----------+----------+
; Clk        ; Clk      ; 6986     ; 0        ; 0        ; 0        ;
+------------+----------+----------+----------+----------+----------+
Entries labeled "false path" only account for clock-to-clock false paths and not path-based false paths. As a result, actual path counts may be lower than reported.


---------------
; Report TCCS ;
---------------
No dedicated SERDES Transmitter circuitry present in device or used in design


---------------
; Report RSKM ;
---------------
No non-DPA dedicated SERDES Receiver circuitry present in device or used in design


+------------------------------------------------+
; Unconstrained Paths Summary                    ;
+---------------------------------+-------+------+
; Property                        ; Setup ; Hold ;
+---------------------------------+-------+------+
; Illegal Clocks                  ; 0     ; 0    ;
; Unconstrained Clocks            ; 0     ; 0    ;
; Unconstrained Input Ports       ; 12    ; 12   ;
; Unconstrained Input Port Paths  ; 1304  ; 1304 ;
; Unconstrained Output Ports      ; 15    ; 15   ;
; Unconstrained Output Port Paths ; 16    ; 16   ;
+---------------------------------+-------+------+


+-------------------------------------+
; Clock Status Summary                ;
+--------+-------+------+-------------+
; Target ; Clock ; Type ; Status      ;
+--------+-------+------+-------------+
; Clk    ; Clk   ; Base ; Constrained ;
+--------+-------+------+-------------+


+---------------------------------------------------------------------------------------------------+
; Unconstrained Input Ports                                                                         ;
+------------+--------------------------------------------------------------------------------------+
; Input Port ; Comment                                                                              ;
+------------+--------------------------------------------------------------------------------------+
; Clear_n    ; No input delay, min/max delays, false-path exceptions, or max skew assignments found ;
; DATA_IN[0] ; No input delay, min/max delays, false-path exceptions, or max skew assignments found ;
; DATA_IN[1] ; No input delay, min/max delays, false-path exceptions, or max skew assignments found ;
; DATA_IN[2] ; No input delay, min/max delays, false-path exceptions, or max skew assignments found ;
; DATA_IN[3] ; No input delay, min/max delays, false-path exceptions, or max skew assignments found ;
; DATA_IN[4] ; No input delay, min/max delays, false-path exceptions, or max skew assignments found ;
; DATA_IN[5] ; No input delay, min/max delays, false-path exceptions, or max skew assignments found ;
; DATA_IN[6] ; No input delay, min/max delays, false-path exceptions, or max skew assignments found ;
; DATA_IN[7] ; No input delay, min/max delays, false-path exceptions, or max skew assignments found ;
; RSTn       ; No input delay, min/max delays, false-path exceptions, or max skew assignments found ;
; Read       ; No input delay, min/max delays, false-path exceptions, or max skew assignments found ;
; Write      ; No input delay, min/max delays, false-path exceptions, or max skew assignments found ;
+------------+--------------------------------------------------------------------------------------+


+-----------------------------------------------------------------------------------------------------+
; Unconstrained Output Ports                                                                          ;
+-------------+---------------------------------------------------------------------------------------+
; Output Port ; Comment                                                                               ;
+-------------+---------------------------------------------------------------------------------------+
; DATA_OUT[0] ; No output delay, min/max delays, false-path exceptions, or max skew assignments found ;
; DATA_OUT[1] ; No output delay, min/max delays, false-path exceptions, or max skew assignments found ;
; DATA_OUT[2] ; No output delay, min/max delays, false-path exceptions, or max skew assignments found ;
; DATA_OUT[3] ; No output delay, min/max delays, false-path exceptions, or max skew assignments found ;
; DATA_OUT[4] ; No output delay, min/max delays, false-path exceptions, or max skew assignments found ;
; DATA_OUT[5] ; No output delay, min/max delays, false-path exceptions, or max skew assignments found ;
; DATA_OUT[6] ; No output delay, min/max delays, false-path exceptions, or max skew assignments found ;
; DATA_OUT[7] ; No output delay, min/max delays, false-path exceptions, or max skew assignments found ;
; F_EMPTY_N   ; No output delay, min/max delays, false-path exceptions, or max skew assignments found ;
; F_FULL_N    ; No output delay, min/max delays, false-path exceptions, or max skew assignments found ;
; USE_DW[0]   ; No output delay, min/max delays, false-path exceptions, or max skew assignments found ;
; USE_DW[1]   ; No output delay, min/max delays, false-path exceptions, or max skew assignments found ;
; USE_DW[2]   ; No output delay, min/max delays, false-path exceptions, or max skew assignments found ;
; USE_DW[3]   ; No output delay, min/max delays, false-path exceptions, or max skew assignments found ;
; USE_DW[4]   ; No output delay, min/max delays, false-path exceptions, or max skew assignments found ;
+-------------+---------------------------------------------------------------------------------------+


+---------------------------------------------------------------------------------------------------+
; Unconstrained Input Ports                                                                         ;
+------------+--------------------------------------------------------------------------------------+
; Input Port ; Comment                                                                              ;
+------------+--------------------------------------------------------------------------------------+
; Clear_n    ; No input delay, min/max delays, false-path exceptions, or max skew assignments found ;
; DATA_IN[0] ; No input delay, min/max delays, false-path exceptions, or max skew assignments found ;
; DATA_IN[1] ; No input delay, min/max delays, false-path exceptions, or max skew assignments found ;
; DATA_IN[2] ; No input delay, min/max delays, false-path exceptions, or max skew assignments found ;
; DATA_IN[3] ; No input delay, min/max delays, false-path exceptions, or max skew assignments found ;
; DATA_IN[4] ; No input delay, min/max delays, false-path exceptions, or max skew assignments found ;
; DATA_IN[5] ; No input delay, min/max delays, false-path exceptions, or max skew assignments found ;
; DATA_IN[6] ; No input delay, min/max delays, false-path exceptions, or max skew assignments found ;
; DATA_IN[7] ; No input delay, min/max delays, false-path exceptions, or max skew assignments found ;
; RSTn       ; No input delay, min/max delays, false-path exceptions, or max skew assignments found ;
; Read       ; No input delay, min/max delays, false-path exceptions, or max skew assignments found ;
; Write      ; No input delay, min/max delays, false-path exceptions, or max skew assignments found ;
+------------+--------------------------------------------------------------------------------------+


+-----------------------------------------------------------------------------------------------------+
; Unconstrained Output Ports                                                                          ;
+-------------+---------------------------------------------------------------------------------------+
; Output Port ; Comment                                                                               ;
+-------------+---------------------------------------------------------------------------------------+
; DATA_OUT[0] ; No output delay, min/max delays, false-path exceptions, or max skew assignments found ;
; DATA_OUT[1] ; No output delay, min/max delays, false-path exceptions, or max skew assignments found ;
; DATA_OUT[2] ; No output delay, min/max delays, false-path exceptions, or max skew assignments found ;
; DATA_OUT[3] ; No output delay, min/max delays, false-path exceptions, or max skew assignments found ;
; DATA_OUT[4] ; No output delay, min/max delays, false-path exceptions, or max skew assignments found ;
; DATA_OUT[5] ; No output delay, min/max delays, false-path exceptions, or max skew assignments found ;
; DATA_OUT[6] ; No output delay, min/max delays, false-path exceptions, or max skew assignments found ;
; DATA_OUT[7] ; No output delay, min/max delays, false-path exceptions, or max skew assignments found ;
; F_EMPTY_N   ; No output delay, min/max delays, false-path exceptions, or max skew assignments found ;
; F_FULL_N    ; No output delay, min/max delays, false-path exceptions, or max skew assignments found ;
; USE_DW[0]   ; No output delay, min/max delays, false-path exceptions, or max skew assignments found ;
; USE_DW[1]   ; No output delay, min/max delays, false-path exceptions, or max skew assignments found ;
; USE_DW[2]   ; No output delay, min/max delays, false-path exceptions, or max skew assignments found ;
; USE_DW[3]   ; No output delay, min/max delays, false-path exceptions, or max skew assignments found ;
; USE_DW[4]   ; No output delay, min/max delays, false-path exceptions, or max skew assignments found ;
+-------------+---------------------------------------------------------------------------------------+


+------------------------------------+
; TimeQuest Timing Analyzer Messages ;
+------------------------------------+
Info: *******************************************************************
Info: Running Quartus Prime TimeQuest Timing Analyzer
    Info: Version 17.1.0 Build 590 10/25/2017 SJ Lite Edition
    Info: Processing started: Mon Oct 07 10:25:39 2024
Info: Command: quartus_sta FIFO -c FIFO
Info: qsta_default_script.tcl version: #3
Warning (18236): Number of processors has not been specified which may cause overloading on shared machines.  Set the global assignment NUM_PARALLEL_PROCESSORS in your QSF to an appropriate value for best performance.
Info (20030): Parallel compilation is enabled and will use 8 of the 8 processors detected
Info (21077): Low junction temperature is -40 degrees C
Info (21077): High junction temperature is 125 degrees C
Critical Warning (332012): Synopsys Design Constraints File file not found: 'FIFO.sdc'. A Synopsys Design Constraints File is required by the TimeQuest Timing Analyzer to get proper timing constraints. Without it, the Compiler will not properly optimize the design.
Info (332142): No user constrained base clocks found in the design. Calling "derive_clocks -period 1.0"
Info (332105): Deriving Clocks
    Info (332105): create_clock -period 1.000 -name Clk Clk
Info (332143): No user constrained clock uncertainty found in the design. Calling "derive_clock_uncertainty"
Info (332123): Deriving Clock Uncertainty. Please refer to report_sdc in TimeQuest to see clock uncertainties.
Info: Found TIMEQUEST_REPORT_SCRIPT_INCLUDE_DEFAULT_ANALYSIS = ON
Info: Analyzing Slow 1200mV 125C Model
Critical Warning (332148): Timing requirements not met
    Info (11105): For recommendations on closing timing, run Report Timing Closure Recommendations in the TimeQuest Timing Analyzer.
Info (332146): Worst-case setup slack is -3.275
    Info (332119):     Slack       End Point TNS Clock 
    Info (332119): ========= =================== =====================
    Info (332119):    -3.275            -776.330 Clk 
Info (332146): Worst-case hold slack is 0.429
    Info (332119):     Slack       End Point TNS Clock 
    Info (332119): ========= =================== =====================
    Info (332119):     0.429               0.000 Clk 
Info (332140): No Recovery paths to report
Info (332140): No Removal paths to report
Info (332146): Worst-case minimum pulse width slack is -3.000
    Info (332119):     Slack       End Point TNS Clock 
    Info (332119): ========= =================== =====================
    Info (332119):    -3.000            -395.568 Clk 
Info: Analyzing Slow 1200mV -40C Model
Info (334003): Started post-fitting delay annotation
Info (334004): Delay annotation completed successfully
Info (332123): Deriving Clock Uncertainty. Please refer to report_sdc in TimeQuest to see clock uncertainties.
Critical Warning (332148): Timing requirements not met
    Info (11105): For recommendations on closing timing, run Report Timing Closure Recommendations in the TimeQuest Timing Analyzer.
Info (332146): Worst-case setup slack is -2.793
    Info (332119):     Slack       End Point TNS Clock 
    Info (332119): ========= =================== =====================
    Info (332119):    -2.793            -651.241 Clk 
Info (332146): Worst-case hold slack is 0.345
    Info (332119):     Slack       End Point TNS Clock 
    Info (332119): ========= =================== =====================
    Info (332119):     0.345               0.000 Clk 
Info (332140): No Recovery paths to report
Info (332140): No Removal paths to report
Info (332146): Worst-case minimum pulse width slack is -3.000
    Info (332119):     Slack       End Point TNS Clock 
    Info (332119): ========= =================== =====================
    Info (332119):    -3.000            -342.240 Clk 
Info: Analyzing Fast 1200mV -40C Model
Info (332123): Deriving Clock Uncertainty. Please refer to report_sdc in TimeQuest to see clock uncertainties.
Critical Warning (332148): Timing requirements not met
    Info (11105): For recommendations on closing timing, run Report Timing Closure Recommendations in the TimeQuest Timing Analyzer.
Info (332146): Worst-case setup slack is -0.939
    Info (332119):     Slack       End Point TNS Clock 
    Info (332119): ========= =================== =====================
    Info (332119):    -0.939            -206.476 Clk 
Info (332146): Worst-case hold slack is 0.180
    Info (332119):     Slack       End Point TNS Clock 
    Info (332119): ========= =================== =====================
    Info (332119):     0.180               0.000 Clk 
Info (332140): No Recovery paths to report
Info (332140): No Removal paths to report
Info (332146): Worst-case minimum pulse width slack is -3.000
    Info (332119):     Slack       End Point TNS Clock 
    Info (332119): ========= =================== =====================
    Info (332119):    -3.000            -283.244 Clk 
Info (332102): Design is not fully constrained for setup requirements
Info (332102): Design is not fully constrained for hold requirements
Info: Quartus Prime TimeQuest Timing Analyzer was successful. 0 errors, 5 warnings
    Info: Peak virtual memory: 4805 megabytes
    Info: Processing ended: Mon Oct 07 10:25:41 2024
    Info: Elapsed time: 00:00:02
    Info: Total CPU time (on all processors): 00:00:02


